[2026-10-02 13:50:28] production.ERROR: SQLSTATE[42S02]: Base table or view not found: 1146 Table 'dentvira_leantime.zp_user' doesn't exist (Connection: mysql, SQL: select count(*) as aggregate from `zp_user`) {"exception":"[object] (Illuminate\\Database\\QueryException(code: 42S02): SQLSTATE[42S02]: Base table or view not found: 1146 Table 'dentvira_leantime.zp_user' doesn't exist (Connection: mysql, SQL: select count(*) as aggregate from `zp_user`) at C:\\laragon\\www\\dentvira\\public\\leantime\\vendor\\laravel\\framework\\src\\Illuminate\\Database\\Connection.php:825)
[stacktrace]
#0 C:\\laragon\\www\\dentvira\\public\\leantime\\vendor\\laravel\\framework\\src\\Illuminate\\Database\\Connection.php(779): Illuminate\\Database\\Connection->runQueryCallback('select count(*)...', Array, Object(Closure))
#1 C:\\laragon\\www\\dentvira\\public\\leantime\\vendor\\laravel\\framework\\src\\Illuminate\\Database\\Connection.php(398): Illuminate\\Database\\Connection->run('select count(*)...', Array, Object(Closure))
#2 C:\\laragon\\www\\dentvira\\public\\leantime\\vendor\\laravel\\framework\\src\\Illuminate\\Database\\Query\\Builder.php(3106): Illuminate\\Database\\Connection->select('select count(*)...', Array, true)
#3 C:\\laragon\\www\\dentvira\\public\\leantime\\vendor\\laravel\\framework\\src\\Illuminate\\Database\\Query\\Builder.php(3091): Illuminate\\Database\\Query\\Builder->runSelect()
#4 C:\\laragon\\www\\dentvira\\public\\leantime\\vendor\\laravel\\framework\\src\\Illuminate\\Database\\Query\\Builder.php(3676): Illuminate\\Database\\Query\\Builder->{closure:Illuminate\\Database\\Query\\Builder::get():3090}()
#5 C:\\laragon\\www\\dentvira\\public\\leantime\\vendor\\laravel\\framework\\src\\Illuminate\\Database\\Query\\Builder.php(3090): Illuminate\\Database\\Query\\Builder->onceWithColumns(Array, Object(Closure))
#6 C:\\laragon\\www\\dentvira\\public\\leantime\\vendor\\laravel\\framework\\src\\Illuminate\\Database\\Query\\Builder.php(3603): Illuminate\\Database\\Query\\Builder->get(Array)
#7 C:\\laragon\\www\\dentvira\\public\\leantime\\vendor\\laravel\\framework\\src\\Illuminate\\Database\\Query\\Builder.php(3531): Illuminate\\Database\\Query\\Builder->aggregate('count', Array)
#8 C:\\laragon\\www\\dentvira\\public\\leantime\\app\\Domain\\Setting\\Repositories\\Setting.php(159): Illuminate\\Database\\Query\\Builder->count()
#9 C:\\laragon\\www\\dentvira\\public\\leantime\\app\\Core\\Middleware\\Installed.php(33): Leantime\\Domain\\Setting\\Repositories\\Setting->checkIfInstalled()
#10 C:\\laragon\\www\\dentvira\\public\\leantime\\vendor\\laravel\\framework\\src\\Illuminate\\Pipeline\\Pipeline.php(209): Leantime\\Core\\Middleware\\Installed->handle(Object(Leantime\\Core\\Http\\IncomingRequest), Object(Closure))
#11 C:\\laragon\\www\\dentvira\\public\\leantime\\app\\Core\\Middleware\\StartSession.php(134): Illuminate\\Pipeline\\Pipeline->{closure:{closure:Illuminate\\Pipeline\\Pipeline::carry():184}:185}(Object(Leantime\\Core\\Http\\IncomingRequest))
#12 C:\\laragon\\www\\dentvira\\public\\leantime\\app\\Core\\Middleware\\StartSession.php(83): Leantime\\Core\\Middleware\\StartSession->handleOptimisticRequest(Object(Leantime\\Core\\Http\\IncomingRequest), Object(Illuminate\\Session\\Store), Object(Closure))
#13 C:\\laragon\\www\\dentvira\\public\\leantime\\vendor\\laravel\\framework\\src\\Illuminate\\Pipeline\\Pipeline.php(209): Leantime\\Core\\Middleware\\StartSession->handle(Object(Leantime\\Core\\Http\\IncomingRequest), Object(Closure))
#14 C:\\laragon\\www\\dentvira\\public\\leantime\\app\\Core\\Middleware\\TrustProxies.php(65): Illuminate\\Pipeline\\Pipeline->{closure:{closure:Illuminate\\Pipeline\\Pipeline::carry():184}:185}(Object(Leantime\\Core\\Http\\IncomingRequest))
#15 C:\\laragon\\www\\dentvira\\public\\leantime\\vendor\\laravel\\framework\\src\\Illuminate\\Pipeline\\Pipeline.php(209): Leantime\\Core\\Middleware\\TrustProxies->handle(Object(Leantime\\Core\\Http\\IncomingRequest), Object(Closure))
#16 C:\\laragon\\www\\dentvira\\public\\leantime\\vendor\\laravel\\framework\\src\\Illuminate\\Pipeline\\Pipeline.php(127): Illuminate\\Pipeline\\Pipeline->{closure:{closure:Illuminate\\Pipeline\\Pipeline::carry():184}:185}(Object(Leantime\\Core\\Http\\IncomingRequest))
#17 C:\\laragon\\www\\dentvira\\public\\leantime\\app\\Core\\Http\\HttpKernel.php(164): Illuminate\\Pipeline\\Pipeline->then(Object(Closure))
#18 C:\\laragon\\www\\dentvira\\public\\leantime\\app\\Core\\Http\\HttpKernel.php(121): Leantime\\Core\\Http\\HttpKernel->sendRequestThroughRouter(Object(Leantime\\Core\\Http\\IncomingRequest))
#19 C:\\laragon\\www\\dentvira\\public\\leantime\\app\\Core\\Bootloader.php(79): Leantime\\Core\\Http\\HttpKernel->handle(Object(Leantime\\Core\\Http\\IncomingRequest))
#20 C:\\laragon\\www\\dentvira\\public\\leantime\\app\\Core\\Bootloader.php(60): Leantime\\Core\\Bootloader->handleRequest(Object(Leantime\\Core\\Http\\IncomingRequest))
#21 C:\\laragon\\www\\dentvira\\public\\leantime\\public\\index.php(20): Leantime\\Core\\Bootloader->boot(Object(Leantime\\Core\\Application))
#22 {main}

[previous exception] [object] (PDOException(code: 42S02): SQLSTATE[42S02]: Base table or view not found: 1146 Table 'dentvira_leantime.zp_user' doesn't exist at C:\\laragon\\www\\dentvira\\public\\leantime\\vendor\\laravel\\framework\\src\\Illuminate\\Database\\Connection.php:412)
[stacktrace]
#0 C:\\laragon\\www\\dentvira\\public\\leantime\\vendor\\laravel\\framework\\src\\Illuminate\\Database\\Connection.php(412): PDOStatement->execute()
#1 C:\\laragon\\www\\dentvira\\public\\leantime\\vendor\\laravel\\framework\\src\\Illuminate\\Database\\Connection.php(812): Illuminate\\Database\\Connection->{closure:Illuminate\\Database\\Connection::select():398}('select count(*)...', Array)
#2 C:\\laragon\\www\\dentvira\\public\\leantime\\vendor\\laravel\\framework\\src\\Illuminate\\Database\\Connection.php(779): Illuminate\\Database\\Connection->runQueryCallback('select count(*)...', Array, Object(Closure))
#3 C:\\laragon\\www\\dentvira\\public\\leantime\\vendor\\laravel\\framework\\src\\Illuminate\\Database\\Connection.php(398): Illuminate\\Database\\Connection->run('select count(*)...', Array, Object(Closure))
#4 C:\\laragon\\www\\dentvira\\public\\leantime\\vendor\\laravel\\framework\\src\\Illuminate\\Database\\Query\\Builder.php(3106): Illuminate\\Database\\Connection->select('select count(*)...', Array, true)
#5 C:\\laragon\\www\\dentvira\\public\\leantime\\vendor\\laravel\\framework\\src\\Illuminate\\Database\\Query\\Builder.php(3091): Illuminate\\Database\\Query\\Builder->runSelect()
#6 C:\\laragon\\www\\dentvira\\public\\leantime\\vendor\\laravel\\framework\\src\\Illuminate\\Database\\Query\\Builder.php(3676): Illuminate\\Database\\Query\\Builder->{closure:Illuminate\\Database\\Query\\Builder::get():3090}()
#7 C:\\laragon\\www\\dentvira\\public\\leantime\\vendor\\laravel\\framework\\src\\Illuminate\\Database\\Query\\Builder.php(3090): Illuminate\\Database\\Query\\Builder->onceWithColumns(Array, Object(Closure))
#8 C:\\laragon\\www\\dentvira\\public\\leantime\\vendor\\laravel\\framework\\src\\Illuminate\\Database\\Query\\Builder.php(3603): Illuminate\\Database\\Query\\Builder->get(Array)
#9 C:\\laragon\\www\\dentvira\\public\\leantime\\vendor\\laravel\\framework\\src\\Illuminate\\Database\\Query\\Builder.php(3531): Illuminate\\Database\\Query\\Builder->aggregate('count', Array)
#10 C:\\laragon\\www\\dentvira\\public\\leantime\\app\\Domain\\Setting\\Repositories\\Setting.php(159): Illuminate\\Database\\Query\\Builder->count()
#11 C:\\laragon\\www\\dentvira\\public\\leantime\\app\\Core\\Middleware\\Installed.php(33): Leantime\\Domain\\Setting\\Repositories\\Setting->checkIfInstalled()
#12 C:\\laragon\\www\\dentvira\\public\\leantime\\vendor\\laravel\\framework\\src\\Illuminate\\Pipeline\\Pipeline.php(209): Leantime\\Core\\Middleware\\Installed->handle(Object(Leantime\\Core\\Http\\IncomingRequest), Object(Closure))
#13 C:\\laragon\\www\\dentvira\\public\\leantime\\app\\Core\\Middleware\\StartSession.php(134): Illuminate\\Pipeline\\Pipeline->{closure:{closure:Illuminate\\Pipeline\\Pipeline::carry():184}:185}(Object(Leantime\\Core\\Http\\IncomingRequest))
#14 C:\\laragon\\www\\dentvira\\public\\leantime\\app\\Core\\Middleware\\StartSession.php(83): Leantime\\Core\\Middleware\\StartSession->handleOptimisticRequest(Object(Leantime\\Core\\Http\\IncomingRequest), Object(Illuminate\\Session\\Store), Object(Closure))
#15 C:\\laragon\\www\\dentvira\\public\\leantime\\vendor\\laravel\\framework\\src\\Illuminate\\Pipeline\\Pipeline.php(209): Leantime\\Core\\Middleware\\StartSession->handle(Object(Leantime\\Core\\Http\\IncomingRequest), Object(Closure))
#16 C:\\laragon\\www\\dentvira\\public\\leantime\\app\\Core\\Middleware\\TrustProxies.php(65): Illuminate\\Pipeline\\Pipeline->{closure:{closure:Illuminate\\Pipeline\\Pipeline::carry():184}:185}(Object(Leantime\\Core\\Http\\IncomingRequest))
#17 C:\\laragon\\www\\dentvira\\public\\leantime\\vendor\\laravel\\framework\\src\\Illuminate\\Pipeline\\Pipeline.php(209): Leantime\\Core\\Middleware\\TrustProxies->handle(Object(Leantime\\Core\\Http\\IncomingRequest), Object(Closure))
#18 C:\\laragon\\www\\dentvira\\public\\leantime\\vendor\\laravel\\framework\\src\\Illuminate\\Pipeline\\Pipeline.php(127): Illuminate\\Pipeline\\Pipeline->{closure:{closure:Illuminate\\Pipeline\\Pipeline::carry():184}:185}(Object(Leantime\\Core\\Http\\IncomingRequest))
#19 C:\\laragon\\www\\dentvira\\public\\leantime\\app\\Core\\Http\\HttpKernel.php(164): Illuminate\\Pipeline\\Pipeline->then(Object(Closure))
#20 C:\\laragon\\www\\dentvira\\public\\leantime\\app\\Core\\Http\\HttpKernel.php(121): Leantime\\Core\\Http\\HttpKernel->sendRequestThroughRouter(Object(Leantime\\Core\\Http\\IncomingRequest))
#21 C:\\laragon\\www\\dentvira\\public\\leantime\\app\\Core\\Bootloader.php(79): Leantime\\Core\\Http\\HttpKernel->handle(Object(Leantime\\Core\\Http\\IncomingRequest))
#22 C:\\laragon\\www\\dentvira\\public\\leantime\\app\\Core\\Bootloader.php(60): Leantime\\Core\\Bootloader->handleRequest(Object(Leantime\\Core\\Http\\IncomingRequest))
#23 C:\\laragon\\www\\dentvira\\public\\leantime\\public\\index.php(20): Leantime\\Core\\Bootloader->boot(Object(Leantime\\Core\\Application))
#24 {main}
"} 
[2026-10-02 13:50:28] production.ERROR: SQLSTATE[42S02]: Base table or view not found: 1146 Table 'dentvira_leantime.zp_user' doesn't exist (Connection: mysql, SQL: select count(*) as aggregate from `zp_user`) {"exception":"[object] (Illuminate\\Database\\QueryException(code: 42S02): SQLSTATE[42S02]: Base table or view not found: 1146 Table 'dentvira_leantime.zp_user' doesn't exist (Connection: mysql, SQL: select count(*) as aggregate from `zp_user`) at C:\\laragon\\www\\dentvira\\public\\leantime\\vendor\\laravel\\framework\\src\\Illuminate\\Database\\Connection.php:825)
[stacktrace]
#0 C:\\laragon\\www\\dentvira\\public\\leantime\\vendor\\laravel\\framework\\src\\Illuminate\\Database\\Connection.php(779): Illuminate\\Database\\Connection->runQueryCallback('select count(*)...', Array, Object(Closure))
#1 C:\\laragon\\www\\dentvira\\public\\leantime\\vendor\\laravel\\framework\\src\\Illuminate\\Database\\Connection.php(398): Illuminate\\Database\\Connection->run('select count(*)...', Array, Object(Closure))
#2 C:\\laragon\\www\\dentvira\\public\\leantime\\vendor\\laravel\\framework\\src\\Illuminate\\Database\\Query\\Builder.php(3106): Illuminate\\Database\\Connection->select('select count(*)...', Array, true)
#3 C:\\laragon\\www\\dentvira\\public\\leantime\\vendor\\laravel\\framework\\src\\Illuminate\\Database\\Query\\Builder.php(3091): Illuminate\\Database\\Query\\Builder->runSelect()
#4 C:\\laragon\\www\\dentvira\\public\\leantime\\vendor\\laravel\\framework\\src\\Illuminate\\Database\\Query\\Builder.php(3676): Illuminate\\Database\\Query\\Builder->{closure:Illuminate\\Database\\Query\\Builder::get():3090}()
#5 C:\\laragon\\www\\dentvira\\public\\leantime\\vendor\\laravel\\framework\\src\\Illuminate\\Database\\Query\\Builder.php(3090): Illuminate\\Database\\Query\\Builder->onceWithColumns(Array, Object(Closure))
#6 C:\\laragon\\www\\dentvira\\public\\leantime\\vendor\\laravel\\framework\\src\\Illuminate\\Database\\Query\\Builder.php(3603): Illuminate\\Database\\Query\\Builder->get(Array)
#7 C:\\laragon\\www\\dentvira\\public\\leantime\\vendor\\laravel\\framework\\src\\Illuminate\\Database\\Query\\Builder.php(3531): Illuminate\\Database\\Query\\Builder->aggregate('count', Array)
#8 C:\\laragon\\www\\dentvira\\public\\leantime\\app\\Domain\\Setting\\Repositories\\Setting.php(159): Illuminate\\Database\\Query\\Builder->count()
#9 C:\\laragon\\www\\dentvira\\public\\leantime\\app\\Core\\Middleware\\Installed.php(33): Leantime\\Domain\\Setting\\Repositories\\Setting->checkIfInstalled()
#10 C:\\laragon\\www\\dentvira\\public\\leantime\\vendor\\laravel\\framework\\src\\Illuminate\\Pipeline\\Pipeline.php(209): Leantime\\Core\\Middleware\\Installed->handle(Object(Leantime\\Core\\Http\\IncomingRequest), Object(Closure))
#11 C:\\laragon\\www\\dentvira\\public\\leantime\\app\\Core\\Middleware\\StartSession.php(134): Illuminate\\Pipeline\\Pipeline->{closure:{closure:Illuminate\\Pipeline\\Pipeline::carry():184}:185}(Object(Leantime\\Core\\Http\\IncomingRequest))
#12 C:\\laragon\\www\\dentvira\\public\\leantime\\app\\Core\\Middleware\\StartSession.php(83): Leantime\\Core\\Middleware\\StartSession->handleOptimisticRequest(Object(Leantime\\Core\\Http\\IncomingRequest), Object(Illuminate\\Session\\Store), Object(Closure))
#13 C:\\laragon\\www\\dentvira\\public\\leantime\\vendor\\laravel\\framework\\src\\Illuminate\\Pipeline\\Pipeline.php(209): Leantime\\Core\\Middleware\\StartSession->handle(Object(Leantime\\Core\\Http\\IncomingRequest), Object(Closure))
#14 C:\\laragon\\www\\dentvira\\public\\leantime\\app\\Core\\Middleware\\TrustProxies.php(65): Illuminate\\Pipeline\\Pipeline->{closure:{closure:Illuminate\\Pipeline\\Pipeline::carry():184}:185}(Object(Leantime\\Core\\Http\\IncomingRequest))
#15 C:\\laragon\\www\\dentvira\\public\\leantime\\vendor\\laravel\\framework\\src\\Illuminate\\Pipeline\\Pipeline.php(209): Leantime\\Core\\Middleware\\TrustProxies->handle(Object(Leantime\\Core\\Http\\IncomingRequest), Object(Closure))
#16 C:\\laragon\\www\\dentvira\\public\\leantime\\vendor\\laravel\\framework\\src\\Illuminate\\Pipeline\\Pipeline.php(127): Illuminate\\Pipeline\\Pipeline->{closure:{closure:Illuminate\\Pipeline\\Pipeline::carry():184}:185}(Object(Leantime\\Core\\Http\\IncomingRequest))
#17 C:\\laragon\\www\\dentvira\\public\\leantime\\app\\Core\\Http\\HttpKernel.php(164): Illuminate\\Pipeline\\Pipeline->then(Object(Closure))
#18 C:\\laragon\\www\\dentvira\\public\\leantime\\app\\Core\\Http\\HttpKernel.php(121): Leantime\\Core\\Http\\HttpKernel->sendRequestThroughRouter(Object(Leantime\\Core\\Http\\IncomingRequest))
#19 C:\\laragon\\www\\dentvira\\public\\leantime\\app\\Core\\Bootloader.php(79): Leantime\\Core\\Http\\HttpKernel->handle(Object(Leantime\\Core\\Http\\IncomingRequest))
#20 C:\\laragon\\www\\dentvira\\public\\leantime\\app\\Core\\Bootloader.php(60): Leantime\\Core\\Bootloader->handleRequest(Object(Leantime\\Core\\Http\\IncomingRequest))
#21 C:\\laragon\\www\\dentvira\\public\\leantime\\public\\index.php(20): Leantime\\Core\\Bootloader->boot(Object(Leantime\\Core\\Application))
#22 {main}

[previous exception] [object] (PDOException(code: 42S02): SQLSTATE[42S02]: Base table or view not found: 1146 Table 'dentvira_leantime.zp_user' doesn't exist at C:\\laragon\\www\\dentvira\\public\\leantime\\vendor\\laravel\\framework\\src\\Illuminate\\Database\\Connection.php:412)
[stacktrace]
#0 C:\\laragon\\www\\dentvira\\public\\leantime\\vendor\\laravel\\framework\\src\\Illuminate\\Database\\Connection.php(412): PDOStatement->execute()
#1 C:\\laragon\\www\\dentvira\\public\\leantime\\vendor\\laravel\\framework\\src\\Illuminate\\Database\\Connection.php(812): Illuminate\\Database\\Connection->{closure:Illuminate\\Database\\Connection::select():398}('select count(*)...', Array)
#2 C:\\laragon\\www\\dentvira\\public\\leantime\\vendor\\laravel\\framework\\src\\Illuminate\\Database\\Connection.php(779): Illuminate\\Database\\Connection->runQueryCallback('select count(*)...', Array, Object(Closure))
#3 C:\\laragon\\www\\dentvira\\public\\leantime\\vendor\\laravel\\framework\\src\\Illuminate\\Database\\Connection.php(398): Illuminate\\Database\\Connection->run('select count(*)...', Array, Object(Closure))
#4 C:\\laragon\\www\\dentvira\\public\\leantime\\vendor\\laravel\\framework\\src\\Illuminate\\Database\\Query\\Builder.php(3106): Illuminate\\Database\\Connection->select('select count(*)...', Array, true)
#5 C:\\laragon\\www\\dentvira\\public\\leantime\\vendor\\laravel\\framework\\src\\Illuminate\\Database\\Query\\Builder.php(3091): Illuminate\\Database\\Query\\Builder->runSelect()
#6 C:\\laragon\\www\\dentvira\\public\\leantime\\vendor\\laravel\\framework\\src\\Illuminate\\Database\\Query\\Builder.php(3676): Illuminate\\Database\\Query\\Builder->{closure:Illuminate\\Database\\Query\\Builder::get():3090}()
#7 C:\\laragon\\www\\dentvira\\public\\leantime\\vendor\\laravel\\framework\\src\\Illuminate\\Database\\Query\\Builder.php(3090): Illuminate\\Database\\Query\\Builder->onceWithColumns(Array, Object(Closure))
#8 C:\\laragon\\www\\dentvira\\public\\leantime\\vendor\\laravel\\framework\\src\\Illuminate\\Database\\Query\\Builder.php(3603): Illuminate\\Database\\Query\\Builder->get(Array)
#9 C:\\laragon\\www\\dentvira\\public\\leantime\\vendor\\laravel\\framework\\src\\Illuminate\\Database\\Query\\Builder.php(3531): Illuminate\\Database\\Query\\Builder->aggregate('count', Array)
#10 C:\\laragon\\www\\dentvira\\public\\leantime\\app\\Domain\\Setting\\Repositories\\Setting.php(159): Illuminate\\Database\\Query\\Builder->count()
#11 C:\\laragon\\www\\dentvira\\public\\leantime\\app\\Core\\Middleware\\Installed.php(33): Leantime\\Domain\\Setting\\Repositories\\Setting->checkIfInstalled()
#12 C:\\laragon\\www\\dentvira\\public\\leantime\\vendor\\laravel\\framework\\src\\Illuminate\\Pipeline\\Pipeline.php(209): Leantime\\Core\\Middleware\\Installed->handle(Object(Leantime\\Core\\Http\\IncomingRequest), Object(Closure))
#13 C:\\laragon\\www\\dentvira\\public\\leantime\\app\\Core\\Middleware\\StartSession.php(134): Illuminate\\Pipeline\\Pipeline->{closure:{closure:Illuminate\\Pipeline\\Pipeline::carry():184}:185}(Object(Leantime\\Core\\Http\\IncomingRequest))
#14 C:\\laragon\\www\\dentvira\\public\\leantime\\app\\Core\\Middleware\\StartSession.php(83): Leantime\\Core\\Middleware\\StartSession->handleOptimisticRequest(Object(Leantime\\Core\\Http\\IncomingRequest), Object(Illuminate\\Session\\Store), Object(Closure))
#15 C:\\laragon\\www\\dentvira\\public\\leantime\\vendor\\laravel\\framework\\src\\Illuminate\\Pipeline\\Pipeline.php(209): Leantime\\Core\\Middleware\\StartSession->handle(Object(Leantime\\Core\\Http\\IncomingRequest), Object(Closure))
#16 C:\\laragon\\www\\dentvira\\public\\leantime\\app\\Core\\Middleware\\TrustProxies.php(65): Illuminate\\Pipeline\\Pipeline->{closure:{closure:Illuminate\\Pipeline\\Pipeline::carry():184}:185}(Object(Leantime\\Core\\Http\\IncomingRequest))
#17 C:\\laragon\\www\\dentvira\\public\\leantime\\vendor\\laravel\\framework\\src\\Illuminate\\Pipeline\\Pipeline.php(209): Leantime\\Core\\Middleware\\TrustProxies->handle(Object(Leantime\\Core\\Http\\IncomingRequest), Object(Closure))
#18 C:\\laragon\\www\\dentvira\\public\\leantime\\vendor\\laravel\\framework\\src\\Illuminate\\Pipeline\\Pipeline.php(127): Illuminate\\Pipeline\\Pipeline->{closure:{closure:Illuminate\\Pipeline\\Pipeline::carry():184}:185}(Object(Leantime\\Core\\Http\\IncomingRequest))
#19 C:\\laragon\\www\\dentvira\\public\\leantime\\app\\Core\\Http\\HttpKernel.php(164): Illuminate\\Pipeline\\Pipeline->then(Object(Closure))
#20 C:\\laragon\\www\\dentvira\\public\\leantime\\app\\Core\\Http\\HttpKernel.php(121): Leantime\\Core\\Http\\HttpKernel->sendRequestThroughRouter(Object(Leantime\\Core\\Http\\IncomingRequest))
#21 C:\\laragon\\www\\dentvira\\public\\leantime\\app\\Core\\Bootloader.php(79): Leantime\\Core\\Http\\HttpKernel->handle(Object(Leantime\\Core\\Http\\IncomingRequest))
#22 C:\\laragon\\www\\dentvira\\public\\leantime\\app\\Core\\Bootloader.php(60): Leantime\\Core\\Bootloader->handleRequest(Object(Leantime\\Core\\Http\\IncomingRequest))
#23 C:\\laragon\\www\\dentvira\\public\\leantime\\public\\index.php(20): Leantime\\Core\\Bootloader->boot(Object(Leantime\\Core\\Application))
#24 {main}
"} 
[2026-10-02 13:50:28] production.ERROR: SQLSTATE[42S02]: Base table or view not found: 1146 Table 'dentvira_leantime.zp_user' doesn't exist (Connection: mysql, SQL: select count(*) as aggregate from `zp_user`) {"exception":"[object] (Illuminate\\Database\\QueryException(code: 42S02): SQLSTATE[42S02]: Base table or view not found: 1146 Table 'dentvira_leantime.zp_user' doesn't exist (Connection: mysql, SQL: select count(*) as aggregate from `zp_user`) at C:\\laragon\\www\\dentvira\\public\\leantime\\vendor\\laravel\\framework\\src\\Illuminate\\Database\\Connection.php:825)
[stacktrace]
#0 C:\\laragon\\www\\dentvira\\public\\leantime\\vendor\\laravel\\framework\\src\\Illuminate\\Database\\Connection.php(779): Illuminate\\Database\\Connection->runQueryCallback('select count(*)...', Array, Object(Closure))
#1 C:\\laragon\\www\\dentvira\\public\\leantime\\vendor\\laravel\\framework\\src\\Illuminate\\Database\\Connection.php(398): Illuminate\\Database\\Connection->run('select count(*)...', Array, Object(Closure))
#2 C:\\laragon\\www\\dentvira\\public\\leantime\\vendor\\laravel\\framework\\src\\Illuminate\\Database\\Query\\Builder.php(3106): Illuminate\\Database\\Connection->select('select count(*)...', Array, true)
#3 C:\\laragon\\www\\dentvira\\public\\leantime\\vendor\\laravel\\framework\\src\\Illuminate\\Database\\Query\\Builder.php(3091): Illuminate\\Database\\Query\\Builder->runSelect()
#4 C:\\laragon\\www\\dentvira\\public\\leantime\\vendor\\laravel\\framework\\src\\Illuminate\\Database\\Query\\Builder.php(3676): Illuminate\\Database\\Query\\Builder->{closure:Illuminate\\Database\\Query\\Builder::get():3090}()
#5 C:\\laragon\\www\\dentvira\\public\\leantime\\vendor\\laravel\\framework\\src\\Illuminate\\Database\\Query\\Builder.php(3090): Illuminate\\Database\\Query\\Builder->onceWithColumns(Array, Object(Closure))
#6 C:\\laragon\\www\\dentvira\\public\\leantime\\vendor\\laravel\\framework\\src\\Illuminate\\Database\\Query\\Builder.php(3603): Illuminate\\Database\\Query\\Builder->get(Array)
#7 C:\\laragon\\www\\dentvira\\public\\leantime\\vendor\\laravel\\framework\\src\\Illuminate\\Database\\Query\\Builder.php(3531): Illuminate\\Database\\Query\\Builder->aggregate('count', Array)
#8 C:\\laragon\\www\\dentvira\\public\\leantime\\app\\Domain\\Setting\\Repositories\\Setting.php(159): Illuminate\\Database\\Query\\Builder->count()
#9 C:\\laragon\\www\\dentvira\\public\\leantime\\app\\Domain\\Setting\\Repositories\\Setting.php(34): Leantime\\Domain\\Setting\\Repositories\\Setting->checkIfInstalled()
#10 C:\\laragon\\www\\dentvira\\public\\leantime\\app\\Core\\Middleware\\Updated.php(32): Leantime\\Domain\\Setting\\Repositories\\Setting->getSetting('db-version')
#11 C:\\laragon\\www\\dentvira\\public\\leantime\\vendor\\laravel\\framework\\src\\Illuminate\\Pipeline\\Pipeline.php(209): Leantime\\Core\\Middleware\\Updated->handle(Object(Leantime\\Core\\Http\\IncomingRequest), Object(Closure))
#12 C:\\laragon\\www\\dentvira\\public\\leantime\\app\\Core\\Middleware\\Installed.php(39): Illuminate\\Pipeline\\Pipeline->{closure:{closure:Illuminate\\Pipeline\\Pipeline::carry():184}:185}(Object(Leantime\\Core\\Http\\IncomingRequest))
#13 C:\\laragon\\www\\dentvira\\public\\leantime\\vendor\\laravel\\framework\\src\\Illuminate\\Pipeline\\Pipeline.php(209): Leantime\\Core\\Middleware\\Installed->handle(Object(Leantime\\Core\\Http\\IncomingRequest), Object(Closure))
#14 C:\\laragon\\www\\dentvira\\public\\leantime\\app\\Core\\Middleware\\StartSession.php(134): Illuminate\\Pipeline\\Pipeline->{closure:{closure:Illuminate\\Pipeline\\Pipeline::carry():184}:185}(Object(Leantime\\Core\\Http\\IncomingRequest))
#15 C:\\laragon\\www\\dentvira\\public\\leantime\\app\\Core\\Middleware\\StartSession.php(83): Leantime\\Core\\Middleware\\StartSession->handleOptimisticRequest(Object(Leantime\\Core\\Http\\IncomingRequest), Object(Illuminate\\Session\\Store), Object(Closure))
#16 C:\\laragon\\www\\dentvira\\public\\leantime\\vendor\\laravel\\framework\\src\\Illuminate\\Pipeline\\Pipeline.php(209): Leantime\\Core\\Middleware\\StartSession->handle(Object(Leantime\\Core\\Http\\IncomingRequest), Object(Closure))
#17 C:\\laragon\\www\\dentvira\\public\\leantime\\app\\Core\\Middleware\\TrustProxies.php(65): Illuminate\\Pipeline\\Pipeline->{closure:{closure:Illuminate\\Pipeline\\Pipeline::carry():184}:185}(Object(Leantime\\Core\\Http\\IncomingRequest))
#18 C:\\laragon\\www\\dentvira\\public\\leantime\\vendor\\laravel\\framework\\src\\Illuminate\\Pipeline\\Pipeline.php(209): Leantime\\Core\\Middleware\\TrustProxies->handle(Object(Leantime\\Core\\Http\\IncomingRequest), Object(Closure))
#19 C:\\laragon\\www\\dentvira\\public\\leantime\\vendor\\laravel\\framework\\src\\Illuminate\\Pipeline\\Pipeline.php(127): Illuminate\\Pipeline\\Pipeline->{closure:{closure:Illuminate\\Pipeline\\Pipeline::carry():184}:185}(Object(Leantime\\Core\\Http\\IncomingRequest))
#20 C:\\laragon\\www\\dentvira\\public\\leantime\\app\\Core\\Http\\HttpKernel.php(164): Illuminate\\Pipeline\\Pipeline->then(Object(Closure))
#21 C:\\laragon\\www\\dentvira\\public\\leantime\\app\\Core\\Http\\HttpKernel.php(121): Leantime\\Core\\Http\\HttpKernel->sendRequestThroughRouter(Object(Leantime\\Core\\Http\\IncomingRequest))
#22 C:\\laragon\\www\\dentvira\\public\\leantime\\app\\Core\\Bootloader.php(79): Leantime\\Core\\Http\\HttpKernel->handle(Object(Leantime\\Core\\Http\\IncomingRequest))
#23 C:\\laragon\\www\\dentvira\\public\\leantime\\app\\Core\\Bootloader.php(60): Leantime\\Core\\Bootloader->handleRequest(Object(Leantime\\Core\\Http\\IncomingRequest))
#24 C:\\laragon\\www\\dentvira\\public\\leantime\\public\\index.php(20): Leantime\\Core\\Bootloader->boot(Object(Leantime\\Core\\Application))
#25 {main}

[previous exception] [object] (PDOException(code: 42S02): SQLSTATE[42S02]: Base table or view not found: 1146 Table 'dentvira_leantime.zp_user' doesn't exist at C:\\laragon\\www\\dentvira\\public\\leantime\\vendor\\laravel\\framework\\src\\Illuminate\\Database\\Connection.php:412)
[stacktrace]
#0 C:\\laragon\\www\\dentvira\\public\\leantime\\vendor\\laravel\\framework\\src\\Illuminate\\Database\\Connection.php(412): PDOStatement->execute()
#1 C:\\laragon\\www\\dentvira\\public\\leantime\\vendor\\laravel\\framework\\src\\Illuminate\\Database\\Connection.php(812): Illuminate\\Database\\Connection->{closure:Illuminate\\Database\\Connection::select():398}('select count(*)...', Array)
#2 C:\\laragon\\www\\dentvira\\public\\leantime\\vendor\\laravel\\framework\\src\\Illuminate\\Database\\Connection.php(779): Illuminate\\Database\\Connection->runQueryCallback('select count(*)...', Array, Object(Closure))
#3 C:\\laragon\\www\\dentvira\\public\\leantime\\vendor\\laravel\\framework\\src\\Illuminate\\Database\\Connection.php(398): Illuminate\\Database\\Connection->run('select count(*)...', Array, Object(Closure))
#4 C:\\laragon\\www\\dentvira\\public\\leantime\\vendor\\laravel\\framework\\src\\Illuminate\\Database\\Query\\Builder.php(3106): Illuminate\\Database\\Connection->select('select count(*)...', Array, true)
#5 C:\\laragon\\www\\dentvira\\public\\leantime\\vendor\\laravel\\framework\\src\\Illuminate\\Database\\Query\\Builder.php(3091): Illuminate\\Database\\Query\\Builder->runSelect()
#6 C:\\laragon\\www\\dentvira\\public\\leantime\\vendor\\laravel\\framework\\src\\Illuminate\\Database\\Query\\Builder.php(3676): Illuminate\\Database\\Query\\Builder->{closure:Illuminate\\Database\\Query\\Builder::get():3090}()
#7 C:\\laragon\\www\\dentvira\\public\\leantime\\vendor\\laravel\\framework\\src\\Illuminate\\Database\\Query\\Builder.php(3090): Illuminate\\Database\\Query\\Builder->onceWithColumns(Array, Object(Closure))
#8 C:\\laragon\\www\\dentvira\\public\\leantime\\vendor\\laravel\\framework\\src\\Illuminate\\Database\\Query\\Builder.php(3603): Illuminate\\Database\\Query\\Builder->get(Array)
#9 C:\\laragon\\www\\dentvira\\public\\leantime\\vendor\\laravel\\framework\\src\\Illuminate\\Database\\Query\\Builder.php(3531): Illuminate\\Database\\Query\\Builder->aggregate('count', Array)
#10 C:\\laragon\\www\\dentvira\\public\\leantime\\app\\Domain\\Setting\\Repositories\\Setting.php(159): Illuminate\\Database\\Query\\Builder->count()
#11 C:\\laragon\\www\\dentvira\\public\\leantime\\app\\Domain\\Setting\\Repositories\\Setting.php(34): Leantime\\Domain\\Setting\\Repositories\\Setting->checkIfInstalled()
#12 C:\\laragon\\www\\dentvira\\public\\leantime\\app\\Core\\Middleware\\Updated.php(32): Leantime\\Domain\\Setting\\Repositories\\Setting->getSetting('db-version')
#13 C:\\laragon\\www\\dentvira\\public\\leantime\\vendor\\laravel\\framework\\src\\Illuminate\\Pipeline\\Pipeline.php(209): Leantime\\Core\\Middleware\\Updated->handle(Object(Leantime\\Core\\Http\\IncomingRequest), Object(Closure))
#14 C:\\laragon\\www\\dentvira\\public\\leantime\\app\\Core\\Middleware\\Installed.php(39): Illuminate\\Pipeline\\Pipeline->{closure:{closure:Illuminate\\Pipeline\\Pipeline::carry():184}:185}(Object(Leantime\\Core\\Http\\IncomingRequest))
#15 C:\\laragon\\www\\dentvira\\public\\leantime\\vendor\\laravel\\framework\\src\\Illuminate\\Pipeline\\Pipeline.php(209): Leantime\\Core\\Middleware\\Installed->handle(Object(Leantime\\Core\\Http\\IncomingRequest), Object(Closure))
#16 C:\\laragon\\www\\dentvira\\public\\leantime\\app\\Core\\Middleware\\StartSession.php(134): Illuminate\\Pipeline\\Pipeline->{closure:{closure:Illuminate\\Pipeline\\Pipeline::carry():184}:185}(Object(Leantime\\Core\\Http\\IncomingRequest))
#17 C:\\laragon\\www\\dentvira\\public\\leantime\\app\\Core\\Middleware\\StartSession.php(83): Leantime\\Core\\Middleware\\StartSession->handleOptimisticRequest(Object(Leantime\\Core\\Http\\IncomingRequest), Object(Illuminate\\Session\\Store), Object(Closure))
#18 C:\\laragon\\www\\dentvira\\public\\leantime\\vendor\\laravel\\framework\\src\\Illuminate\\Pipeline\\Pipeline.php(209): Leantime\\Core\\Middleware\\StartSession->handle(Object(Leantime\\Core\\Http\\IncomingRequest), Object(Closure))
#19 C:\\laragon\\www\\dentvira\\public\\leantime\\app\\Core\\Middleware\\TrustProxies.php(65): Illuminate\\Pipeline\\Pipeline->{closure:{closure:Illuminate\\Pipeline\\Pipeline::carry():184}:185}(Object(Leantime\\Core\\Http\\IncomingRequest))
#20 C:\\laragon\\www\\dentvira\\public\\leantime\\vendor\\laravel\\framework\\src\\Illuminate\\Pipeline\\Pipeline.php(209): Leantime\\Core\\Middleware\\TrustProxies->handle(Object(Leantime\\Core\\Http\\IncomingRequest), Object(Closure))
#21 C:\\laragon\\www\\dentvira\\public\\leantime\\vendor\\laravel\\framework\\src\\Illuminate\\Pipeline\\Pipeline.php(127): Illuminate\\Pipeline\\Pipeline->{closure:{closure:Illuminate\\Pipeline\\Pipeline::carry():184}:185}(Object(Leantime\\Core\\Http\\IncomingRequest))
#22 C:\\laragon\\www\\dentvira\\public\\leantime\\app\\Core\\Http\\HttpKernel.php(164): Illuminate\\Pipeline\\Pipeline->then(Object(Closure))
#23 C:\\laragon\\www\\dentvira\\public\\leantime\\app\\Core\\Http\\HttpKernel.php(121): Leantime\\Core\\Http\\HttpKernel->sendRequestThroughRouter(Object(Leantime\\Core\\Http\\IncomingRequest))
#24 C:\\laragon\\www\\dentvira\\public\\leantime\\app\\Core\\Bootloader.php(79): Leantime\\Core\\Http\\HttpKernel->handle(Object(Leantime\\Core\\Http\\IncomingRequest))
#25 C:\\laragon\\www\\dentvira\\public\\leantime\\app\\Core\\Bootloader.php(60): Leantime\\Core\\Bootloader->handleRequest(Object(Leantime\\Core\\Http\\IncomingRequest))
#26 C:\\laragon\\www\\dentvira\\public\\leantime\\public\\index.php(20): Leantime\\Core\\Bootloader->boot(Object(Leantime\\Core\\Application))
#27 {main}
"} 
[2026-10-02 13:50:29] production.ERROR: SQLSTATE[42S02]: Base table or view not found: 1146 Table 'dentvira_leantime.zp_user' doesn't exist (Connection: mysql, SQL: select count(*) as aggregate from `zp_user`) {"exception":"[object] (Illuminate\\Database\\QueryException(code: 42S02): SQLSTATE[42S02]: Base table or view not found: 1146 Table 'dentvira_leantime.zp_user' doesn't exist (Connection: mysql, SQL: select count(*) as aggregate from `zp_user`) at C:\\laragon\\www\\dentvira\\public\\leantime\\vendor\\laravel\\framework\\src\\Illuminate\\Database\\Connection.php:825)
[stacktrace]
#0 C:\\laragon\\www\\dentvira\\public\\leantime\\vendor\\laravel\\framework\\src\\Illuminate\\Database\\Connection.php(779): Illuminate\\Database\\Connection->runQueryCallback('select count(*)...', Array, Object(Closure))
#1 C:\\laragon\\www\\dentvira\\public\\leantime\\vendor\\laravel\\framework\\src\\Illuminate\\Database\\Connection.php(398): Illuminate\\Database\\Connection->run('select count(*)...', Array, Object(Closure))
#2 C:\\laragon\\www\\dentvira\\public\\leantime\\vendor\\laravel\\framework\\src\\Illuminate\\Database\\Query\\Builder.php(3106): Illuminate\\Database\\Connection->select('select count(*)...', Array, true)
#3 C:\\laragon\\www\\dentvira\\public\\leantime\\vendor\\laravel\\framework\\src\\Illuminate\\Database\\Query\\Builder.php(3091): Illuminate\\Database\\Query\\Builder->runSelect()
#4 C:\\laragon\\www\\dentvira\\public\\leantime\\vendor\\laravel\\framework\\src\\Illuminate\\Database\\Query\\Builder.php(3676): Illuminate\\Database\\Query\\Builder->{closure:Illuminate\\Database\\Query\\Builder::get():3090}()
#5 C:\\laragon\\www\\dentvira\\public\\leantime\\vendor\\laravel\\framework\\src\\Illuminate\\Database\\Query\\Builder.php(3090): Illuminate\\Database\\Query\\Builder->onceWithColumns(Array, Object(Closure))
#6 C:\\laragon\\www\\dentvira\\public\\leantime\\vendor\\laravel\\framework\\src\\Illuminate\\Database\\Query\\Builder.php(3603): Illuminate\\Database\\Query\\Builder->get(Array)
#7 C:\\laragon\\www\\dentvira\\public\\leantime\\vendor\\laravel\\framework\\src\\Illuminate\\Database\\Query\\Builder.php(3531): Illuminate\\Database\\Query\\Builder->aggregate('count', Array)
#8 C:\\laragon\\www\\dentvira\\public\\leantime\\app\\Domain\\Setting\\Repositories\\Setting.php(159): Illuminate\\Database\\Query\\Builder->count()
#9 C:\\laragon\\www\\dentvira\\public\\leantime\\app\\Domain\\Setting\\Repositories\\Setting.php(94): Leantime\\Domain\\Setting\\Repositories\\Setting->checkIfInstalled()
#10 C:\\laragon\\www\\dentvira\\public\\leantime\\app\\Core\\Middleware\\Localization.php(63): Leantime\\Domain\\Setting\\Repositories\\Setting->getSettingsForKeys(Array)
#11 C:\\laragon\\www\\dentvira\\public\\leantime\\vendor\\laravel\\framework\\src\\Illuminate\\Pipeline\\Pipeline.php(209): Leantime\\Core\\Middleware\\Localization->handle(Object(Leantime\\Core\\Http\\IncomingRequest), Object(Closure))
#12 C:\\laragon\\www\\dentvira\\public\\leantime\\app\\Core\\Middleware\\SetCacheHeaders.php(49): Illuminate\\Pipeline\\Pipeline->{closure:{closure:Illuminate\\Pipeline\\Pipeline::carry():184}:185}(Object(Leantime\\Core\\Http\\IncomingRequest))
#13 C:\\laragon\\www\\dentvira\\public\\leantime\\vendor\\laravel\\framework\\src\\Illuminate\\Pipeline\\Pipeline.php(209): Leantime\\Core\\Middleware\\SetCacheHeaders->handle(Object(Leantime\\Core\\Http\\IncomingRequest), Object(Closure))
#14 C:\\laragon\\www\\dentvira\\public\\leantime\\vendor\\laravel\\framework\\src\\Illuminate\\Foundation\\Http\\Middleware\\TransformsRequest.php(21): Illuminate\\Pipeline\\Pipeline->{closure:{closure:Illuminate\\Pipeline\\Pipeline::carry():184}:185}(Object(Leantime\\Core\\Http\\IncomingRequest))
#15 C:\\laragon\\www\\dentvira\\public\\leantime\\vendor\\laravel\\framework\\src\\Illuminate\\Foundation\\Http\\Middleware\\ConvertEmptyStringsToNull.php(31): Illuminate\\Foundation\\Http\\Middleware\\TransformsRequest->handle(Object(Leantime\\Core\\Http\\IncomingRequest), Object(Closure))
#16 C:\\laragon\\www\\dentvira\\public\\leantime\\vendor\\laravel\\framework\\src\\Illuminate\\Pipeline\\Pipeline.php(209): Illuminate\\Foundation\\Http\\Middleware\\ConvertEmptyStringsToNull->handle(Object(Leantime\\Core\\Http\\IncomingRequest), Object(Closure))
#17 C:\\laragon\\www\\dentvira\\public\\leantime\\vendor\\laravel\\framework\\src\\Illuminate\\Foundation\\Http\\Middleware\\TransformsRequest.php(21): Illuminate\\Pipeline\\Pipeline->{closure:{closure:Illuminate\\Pipeline\\Pipeline::carry():184}:185}(Object(Leantime\\Core\\Http\\IncomingRequest))
#18 C:\\laragon\\www\\dentvira\\public\\leantime\\vendor\\laravel\\framework\\src\\Illuminate\\Foundation\\Http\\Middleware\\TrimStrings.php(51): Illuminate\\Foundation\\Http\\Middleware\\TransformsRequest->handle(Object(Leantime\\Core\\Http\\IncomingRequest), Object(Closure))
#19 C:\\laragon\\www\\dentvira\\public\\leantime\\vendor\\laravel\\framework\\src\\Illuminate\\Pipeline\\Pipeline.php(209): Illuminate\\Foundation\\Http\\Middleware\\TrimStrings->handle(Object(Leantime\\Core\\Http\\IncomingRequest), Object(Closure))
#20 C:\\laragon\\www\\dentvira\\public\\leantime\\vendor\\laravel\\framework\\src\\Illuminate\\Http\\Middleware\\ValidatePostSize.php(27): Illuminate\\Pipeline\\Pipeline->{closure:{closure:Illuminate\\Pipeline\\Pipeline::carry():184}:185}(Object(Leantime\\Core\\Http\\IncomingRequest))
#21 C:\\laragon\\www\\dentvira\\public\\leantime\\vendor\\laravel\\framework\\src\\Illuminate\\Pipeline\\Pipeline.php(209): Illuminate\\Http\\Middleware\\ValidatePostSize->handle(Object(Leantime\\Core\\Http\\IncomingRequest), Object(Closure))
#22 C:\\laragon\\www\\dentvira\\public\\leantime\\vendor\\laravel\\framework\\src\\Illuminate\\Http\\Middleware\\HandleCors.php(49): Illuminate\\Pipeline\\Pipeline->{closure:{closure:Illuminate\\Pipeline\\Pipeline::carry():184}:185}(Object(Leantime\\Core\\Http\\IncomingRequest))
#23 C:\\laragon\\www\\dentvira\\public\\leantime\\vendor\\laravel\\framework\\src\\Illuminate\\Pipeline\\Pipeline.php(209): Illuminate\\Http\\Middleware\\HandleCors->handle(Object(Leantime\\Core\\Http\\IncomingRequest), Object(Closure))
#24 C:\\laragon\\www\\dentvira\\public\\leantime\\app\\Core\\Middleware\\RequestRateLimiter.php(55): Illuminate\\Pipeline\\Pipeline->{closure:{closure:Illuminate\\Pipeline\\Pipeline::carry():184}:185}(Object(Leantime\\Core\\Http\\IncomingRequest))
#25 C:\\laragon\\www\\dentvira\\public\\leantime\\vendor\\laravel\\framework\\src\\Illuminate\\Pipeline\\Pipeline.php(209): Leantime\\Core\\Middleware\\RequestRateLimiter->handle(Object(Leantime\\Core\\Http\\IncomingRequest), Object(Closure))
#26 C:\\laragon\\www\\dentvira\\public\\leantime\\app\\Core\\Middleware\\AuthenticateSession.php(34): Illuminate\\Pipeline\\Pipeline->{closure:{closure:Illuminate\\Pipeline\\Pipeline::carry():184}:185}(Object(Leantime\\Core\\Http\\IncomingRequest))
#27 C:\\laragon\\www\\dentvira\\public\\leantime\\vendor\\laravel\\framework\\src\\Illuminate\\Pipeline\\Pipeline.php(209): Leantime\\Core\\Middleware\\AuthenticateSession->handle(Object(Leantime\\Core\\Http\\IncomingRequest), Object(Closure))
#28 C:\\laragon\\www\\dentvira\\public\\leantime\\app\\Core\\Middleware\\AuthCheck.php(62): Illuminate\\Pipeline\\Pipeline->{closure:{closure:Illuminate\\Pipeline\\Pipeline::carry():184}:185}(Object(Leantime\\Core\\Http\\IncomingRequest))
#29 C:\\laragon\\www\\dentvira\\public\\leantime\\vendor\\laravel\\framework\\src\\Illuminate\\Pipeline\\Pipeline.php(209): Leantime\\Core\\Middleware\\AuthCheck->handle(Object(Leantime\\Core\\Http\\IncomingRequest), Object(Closure))
#30 C:\\laragon\\www\\dentvira\\public\\leantime\\app\\Core\\Middleware\\InitialHeaders.php(24): Illuminate\\Pipeline\\Pipeline->{closure:{closure:Illuminate\\Pipeline\\Pipeline::carry():184}:185}(Object(Leantime\\Core\\Http\\IncomingRequest))
#31 C:\\laragon\\www\\dentvira\\public\\leantime\\vendor\\laravel\\framework\\src\\Illuminate\\Pipeline\\Pipeline.php(209): Leantime\\Core\\Middleware\\InitialHeaders->handle(Object(Leantime\\Core\\Http\\IncomingRequest), Object(Closure))
#32 C:\\laragon\\www\\dentvira\\public\\leantime\\app\\Core\\Middleware\\LoadPlugins.php(32): Illuminate\\Pipeline\\Pipeline->{closure:{closure:Illuminate\\Pipeline\\Pipeline::carry():184}:185}(Object(Leantime\\Core\\Http\\IncomingRequest))
#33 C:\\laragon\\www\\dentvira\\public\\leantime\\vendor\\laravel\\framework\\src\\Illuminate\\Pipeline\\Pipeline.php(209): Leantime\\Core\\Middleware\\LoadPlugins->handle(Object(Leantime\\Core\\Http\\IncomingRequest), Object(Closure))
#34 C:\\laragon\\www\\dentvira\\public\\leantime\\app\\Core\\Middleware\\Updated.php(67): Illuminate\\Pipeline\\Pipeline->{closure:{closure:Illuminate\\Pipeline\\Pipeline::carry():184}:185}(Object(Leantime\\Core\\Http\\IncomingRequest))
#35 C:\\laragon\\www\\dentvira\\public\\leantime\\vendor\\laravel\\framework\\src\\Illuminate\\Pipeline\\Pipeline.php(209): Leantime\\Core\\Middleware\\Updated->handle(Object(Leantime\\Core\\Http\\IncomingRequest), Object(Closure))
#36 C:\\laragon\\www\\dentvira\\public\\leantime\\app\\Core\\Middleware\\Installed.php(39): Illuminate\\Pipeline\\Pipeline->{closure:{closure:Illuminate\\Pipeline\\Pipeline::carry():184}:185}(Object(Leantime\\Core\\Http\\IncomingRequest))
#37 C:\\laragon\\www\\dentvira\\public\\leantime\\vendor\\laravel\\framework\\src\\Illuminate\\Pipeline\\Pipeline.php(209): Leantime\\Core\\Middleware\\Installed->handle(Object(Leantime\\Core\\Http\\IncomingRequest), Object(Closure))
#38 C:\\laragon\\www\\dentvira\\public\\leantime\\app\\Core\\Middleware\\StartSession.php(134): Illuminate\\Pipeline\\Pipeline->{closure:{closure:Illuminate\\Pipeline\\Pipeline::carry():184}:185}(Object(Leantime\\Core\\Http\\IncomingRequest))
#39 C:\\laragon\\www\\dentvira\\public\\leantime\\app\\Core\\Middleware\\StartSession.php(83): Leantime\\Core\\Middleware\\StartSession->handleOptimisticRequest(Object(Leantime\\Core\\Http\\IncomingRequest), Object(Illuminate\\Session\\Store), Object(Closure))
#40 C:\\laragon\\www\\dentvira\\public\\leantime\\vendor\\laravel\\framework\\src\\Illuminate\\Pipeline\\Pipeline.php(209): Leantime\\Core\\Middleware\\StartSession->handle(Object(Leantime\\Core\\Http\\IncomingRequest), Object(Closure))
#41 C:\\laragon\\www\\dentvira\\public\\leantime\\app\\Core\\Middleware\\TrustProxies.php(65): Illuminate\\Pipeline\\Pipeline->{closure:{closure:Illuminate\\Pipeline\\Pipeline::carry():184}:185}(Object(Leantime\\Core\\Http\\IncomingRequest))
#42 C:\\laragon\\www\\dentvira\\public\\leantime\\vendor\\laravel\\framework\\src\\Illuminate\\Pipeline\\Pipeline.php(209): Leantime\\Core\\Middleware\\TrustProxies->handle(Object(Leantime\\Core\\Http\\IncomingRequest), Object(Closure))
#43 C:\\laragon\\www\\dentvira\\public\\leantime\\vendor\\laravel\\framework\\src\\Illuminate\\Pipeline\\Pipeline.php(127): Illuminate\\Pipeline\\Pipeline->{closure:{closure:Illuminate\\Pipeline\\Pipeline::carry():184}:185}(Object(Leantime\\Core\\Http\\IncomingRequest))
#44 C:\\laragon\\www\\dentvira\\public\\leantime\\app\\Core\\Http\\HttpKernel.php(164): Illuminate\\Pipeline\\Pipeline->then(Object(Closure))
#45 C:\\laragon\\www\\dentvira\\public\\leantime\\app\\Core\\Http\\HttpKernel.php(121): Leantime\\Core\\Http\\HttpKernel->sendRequestThroughRouter(Object(Leantime\\Core\\Http\\IncomingRequest))
#46 C:\\laragon\\www\\dentvira\\public\\leantime\\app\\Core\\Bootloader.php(79): Leantime\\Core\\Http\\HttpKernel->handle(Object(Leantime\\Core\\Http\\IncomingRequest))
#47 C:\\laragon\\www\\dentvira\\public\\leantime\\app\\Core\\Bootloader.php(60): Leantime\\Core\\Bootloader->handleRequest(Object(Leantime\\Core\\Http\\IncomingRequest))
#48 C:\\laragon\\www\\dentvira\\public\\leantime\\public\\index.php(20): Leantime\\Core\\Bootloader->boot(Object(Leantime\\Core\\Application))
#49 {main}

[previous exception] [object] (PDOException(code: 42S02): SQLSTATE[42S02]: Base table or view not found: 1146 Table 'dentvira_leantime.zp_user' doesn't exist at C:\\laragon\\www\\dentvira\\public\\leantime\\vendor\\laravel\\framework\\src\\Illuminate\\Database\\Connection.php:412)
[stacktrace]
#0 C:\\laragon\\www\\dentvira\\public\\leantime\\vendor\\laravel\\framework\\src\\Illuminate\\Database\\Connection.php(412): PDOStatement->execute()
#1 C:\\laragon\\www\\dentvira\\public\\leantime\\vendor\\laravel\\framework\\src\\Illuminate\\Database\\Connection.php(812): Illuminate\\Database\\Connection->{closure:Illuminate\\Database\\Connection::select():398}('select count(*)...', Array)
#2 C:\\laragon\\www\\dentvira\\public\\leantime\\vendor\\laravel\\framework\\src\\Illuminate\\Database\\Connection.php(779): Illuminate\\Database\\Connection->runQueryCallback('select count(*)...', Array, Object(Closure))
#3 C:\\laragon\\www\\dentvira\\public\\leantime\\vendor\\laravel\\framework\\src\\Illuminate\\Database\\Connection.php(398): Illuminate\\Database\\Connection->run('select count(*)...', Array, Object(Closure))
#4 C:\\laragon\\www\\dentvira\\public\\leantime\\vendor\\laravel\\framework\\src\\Illuminate\\Database\\Query\\Builder.php(3106): Illuminate\\Database\\Connection->select('select count(*)...', Array, true)
#5 C:\\laragon\\www\\dentvira\\public\\leantime\\vendor\\laravel\\framework\\src\\Illuminate\\Database\\Query\\Builder.php(3091): Illuminate\\Database\\Query\\Builder->runSelect()
#6 C:\\laragon\\www\\dentvira\\public\\leantime\\vendor\\laravel\\framework\\src\\Illuminate\\Database\\Query\\Builder.php(3676): Illuminate\\Database\\Query\\Builder->{closure:Illuminate\\Database\\Query\\Builder::get():3090}()
#7 C:\\laragon\\www\\dentvira\\public\\leantime\\vendor\\laravel\\framework\\src\\Illuminate\\Database\\Query\\Builder.php(3090): Illuminate\\Database\\Query\\Builder->onceWithColumns(Array, Object(Closure))
#8 C:\\laragon\\www\\dentvira\\public\\leantime\\vendor\\laravel\\framework\\src\\Illuminate\\Database\\Query\\Builder.php(3603): Illuminate\\Database\\Query\\Builder->get(Array)
#9 C:\\laragon\\www\\dentvira\\public\\leantime\\vendor\\laravel\\framework\\src\\Illuminate\\Database\\Query\\Builder.php(3531): Illuminate\\Database\\Query\\Builder->aggregate('count', Array)
#10 C:\\laragon\\www\\dentvira\\public\\leantime\\app\\Domain\\Setting\\Repositories\\Setting.php(159): Illuminate\\Database\\Query\\Builder->count()
#11 C:\\laragon\\www\\dentvira\\public\\leantime\\app\\Domain\\Setting\\Repositories\\Setting.php(94): Leantime\\Domain\\Setting\\Repositories\\Setting->checkIfInstalled()
#12 C:\\laragon\\www\\dentvira\\public\\leantime\\app\\Core\\Middleware\\Localization.php(63): Leantime\\Domain\\Setting\\Repositories\\Setting->getSettingsForKeys(Array)
#13 C:\\laragon\\www\\dentvira\\public\\leantime\\vendor\\laravel\\framework\\src\\Illuminate\\Pipeline\\Pipeline.php(209): Leantime\\Core\\Middleware\\Localization->handle(Object(Leantime\\Core\\Http\\IncomingRequest), Object(Closure))
#14 C:\\laragon\\www\\dentvira\\public\\leantime\\app\\Core\\Middleware\\SetCacheHeaders.php(49): Illuminate\\Pipeline\\Pipeline->{closure:{closure:Illuminate\\Pipeline\\Pipeline::carry():184}:185}(Object(Leantime\\Core\\Http\\IncomingRequest))
#15 C:\\laragon\\www\\dentvira\\public\\leantime\\vendor\\laravel\\framework\\src\\Illuminate\\Pipeline\\Pipeline.php(209): Leantime\\Core\\Middleware\\SetCacheHeaders->handle(Object(Leantime\\Core\\Http\\IncomingRequest), Object(Closure))
#16 C:\\laragon\\www\\dentvira\\public\\leantime\\vendor\\laravel\\framework\\src\\Illuminate\\Foundation\\Http\\Middleware\\TransformsRequest.php(21): Illuminate\\Pipeline\\Pipeline->{closure:{closure:Illuminate\\Pipeline\\Pipeline::carry():184}:185}(Object(Leantime\\Core\\Http\\IncomingRequest))
#17 C:\\laragon\\www\\dentvira\\public\\leantime\\vendor\\laravel\\framework\\src\\Illuminate\\Foundation\\Http\\Middleware\\ConvertEmptyStringsToNull.php(31): Illuminate\\Foundation\\Http\\Middleware\\TransformsRequest->handle(Object(Leantime\\Core\\Http\\IncomingRequest), Object(Closure))
#18 C:\\laragon\\www\\dentvira\\public\\leantime\\vendor\\laravel\\framework\\src\\Illuminate\\Pipeline\\Pipeline.php(209): Illuminate\\Foundation\\Http\\Middleware\\ConvertEmptyStringsToNull->handle(Object(Leantime\\Core\\Http\\IncomingRequest), Object(Closure))
#19 C:\\laragon\\www\\dentvira\\public\\leantime\\vendor\\laravel\\framework\\src\\Illuminate\\Foundation\\Http\\Middleware\\TransformsRequest.php(21): Illuminate\\Pipeline\\Pipeline->{closure:{closure:Illuminate\\Pipeline\\Pipeline::carry():184}:185}(Object(Leantime\\Core\\Http\\IncomingRequest))
#20 C:\\laragon\\www\\dentvira\\public\\leantime\\vendor\\laravel\\framework\\src\\Illuminate\\Foundation\\Http\\Middleware\\TrimStrings.php(51): Illuminate\\Foundation\\Http\\Middleware\\TransformsRequest->handle(Object(Leantime\\Core\\Http\\IncomingRequest), Object(Closure))
#21 C:\\laragon\\www\\dentvira\\public\\leantime\\vendor\\laravel\\framework\\src\\Illuminate\\Pipeline\\Pipeline.php(209): Illuminate\\Foundation\\Http\\Middleware\\TrimStrings->handle(Object(Leantime\\Core\\Http\\IncomingRequest), Object(Closure))
#22 C:\\laragon\\www\\dentvira\\public\\leantime\\vendor\\laravel\\framework\\src\\Illuminate\\Http\\Middleware\\ValidatePostSize.php(27): Illuminate\\Pipeline\\Pipeline->{closure:{closure:Illuminate\\Pipeline\\Pipeline::carry():184}:185}(Object(Leantime\\Core\\Http\\IncomingRequest))
#23 C:\\laragon\\www\\dentvira\\public\\leantime\\vendor\\laravel\\framework\\src\\Illuminate\\Pipeline\\Pipeline.php(209): Illuminate\\Http\\Middleware\\ValidatePostSize->handle(Object(Leantime\\Core\\Http\\IncomingRequest), Object(Closure))
#24 C:\\laragon\\www\\dentvira\\public\\leantime\\vendor\\laravel\\framework\\src\\Illuminate\\Http\\Middleware\\HandleCors.php(49): Illuminate\\Pipeline\\Pipeline->{closure:{closure:Illuminate\\Pipeline\\Pipeline::carry():184}:185}(Object(Leantime\\Core\\Http\\IncomingRequest))
#25 C:\\laragon\\www\\dentvira\\public\\leantime\\vendor\\laravel\\framework\\src\\Illuminate\\Pipeline\\Pipeline.php(209): Illuminate\\Http\\Middleware\\HandleCors->handle(Object(Leantime\\Core\\Http\\IncomingRequest), Object(Closure))
#26 C:\\laragon\\www\\dentvira\\public\\leantime\\app\\Core\\Middleware\\RequestRateLimiter.php(55): Illuminate\\Pipeline\\Pipeline->{closure:{closure:Illuminate\\Pipeline\\Pipeline::carry():184}:185}(Object(Leantime\\Core\\Http\\IncomingRequest))
#27 C:\\laragon\\www\\dentvira\\public\\leantime\\vendor\\laravel\\framework\\src\\Illuminate\\Pipeline\\Pipeline.php(209): Leantime\\Core\\Middleware\\RequestRateLimiter->handle(Object(Leantime\\Core\\Http\\IncomingRequest), Object(Closure))
#28 C:\\laragon\\www\\dentvira\\public\\leantime\\app\\Core\\Middleware\\AuthenticateSession.php(34): Illuminate\\Pipeline\\Pipeline->{closure:{closure:Illuminate\\Pipeline\\Pipeline::carry():184}:185}(Object(Leantime\\Core\\Http\\IncomingRequest))
#29 C:\\laragon\\www\\dentvira\\public\\leantime\\vendor\\laravel\\framework\\src\\Illuminate\\Pipeline\\Pipeline.php(209): Leantime\\Core\\Middleware\\AuthenticateSession->handle(Object(Leantime\\Core\\Http\\IncomingRequest), Object(Closure))
#30 C:\\laragon\\www\\dentvira\\public\\leantime\\app\\Core\\Middleware\\AuthCheck.php(62): Illuminate\\Pipeline\\Pipeline->{closure:{closure:Illuminate\\Pipeline\\Pipeline::carry():184}:185}(Object(Leantime\\Core\\Http\\IncomingRequest))
#31 C:\\laragon\\www\\dentvira\\public\\leantime\\vendor\\laravel\\framework\\src\\Illuminate\\Pipeline\\Pipeline.php(209): Leantime\\Core\\Middleware\\AuthCheck->handle(Object(Leantime\\Core\\Http\\IncomingRequest), Object(Closure))
#32 C:\\laragon\\www\\dentvira\\public\\leantime\\app\\Core\\Middleware\\InitialHeaders.php(24): Illuminate\\Pipeline\\Pipeline->{closure:{closure:Illuminate\\Pipeline\\Pipeline::carry():184}:185}(Object(Leantime\\Core\\Http\\IncomingRequest))
#33 C:\\laragon\\www\\dentvira\\public\\leantime\\vendor\\laravel\\framework\\src\\Illuminate\\Pipeline\\Pipeline.php(209): Leantime\\Core\\Middleware\\InitialHeaders->handle(Object(Leantime\\Core\\Http\\IncomingRequest), Object(Closure))
#34 C:\\laragon\\www\\dentvira\\public\\leantime\\app\\Core\\Middleware\\LoadPlugins.php(32): Illuminate\\Pipeline\\Pipeline->{closure:{closure:Illuminate\\Pipeline\\Pipeline::carry():184}:185}(Object(Leantime\\Core\\Http\\IncomingRequest))
#35 C:\\laragon\\www\\dentvira\\public\\leantime\\vendor\\laravel\\framework\\src\\Illuminate\\Pipeline\\Pipeline.php(209): Leantime\\Core\\Middleware\\LoadPlugins->handle(Object(Leantime\\Core\\Http\\IncomingRequest), Object(Closure))
#36 C:\\laragon\\www\\dentvira\\public\\leantime\\app\\Core\\Middleware\\Updated.php(67): Illuminate\\Pipeline\\Pipeline->{closure:{closure:Illuminate\\Pipeline\\Pipeline::carry():184}:185}(Object(Leantime\\Core\\Http\\IncomingRequest))
#37 C:\\laragon\\www\\dentvira\\public\\leantime\\vendor\\laravel\\framework\\src\\Illuminate\\Pipeline\\Pipeline.php(209): Leantime\\Core\\Middleware\\Updated->handle(Object(Leantime\\Core\\Http\\IncomingRequest), Object(Closure))
#38 C:\\laragon\\www\\dentvira\\public\\leantime\\app\\Core\\Middleware\\Installed.php(39): Illuminate\\Pipeline\\Pipeline->{closure:{closure:Illuminate\\Pipeline\\Pipeline::carry():184}:185}(Object(Leantime\\Core\\Http\\IncomingRequest))
#39 C:\\laragon\\www\\dentvira\\public\\leantime\\vendor\\laravel\\framework\\src\\Illuminate\\Pipeline\\Pipeline.php(209): Leantime\\Core\\Middleware\\Installed->handle(Object(Leantime\\Core\\Http\\IncomingRequest), Object(Closure))
#40 C:\\laragon\\www\\dentvira\\public\\leantime\\app\\Core\\Middleware\\StartSession.php(134): Illuminate\\Pipeline\\Pipeline->{closure:{closure:Illuminate\\Pipeline\\Pipeline::carry():184}:185}(Object(Leantime\\Core\\Http\\IncomingRequest))
#41 C:\\laragon\\www\\dentvira\\public\\leantime\\app\\Core\\Middleware\\StartSession.php(83): Leantime\\Core\\Middleware\\StartSession->handleOptimisticRequest(Object(Leantime\\Core\\Http\\IncomingRequest), Object(Illuminate\\Session\\Store), Object(Closure))
#42 C:\\laragon\\www\\dentvira\\public\\leantime\\vendor\\laravel\\framework\\src\\Illuminate\\Pipeline\\Pipeline.php(209): Leantime\\Core\\Middleware\\StartSession->handle(Object(Leantime\\Core\\Http\\IncomingRequest), Object(Closure))
#43 C:\\laragon\\www\\dentvira\\public\\leantime\\app\\Core\\Middleware\\TrustProxies.php(65): Illuminate\\Pipeline\\Pipeline->{closure:{closure:Illuminate\\Pipeline\\Pipeline::carry():184}:185}(Object(Leantime\\Core\\Http\\IncomingRequest))
#44 C:\\laragon\\www\\dentvira\\public\\leantime\\vendor\\laravel\\framework\\src\\Illuminate\\Pipeline\\Pipeline.php(209): Leantime\\Core\\Middleware\\TrustProxies->handle(Object(Leantime\\Core\\Http\\IncomingRequest), Object(Closure))
#45 C:\\laragon\\www\\dentvira\\public\\leantime\\vendor\\laravel\\framework\\src\\Illuminate\\Pipeline\\Pipeline.php(127): Illuminate\\Pipeline\\Pipeline->{closure:{closure:Illuminate\\Pipeline\\Pipeline::carry():184}:185}(Object(Leantime\\Core\\Http\\IncomingRequest))
#46 C:\\laragon\\www\\dentvira\\public\\leantime\\app\\Core\\Http\\HttpKernel.php(164): Illuminate\\Pipeline\\Pipeline->then(Object(Closure))
#47 C:\\laragon\\www\\dentvira\\public\\leantime\\app\\Core\\Http\\HttpKernel.php(121): Leantime\\Core\\Http\\HttpKernel->sendRequestThroughRouter(Object(Leantime\\Core\\Http\\IncomingRequest))
#48 C:\\laragon\\www\\dentvira\\public\\leantime\\app\\Core\\Bootloader.php(79): Leantime\\Core\\Http\\HttpKernel->handle(Object(Leantime\\Core\\Http\\IncomingRequest))
#49 C:\\laragon\\www\\dentvira\\public\\leantime\\app\\Core\\Bootloader.php(60): Leantime\\Core\\Bootloader->handleRequest(Object(Leantime\\Core\\Http\\IncomingRequest))
#50 C:\\laragon\\www\\dentvira\\public\\leantime\\public\\index.php(20): Leantime\\Core\\Bootloader->boot(Object(Leantime\\Core\\Application))
#51 {main}
"} 
[2026-10-02 13:50:29] production.ERROR: PDOException: SQLSTATE[42S02]: Base table or view not found: 1146 Table 'dentvira_leantime.zp_user' doesn't exist in C:\laragon\www\dentvira\public\leantime\vendor\laravel\framework\src\Illuminate\Database\Connection.php:412
Stack trace:
#0 C:\laragon\www\dentvira\public\leantime\vendor\laravel\framework\src\Illuminate\Database\Connection.php(412): PDOStatement->execute()
#1 C:\laragon\www\dentvira\public\leantime\vendor\laravel\framework\src\Illuminate\Database\Connection.php(812): Illuminate\Database\Connection->{closure:Illuminate\Database\Connection::select():398}('select count(*)...', Array)
#2 C:\laragon\www\dentvira\public\leantime\vendor\laravel\framework\src\Illuminate\Database\Connection.php(779): Illuminate\Database\Connection->runQueryCallback('select count(*)...', Array, Object(Closure))
#3 C:\laragon\www\dentvira\public\leantime\vendor\laravel\framework\src\Illuminate\Database\Connection.php(398): Illuminate\Database\Connection->run('select count(*)...', Array, Object(Closure))
#4 C:\laragon\www\dentvira\public\leantime\vendor\laravel\framework\src\Illuminate\Database\Query\Builder.php(3106): Illuminate\Database\Connection->select('select count(*)...', Array, true)
#5 C:\laragon\www\dentvira\public\leantime\vendor\laravel\framework\src\Illuminate\Database\Query\Builder.php(3091): Illuminate\Database\Query\Builder->runSelect()
#6 C:\laragon\www\dentvira\public\leantime\vendor\laravel\framework\src\Illuminate\Database\Query\Builder.php(3676): Illuminate\Database\Query\Builder->{closure:Illuminate\Database\Query\Builder::get():3090}()
#7 C:\laragon\www\dentvira\public\leantime\vendor\laravel\framework\src\Illuminate\Database\Query\Builder.php(3090): Illuminate\Database\Query\Builder->onceWithColumns(Array, Object(Closure))
#8 C:\laragon\www\dentvira\public\leantime\vendor\laravel\framework\src\Illuminate\Database\Query\Builder.php(3603): Illuminate\Database\Query\Builder->get(Array)
#9 C:\laragon\www\dentvira\public\leantime\vendor\laravel\framework\src\Illuminate\Database\Query\Builder.php(3531): Illuminate\Database\Query\Builder->aggregate('count', Array)
#10 C:\laragon\www\dentvira\public\leantime\app\Domain\Install\Repositories\Install.php(218): Illuminate\Database\Query\Builder->count()
#11 C:\laragon\www\dentvira\public\leantime\app\Domain\Install\Services\Install.php(44): Leantime\Domain\Install\Repositories\Install->checkIfInstalled()
#12 C:\laragon\www\dentvira\public\leantime\app\Domain\Install\Controllers\Index.php(24): Leantime\Domain\Install\Services\Install->isInstalled()
#13 C:\laragon\www\dentvira\public\leantime\vendor\laravel\framework\src\Illuminate\Container\BoundMethod.php(36): Leantime\Domain\Install\Controllers\Index->init(Object(Leantime\Domain\Install\Services\Install))
#14 C:\laragon\www\dentvira\public\leantime\vendor\laravel\framework\src\Illuminate\Container\Util.php(43): Illuminate\Container\BoundMethod::{closure:Illuminate\Container\BoundMethod::call():35}()
#15 C:\laragon\www\dentvira\public\leantime\vendor\laravel\framework\src\Illuminate\Container\BoundMethod.php(95): Illuminate\Container\Util::unwrapIfClosure(Object(Closure))
#16 C:\laragon\www\dentvira\public\leantime\vendor\laravel\framework\src\Illuminate\Container\BoundMethod.php(35): Illuminate\Container\BoundMethod::callBoundMethod(Object(Leantime\Core\Application), Array, Object(Closure))
#17 C:\laragon\www\dentvira\public\leantime\vendor\laravel\framework\src\Illuminate\Container\Container.php(696): Illuminate\Container\BoundMethod::call(Object(Leantime\Core\Application), Array, Array, NULL)
#18 C:\laragon\www\dentvira\public\leantime\app\Core\Controller\Controller.php(47): Illuminate\Container\Container->call(Array)
#19 [internal function]: Leantime\Core\Controller\Controller->__construct(Object(Leantime\Core\Http\IncomingRequest), Object(Leantime\Core\UI\Template), Object(Leantime\Core\Language))
#20 C:\laragon\www\dentvira\public\leantime\vendor\laravel\framework\src\Illuminate\Container\Container.php(1004): ReflectionClass->newInstanceArgs(Array)
#21 C:\laragon\www\dentvira\public\leantime\vendor\laravel\framework\src\Illuminate\Container\Container.php(832): Illuminate\Container\Container->build('Leantime\\Domain...')
#22 C:\laragon\www\dentvira\public\leantime\vendor\laravel\framework\src\Illuminate\Foundation\Application.php(1078): Illuminate\Container\Container->resolve('Leantime\\Domain...', Array, true)
#23 C:\laragon\www\dentvira\public\leantime\vendor\laravel\framework\src\Illuminate\Container\Container.php(763): Illuminate\Foundation\Application->resolve('Leantime\\Domain...', Array)
#24 C:\laragon\www\dentvira\public\leantime\vendor\laravel\framework\src\Illuminate\Foundation\Application.php(1058): Illuminate\Container\Container->make('Leantime\\Domain...', Array)
#25 C:\laragon\www\dentvira\public\leantime\app\Core\Controller\Frontcontroller.php(170): Illuminate\Foundation\Application->make('Leantime\\Domain...')
#26 C:\laragon\www\dentvira\public\leantime\app\Core\Controller\Frontcontroller.php(65): Leantime\Core\Controller\Frontcontroller->executeAction('Leantime\\Domain...', 'get')
#27 C:\laragon\www\dentvira\public\leantime\app\Core\Controller\Frontcontroller.php(75): Leantime\Core\Controller\Frontcontroller->dispatch(Object(Leantime\Core\Http\IncomingRequest))
#28 C:\laragon\www\dentvira\public\leantime\app\Core\Http\HttpKernel.php(216): Leantime\Core\Controller\Frontcontroller::dispatch_request(Object(Leantime\Core\Http\IncomingRequest))
#29 C:\laragon\www\dentvira\public\leantime\app\Core\Http\HttpKernel.php(173): Leantime\Core\Http\HttpKernel->findAndDispatchToRouter(Object(Leantime\Core\Http\IncomingRequest))
#30 C:\laragon\www\dentvira\public\leantime\vendor\laravel\framework\src\Illuminate\Pipeline\Pipeline.php(170): Leantime\Core\Http\HttpKernel->{closure:{closure:Leantime\Core\Http\HttpKernel::sendRequestThroughRouter():164}:173}(Object(Leantime\Core\Http\IncomingRequest))
#31 C:\laragon\www\dentvira\public\leantime\vendor\laravel\framework\src\Illuminate\Pipeline\Pipeline.php(127): Illuminate\Pipeline\Pipeline->{closure:Illuminate\Pipeline\Pipeline::prepareDestination():168}(Object(Leantime\Core\Http\IncomingRequest))
#32 C:\laragon\www\dentvira\public\leantime\app\Core\Http\HttpKernel.php(173): Illuminate\Pipeline\Pipeline->then(Object(Closure))
#33 C:\laragon\www\dentvira\public\leantime\vendor\laravel\framework\src\Illuminate\Pipeline\Pipeline.php(170): Leantime\Core\Http\HttpKernel->{closure:Leantime\Core\Http\HttpKernel::sendRequestThroughRouter():164}(Object(Leantime\Core\Http\IncomingRequest))
#34 C:\laragon\www\dentvira\public\leantime\app\Domain\Projects\Middleware\CurrentProject.php(41): Illuminate\Pipeline\Pipeline->{closure:Illuminate\Pipeline\Pipeline::prepareDestination():168}(Object(Leantime\Core\Http\IncomingRequest))
#35 C:\laragon\www\dentvira\public\leantime\vendor\laravel\framework\src\Illuminate\Pipeline\Pipeline.php(209): Leantime\Domain\Projects\Middleware\CurrentProject->handle(Object(Leantime\Core\Http\IncomingRequest), Object(Closure))
#36 C:\laragon\www\dentvira\public\leantime\app\Core\Middleware\Localization.php(78): Illuminate\Pipeline\Pipeline->{closure:{closure:Illuminate\Pipeline\Pipeline::carry():184}:185}(Object(Leantime\Core\Http\IncomingRequest))
#37 C:\laragon\www\dentvira\public\leantime\vendor\laravel\framework\src\Illuminate\Pipeline\Pipeline.php(209): Leantime\Core\Middleware\Localization->handle(Object(Leantime\Core\Http\IncomingRequest), Object(Closure))
#38 C:\laragon\www\dentvira\public\leantime\app\Core\Middleware\SetCacheHeaders.php(49): Illuminate\Pipeline\Pipeline->{closure:{closure:Illuminate\Pipeline\Pipeline::carry():184}:185}(Object(Leantime\Core\Http\IncomingRequest))
#39 C:\laragon\www\dentvira\public\leantime\vendor\laravel\framework\src\Illuminate\Pipeline\Pipeline.php(209): Leantime\Core\Middleware\SetCacheHeaders->handle(Object(Leantime\Core\Http\IncomingRequest), Object(Closure))
#40 C:\laragon\www\dentvira\public\leantime\vendor\laravel\framework\src\Illuminate\Foundation\Http\Middleware\TransformsRequest.php(21): Illuminate\Pipeline\Pipeline->{closure:{closure:Illuminate\Pipeline\Pipeline::carry():184}:185}(Object(Leantime\Core\Http\IncomingRequest))
#41 C:\laragon\www\dentvira\public\leantime\vendor\laravel\framework\src\Illuminate\Foundation\Http\Middleware\ConvertEmptyStringsToNull.php(31): Illuminate\Foundation\Http\Middleware\TransformsRequest->handle(Object(Leantime\Core\Http\IncomingRequest), Object(Closure))
#42 C:\laragon\www\dentvira\public\leantime\vendor\laravel\framework\src\Illuminate\Pipeline\Pipeline.php(209): Illuminate\Foundation\Http\Middleware\ConvertEmptyStringsToNull->handle(Object(Leantime\Core\Http\IncomingRequest), Object(Closure))
#43 C:\laragon\www\dentvira\public\leantime\vendor\laravel\framework\src\Illuminate\Foundation\Http\Middleware\TransformsRequest.php(21): Illuminate\Pipeline\Pipeline->{closure:{closure:Illuminate\Pipeline\Pipeline::carry():184}:185}(Object(Leantime\Core\Http\IncomingRequest))
#44 C:\laragon\www\dentvira\public\leantime\vendor\laravel\framework\src\Illuminate\Foundation\Http\Middleware\TrimStrings.php(51): Illuminate\Foundation\Http\Middleware\TransformsRequest->handle(Object(Leantime\Core\Http\IncomingRequest), Object(Closure))
#45 C:\laragon\www\dentvira\public\leantime\vendor\laravel\framework\src\Illuminate\Pipeline\Pipeline.php(209): Illuminate\Foundation\Http\Middleware\TrimStrings->handle(Object(Leantime\Core\Http\IncomingRequest), Object(Closure))
#46 C:\laragon\www\dentvira\public\leantime\vendor\laravel\framework\src\Illuminate\Http\Middleware\ValidatePostSize.php(27): Illuminate\Pipeline\Pipeline->{closure:{closure:Illuminate\Pipeline\Pipeline::carry():184}:185}(Object(Leantime\Core\Http\IncomingRequest))
#47 C:\laragon\www\dentvira\public\leantime\vendor\laravel\framework\src\Illuminate\Pipeline\Pipeline.php(209): Illuminate\Http\Middleware\ValidatePostSize->handle(Object(Leantime\Core\Http\IncomingRequest), Object(Closure))
#48 C:\laragon\www\dentvira\public\leantime\vendor\laravel\framework\src\Illuminate\Http\Middleware\HandleCors.php(49): Illuminate\Pipeline\Pipeline->{closure:{closure:Illuminate\Pipeline\Pipeline::carry():184}:185}(Object(Leantime\Core\Http\IncomingRequest))
#49 C:\laragon\www\dentvira\public\leantime\vendor\laravel\framework\src\Illuminate\Pipeline\Pipeline.php(209): Illuminate\Http\Middleware\HandleCors->handle(Object(Leantime\Core\Http\IncomingRequest), Object(Closure))
#50 C:\laragon\www\dentvira\public\leantime\app\Core\Middleware\RequestRateLimiter.php(55): Illuminate\Pipeline\Pipeline->{closure:{closure:Illuminate\Pipeline\Pipeline::carry():184}:185}(Object(Leantime\Core\Http\IncomingRequest))
#51 C:\laragon\www\dentvira\public\leantime\vendor\laravel\framework\src\Illuminate\Pipeline\Pipeline.php(209): Leantime\Core\Middleware\RequestRateLimiter->handle(Object(Leantime\Core\Http\IncomingRequest), Object(Closure))
#52 C:\laragon\www\dentvira\public\leantime\app\Core\Middleware\AuthenticateSession.php(34): Illuminate\Pipeline\Pipeline->{closure:{closure:Illuminate\Pipeline\Pipeline::carry():184}:185}(Object(Leantime\Core\Http\IncomingRequest))
#53 C:\laragon\www\dentvira\public\leantime\vendor\laravel\framework\src\Illuminate\Pipeline\Pipeline.php(209): Leantime\Core\Middleware\AuthenticateSession->handle(Object(Leantime\Core\Http\IncomingRequest), Object(Closure))
#54 C:\laragon\www\dentvira\public\leantime\app\Core\Middleware\AuthCheck.php(62): Illuminate\Pipeline\Pipeline->{closure:{closure:Illuminate\Pipeline\Pipeline::carry():184}:185}(Object(Leantime\Core\Http\IncomingRequest))
#55 C:\laragon\www\dentvira\public\leantime\vendor\laravel\framework\src\Illuminate\Pipeline\Pipeline.php(209): Leantime\Core\Middleware\AuthCheck->handle(Object(Leantime\Core\Http\IncomingRequest), Object(Closure))
#56 C:\laragon\www\dentvira\public\leantime\app\Core\Middleware\InitialHeaders.php(24): Illuminate\Pipeline\Pipeline->{closure:{closure:Illuminate\Pipeline\Pipeline::carry():184}:185}(Object(Leantime\Core\Http\IncomingRequest))
#57 C:\laragon\www\dentvira\public\leantime\vendor\laravel\framework\src\Illuminate\Pipeline\Pipeline.php(209): Leantime\Core\Middleware\InitialHeaders->handle(Object(Leantime\Core\Http\IncomingRequest), Object(Closure))
#58 C:\laragon\www\dentvira\public\leantime\app\Core\Middleware\LoadPlugins.php(32): Illuminate\Pipeline\Pipeline->{closure:{closure:Illuminate\Pipeline\Pipeline::carry():184}:185}(Object(Leantime\Core\Http\IncomingRequest))
#59 C:\laragon\www\dentvira\public\leantime\vendor\laravel\framework\src\Illuminate\Pipeline\Pipeline.php(209): Leantime\Core\Middleware\LoadPlugins->handle(Object(Leantime\Core\Http\IncomingRequest), Object(Closure))
#60 C:\laragon\www\dentvira\public\leantime\app\Core\Middleware\Updated.php(67): Illuminate\Pipeline\Pipeline->{closure:{closure:Illuminate\Pipeline\Pipeline::carry():184}:185}(Object(Leantime\Core\Http\IncomingRequest))
#61 C:\laragon\www\dentvira\public\leantime\vendor\laravel\framework\src\Illuminate\Pipeline\Pipeline.php(209): Leantime\Core\Middleware\Updated->handle(Object(Leantime\Core\Http\IncomingRequest), Object(Closure))
#62 C:\laragon\www\dentvira\public\leantime\app\Core\Middleware\Installed.php(39): Illuminate\Pipeline\Pipeline->{closure:{closure:Illuminate\Pipeline\Pipeline::carry():184}:185}(Object(Leantime\Core\Http\IncomingRequest))
#63 C:\laragon\www\dentvira\public\leantime\vendor\laravel\framework\src\Illuminate\Pipeline\Pipeline.php(209): Leantime\Core\Middleware\Installed->handle(Object(Leantime\Core\Http\IncomingRequest), Object(Closure))
#64 C:\laragon\www\dentvira\public\leantime\app\Core\Middleware\StartSession.php(134): Illuminate\Pipeline\Pipeline->{closure:{closure:Illuminate\Pipeline\Pipeline::carry():184}:185}(Object(Leantime\Core\Http\IncomingRequest))
#65 C:\laragon\www\dentvira\public\leantime\app\Core\Middleware\StartSession.php(83): Leantime\Core\Middleware\StartSession->handleOptimisticRequest(Object(Leantime\Core\Http\IncomingRequest), Object(Illuminate\Session\Store), Object(Closure))
#66 C:\laragon\www\dentvira\public\leantime\vendor\laravel\framework\src\Illuminate\Pipeline\Pipeline.php(209): Leantime\Core\Middleware\StartSession->handle(Object(Leantime\Core\Http\IncomingRequest), Object(Closure))
#67 C:\laragon\www\dentvira\public\leantime\app\Core\Middleware\TrustProxies.php(65): Illuminate\Pipeline\Pipeline->{closure:{closure:Illuminate\Pipeline\Pipeline::carry():184}:185}(Object(Leantime\Core\Http\IncomingRequest))
#68 C:\laragon\www\dentvira\public\leantime\vendor\laravel\framework\src\Illuminate\Pipeline\Pipeline.php(209): Leantime\Core\Middleware\TrustProxies->handle(Object(Leantime\Core\Http\IncomingRequest), Object(Closure))
#69 C:\laragon\www\dentvira\public\leantime\vendor\laravel\framework\src\Illuminate\Pipeline\Pipeline.php(127): Illuminate\Pipeline\Pipeline->{closure:{closure:Illuminate\Pipeline\Pipeline::carry():184}:185}(Object(Leantime\Core\Http\IncomingRequest))
#70 C:\laragon\www\dentvira\public\leantime\app\Core\Http\HttpKernel.php(164): Illuminate\Pipeline\Pipeline->then(Object(Closure))
#71 C:\laragon\www\dentvira\public\leantime\app\Core\Http\HttpKernel.php(121): Leantime\Core\Http\HttpKernel->sendRequestThroughRouter(Object(Leantime\Core\Http\IncomingRequest))
#72 C:\laragon\www\dentvira\public\leantime\app\Core\Bootloader.php(79): Leantime\Core\Http\HttpKernel->handle(Object(Leantime\Core\Http\IncomingRequest))
#73 C:\laragon\www\dentvira\public\leantime\app\Core\Bootloader.php(60): Leantime\Core\Bootloader->handleRequest(Object(Leantime\Core\Http\IncomingRequest))
#74 C:\laragon\www\dentvira\public\leantime\public\index.php(20): Leantime\Core\Bootloader->boot(Object(Leantime\Core\Application))
#75 {main}

Next Illuminate\Database\QueryException: SQLSTATE[42S02]: Base table or view not found: 1146 Table 'dentvira_leantime.zp_user' doesn't exist (Connection: mysql, SQL: select count(*) as aggregate from `zp_user`) in C:\laragon\www\dentvira\public\leantime\vendor\laravel\framework\src\Illuminate\Database\Connection.php:825
Stack trace:
#0 C:\laragon\www\dentvira\public\leantime\vendor\laravel\framework\src\Illuminate\Database\Connection.php(779): Illuminate\Database\Connection->runQueryCallback('select count(*)...', Array, Object(Closure))
#1 C:\laragon\www\dentvira\public\leantime\vendor\laravel\framework\src\Illuminate\Database\Connection.php(398): Illuminate\Database\Connection->run('select count(*)...', Array, Object(Closure))
#2 C:\laragon\www\dentvira\public\leantime\vendor\laravel\framework\src\Illuminate\Database\Query\Builder.php(3106): Illuminate\Database\Connection->select('select count(*)...', Array, true)
#3 C:\laragon\www\dentvira\public\leantime\vendor\laravel\framework\src\Illuminate\Database\Query\Builder.php(3091): Illuminate\Database\Query\Builder->runSelect()
#4 C:\laragon\www\dentvira\public\leantime\vendor\laravel\framework\src\Illuminate\Database\Query\Builder.php(3676): Illuminate\Database\Query\Builder->{closure:Illuminate\Database\Query\Builder::get():3090}()
#5 C:\laragon\www\dentvira\public\leantime\vendor\laravel\framework\src\Illuminate\Database\Query\Builder.php(3090): Illuminate\Database\Query\Builder->onceWithColumns(Array, Object(Closure))
#6 C:\laragon\www\dentvira\public\leantime\vendor\laravel\framework\src\Illuminate\Database\Query\Builder.php(3603): Illuminate\Database\Query\Builder->get(Array)
#7 C:\laragon\www\dentvira\public\leantime\vendor\laravel\framework\src\Illuminate\Database\Query\Builder.php(3531): Illuminate\Database\Query\Builder->aggregate('count', Array)
#8 C:\laragon\www\dentvira\public\leantime\app\Domain\Install\Repositories\Install.php(218): Illuminate\Database\Query\Builder->count()
#9 C:\laragon\www\dentvira\public\leantime\app\Domain\Install\Services\Install.php(44): Leantime\Domain\Install\Repositories\Install->checkIfInstalled()
#10 C:\laragon\www\dentvira\public\leantime\app\Domain\Install\Controllers\Index.php(24): Leantime\Domain\Install\Services\Install->isInstalled()
#11 C:\laragon\www\dentvira\public\leantime\vendor\laravel\framework\src\Illuminate\Container\BoundMethod.php(36): Leantime\Domain\Install\Controllers\Index->init(Object(Leantime\Domain\Install\Services\Install))
#12 C:\laragon\www\dentvira\public\leantime\vendor\laravel\framework\src\Illuminate\Container\Util.php(43): Illuminate\Container\BoundMethod::{closure:Illuminate\Container\BoundMethod::call():35}()
#13 C:\laragon\www\dentvira\public\leantime\vendor\laravel\framework\src\Illuminate\Container\BoundMethod.php(95): Illuminate\Container\Util::unwrapIfClosure(Object(Closure))
#14 C:\laragon\www\dentvira\public\leantime\vendor\laravel\framework\src\Illuminate\Container\BoundMethod.php(35): Illuminate\Container\BoundMethod::callBoundMethod(Object(Leantime\Core\Application), Array, Object(Closure))
#15 C:\laragon\www\dentvira\public\leantime\vendor\laravel\framework\src\Illuminate\Container\Container.php(696): Illuminate\Container\BoundMethod::call(Object(Leantime\Core\Application), Array, Array, NULL)
#16 C:\laragon\www\dentvira\public\leantime\app\Core\Controller\Controller.php(47): Illuminate\Container\Container->call(Array)
#17 [internal function]: Leantime\Core\Controller\Controller->__construct(Object(Leantime\Core\Http\IncomingRequest), Object(Leantime\Core\UI\Template), Object(Leantime\Core\Language))
#18 C:\laragon\www\dentvira\public\leantime\vendor\laravel\framework\src\Illuminate\Container\Container.php(1004): ReflectionClass->newInstanceArgs(Array)
#19 C:\laragon\www\dentvira\public\leantime\vendor\laravel\framework\src\Illuminate\Container\Container.php(832): Illuminate\Container\Container->build('Leantime\\Domain...')
#20 C:\laragon\www\dentvira\public\leantime\vendor\laravel\framework\src\Illuminate\Foundation\Application.php(1078): Illuminate\Container\Container->resolve('Leantime\\Domain...', Array, true)
#21 C:\laragon\www\dentvira\public\leantime\vendor\laravel\framework\src\Illuminate\Container\Container.php(763): Illuminate\Foundation\Application->resolve('Leantime\\Domain...', Array)
#22 C:\laragon\www\dentvira\public\leantime\vendor\laravel\framework\src\Illuminate\Foundation\Application.php(1058): Illuminate\Container\Container->make('Leantime\\Domain...', Array)
#23 C:\laragon\www\dentvira\public\leantime\app\Core\Controller\Frontcontroller.php(170): Illuminate\Foundation\Application->make('Leantime\\Domain...')
#24 C:\laragon\www\dentvira\public\leantime\app\Core\Controller\Frontcontroller.php(65): Leantime\Core\Controller\Frontcontroller->executeAction('Leantime\\Domain...', 'get')
#25 C:\laragon\www\dentvira\public\leantime\app\Core\Controller\Frontcontroller.php(75): Leantime\Core\Controller\Frontcontroller->dispatch(Object(Leantime\Core\Http\IncomingRequest))
#26 C:\laragon\www\dentvira\public\leantime\app\Core\Http\HttpKernel.php(216): Leantime\Core\Controller\Frontcontroller::dispatch_request(Object(Leantime\Core\Http\IncomingRequest))
#27 C:\laragon\www\dentvira\public\leantime\app\Core\Http\HttpKernel.php(173): Leantime\Core\Http\HttpKernel->findAndDispatchToRouter(Object(Leantime\Core\Http\IncomingRequest))
#28 C:\laragon\www\dentvira\public\leantime\vendor\laravel\framework\src\Illuminate\Pipeline\Pipeline.php(170): Leantime\Core\Http\HttpKernel->{closure:{closure:Leantime\Core\Http\HttpKernel::sendRequestThroughRouter():164}:173}(Object(Leantime\Core\Http\IncomingRequest))
#29 C:\laragon\www\dentvira\public\leantime\vendor\laravel\framework\src\Illuminate\Pipeline\Pipeline.php(127): Illuminate\Pipeline\Pipeline->{closure:Illuminate\Pipeline\Pipeline::prepareDestination():168}(Object(Leantime\Core\Http\IncomingRequest))
#30 C:\laragon\www\dentvira\public\leantime\app\Core\Http\HttpKernel.php(173): Illuminate\Pipeline\Pipeline->then(Object(Closure))
#31 C:\laragon\www\dentvira\public\leantime\vendor\laravel\framework\src\Illuminate\Pipeline\Pipeline.php(170): Leantime\Core\Http\HttpKernel->{closure:Leantime\Core\Http\HttpKernel::sendRequestThroughRouter():164}(Object(Leantime\Core\Http\IncomingRequest))
#32 C:\laragon\www\dentvira\public\leantime\app\Domain\Projects\Middleware\CurrentProject.php(41): Illuminate\Pipeline\Pipeline->{closure:Illuminate\Pipeline\Pipeline::prepareDestination():168}(Object(Leantime\Core\Http\IncomingRequest))
#33 C:\laragon\www\dentvira\public\leantime\vendor\laravel\framework\src\Illuminate\Pipeline\Pipeline.php(209): Leantime\Domain\Projects\Middleware\CurrentProject->handle(Object(Leantime\Core\Http\IncomingRequest), Object(Closure))
#34 C:\laragon\www\dentvira\public\leantime\app\Core\Middleware\Localization.php(78): Illuminate\Pipeline\Pipeline->{closure:{closure:Illuminate\Pipeline\Pipeline::carry():184}:185}(Object(Leantime\Core\Http\IncomingRequest))
#35 C:\laragon\www\dentvira\public\leantime\vendor\laravel\framework\src\Illuminate\Pipeline\Pipeline.php(209): Leantime\Core\Middleware\Localization->handle(Object(Leantime\Core\Http\IncomingRequest), Object(Closure))
#36 C:\laragon\www\dentvira\public\leantime\app\Core\Middleware\SetCacheHeaders.php(49): Illuminate\Pipeline\Pipeline->{closure:{closure:Illuminate\Pipeline\Pipeline::carry():184}:185}(Object(Leantime\Core\Http\IncomingRequest))
#37 C:\laragon\www\dentvira\public\leantime\vendor\laravel\framework\src\Illuminate\Pipeline\Pipeline.php(209): Leantime\Core\Middleware\SetCacheHeaders->handle(Object(Leantime\Core\Http\IncomingRequest), Object(Closure))
#38 C:\laragon\www\dentvira\public\leantime\vendor\laravel\framework\src\Illuminate\Foundation\Http\Middleware\TransformsRequest.php(21): Illuminate\Pipeline\Pipeline->{closure:{closure:Illuminate\Pipeline\Pipeline::carry():184}:185}(Object(Leantime\Core\Http\IncomingRequest))
#39 C:\laragon\www\dentvira\public\leantime\vendor\laravel\framework\src\Illuminate\Foundation\Http\Middleware\ConvertEmptyStringsToNull.php(31): Illuminate\Foundation\Http\Middleware\TransformsRequest->handle(Object(Leantime\Core\Http\IncomingRequest), Object(Closure))
#40 C:\laragon\www\dentvira\public\leantime\vendor\laravel\framework\src\Illuminate\Pipeline\Pipeline.php(209): Illuminate\Foundation\Http\Middleware\ConvertEmptyStringsToNull->handle(Object(Leantime\Core\Http\IncomingRequest), Object(Closure))
#41 C:\laragon\www\dentvira\public\leantime\vendor\laravel\framework\src\Illuminate\Foundation\Http\Middleware\TransformsRequest.php(21): Illuminate\Pipeline\Pipeline->{closure:{closure:Illuminate\Pipeline\Pipeline::carry():184}:185}(Object(Leantime\Core\Http\IncomingRequest))
#42 C:\laragon\www\dentvira\public\leantime\vendor\laravel\framework\src\Illuminate\Foundation\Http\Middleware\TrimStrings.php(51): Illuminate\Foundation\Http\Middleware\TransformsRequest->handle(Object(Leantime\Core\Http\IncomingRequest), Object(Closure))
#43 C:\laragon\www\dentvira\public\leantime\vendor\laravel\framework\src\Illuminate\Pipeline\Pipeline.php(209): Illuminate\Foundation\Http\Middleware\TrimStrings->handle(Object(Leantime\Core\Http\IncomingRequest), Object(Closure))
#44 C:\laragon\www\dentvira\public\leantime\vendor\laravel\framework\src\Illuminate\Http\Middleware\ValidatePostSize.php(27): Illuminate\Pipeline\Pipeline->{closure:{closure:Illuminate\Pipeline\Pipeline::carry():184}:185}(Object(Leantime\Core\Http\IncomingRequest))
#45 C:\laragon\www\dentvira\public\leantime\vendor\laravel\framework\src\Illuminate\Pipeline\Pipeline.php(209): Illuminate\Http\Middleware\ValidatePostSize->handle(Object(Leantime\Core\Http\IncomingRequest), Object(Closure))
#46 C:\laragon\www\dentvira\public\leantime\vendor\laravel\framework\src\Illuminate\Http\Middleware\HandleCors.php(49): Illuminate\Pipeline\Pipeline->{closure:{closure:Illuminate\Pipeline\Pipeline::carry():184}:185}(Object(Leantime\Core\Http\IncomingRequest))
#47 C:\laragon\www\dentvira\public\leantime\vendor\laravel\framework\src\Illuminate\Pipeline\Pipeline.php(209): Illuminate\Http\Middleware\HandleCors->handle(Object(Leantime\Core\Http\IncomingRequest), Object(Closure))
#48 C:\laragon\www\dentvira\public\leantime\app\Core\Middleware\RequestRateLimiter.php(55): Illuminate\Pipeline\Pipeline->{closure:{closure:Illuminate\Pipeline\Pipeline::carry():184}:185}(Object(Leantime\Core\Http\IncomingRequest))
#49 C:\laragon\www\dentvira\public\leantime\vendor\laravel\framework\src\Illuminate\Pipeline\Pipeline.php(209): Leantime\Core\Middleware\RequestRateLimiter->handle(Object(Leantime\Core\Http\IncomingRequest), Object(Closure))
#50 C:\laragon\www\dentvira\public\leantime\app\Core\Middleware\AuthenticateSession.php(34): Illuminate\Pipeline\Pipeline->{closure:{closure:Illuminate\Pipeline\Pipeline::carry():184}:185}(Object(Leantime\Core\Http\IncomingRequest))
#51 C:\laragon\www\dentvira\public\leantime\vendor\laravel\framework\src\Illuminate\Pipeline\Pipeline.php(209): Leantime\Core\Middleware\AuthenticateSession->handle(Object(Leantime\Core\Http\IncomingRequest), Object(Closure))
#52 C:\laragon\www\dentvira\public\leantime\app\Core\Middleware\AuthCheck.php(62): Illuminate\Pipeline\Pipeline->{closure:{closure:Illuminate\Pipeline\Pipeline::carry():184}:185}(Object(Leantime\Core\Http\IncomingRequest))
#53 C:\laragon\www\dentvira\public\leantime\vendor\laravel\framework\src\Illuminate\Pipeline\Pipeline.php(209): Leantime\Core\Middleware\AuthCheck->handle(Object(Leantime\Core\Http\IncomingRequest), Object(Closure))
#54 C:\laragon\www\dentvira\public\leantime\app\Core\Middleware\InitialHeaders.php(24): Illuminate\Pipeline\Pipeline->{closure:{closure:Illuminate\Pipeline\Pipeline::carry():184}:185}(Object(Leantime\Core\Http\IncomingRequest))
#55 C:\laragon\www\dentvira\public\leantime\vendor\laravel\framework\src\Illuminate\Pipeline\Pipeline.php(209): Leantime\Core\Middleware\InitialHeaders->handle(Object(Leantime\Core\Http\IncomingRequest), Object(Closure))
#56 C:\laragon\www\dentvira\public\leantime\app\Core\Middleware\LoadPlugins.php(32): Illuminate\Pipeline\Pipeline->{closure:{closure:Illuminate\Pipeline\Pipeline::carry():184}:185}(Object(Leantime\Core\Http\IncomingRequest))
#57 C:\laragon\www\dentvira\public\leantime\vendor\laravel\framework\src\Illuminate\Pipeline\Pipeline.php(209): Leantime\Core\Middleware\LoadPlugins->handle(Object(Leantime\Core\Http\IncomingRequest), Object(Closure))
#58 C:\laragon\www\dentvira\public\leantime\app\Core\Middleware\Updated.php(67): Illuminate\Pipeline\Pipeline->{closure:{closure:Illuminate\Pipeline\Pipeline::carry():184}:185}(Object(Leantime\Core\Http\IncomingRequest))
#59 C:\laragon\www\dentvira\public\leantime\vendor\laravel\framework\src\Illuminate\Pipeline\Pipeline.php(209): Leantime\Core\Middleware\Updated->handle(Object(Leantime\Core\Http\IncomingRequest), Object(Closure))
#60 C:\laragon\www\dentvira\public\leantime\app\Core\Middleware\Installed.php(39): Illuminate\Pipeline\Pipeline->{closure:{closure:Illuminate\Pipeline\Pipeline::carry():184}:185}(Object(Leantime\Core\Http\IncomingRequest))
#61 C:\laragon\www\dentvira\public\leantime\vendor\laravel\framework\src\Illuminate\Pipeline\Pipeline.php(209): Leantime\Core\Middleware\Installed->handle(Object(Leantime\Core\Http\IncomingRequest), Object(Closure))
#62 C:\laragon\www\dentvira\public\leantime\app\Core\Middleware\StartSession.php(134): Illuminate\Pipeline\Pipeline->{closure:{closure:Illuminate\Pipeline\Pipeline::carry():184}:185}(Object(Leantime\Core\Http\IncomingRequest))
#63 C:\laragon\www\dentvira\public\leantime\app\Core\Middleware\StartSession.php(83): Leantime\Core\Middleware\StartSession->handleOptimisticRequest(Object(Leantime\Core\Http\IncomingRequest), Object(Illuminate\Session\Store), Object(Closure))
#64 C:\laragon\www\dentvira\public\leantime\vendor\laravel\framework\src\Illuminate\Pipeline\Pipeline.php(209): Leantime\Core\Middleware\StartSession->handle(Object(Leantime\Core\Http\IncomingRequest), Object(Closure))
#65 C:\laragon\www\dentvira\public\leantime\app\Core\Middleware\TrustProxies.php(65): Illuminate\Pipeline\Pipeline->{closure:{closure:Illuminate\Pipeline\Pipeline::carry():184}:185}(Object(Leantime\Core\Http\IncomingRequest))
#66 C:\laragon\www\dentvira\public\leantime\vendor\laravel\framework\src\Illuminate\Pipeline\Pipeline.php(209): Leantime\Core\Middleware\TrustProxies->handle(Object(Leantime\Core\Http\IncomingRequest), Object(Closure))
#67 C:\laragon\www\dentvira\public\leantime\vendor\laravel\framework\src\Illuminate\Pipeline\Pipeline.php(127): Illuminate\Pipeline\Pipeline->{closure:{closure:Illuminate\Pipeline\Pipeline::carry():184}:185}(Object(Leantime\Core\Http\IncomingRequest))
#68 C:\laragon\www\dentvira\public\leantime\app\Core\Http\HttpKernel.php(164): Illuminate\Pipeline\Pipeline->then(Object(Closure))
#69 C:\laragon\www\dentvira\public\leantime\app\Core\Http\HttpKernel.php(121): Leantime\Core\Http\HttpKernel->sendRequestThroughRouter(Object(Leantime\Core\Http\IncomingRequest))
#70 C:\laragon\www\dentvira\public\leantime\app\Core\Bootloader.php(79): Leantime\Core\Http\HttpKernel->handle(Object(Leantime\Core\Http\IncomingRequest))
#71 C:\laragon\www\dentvira\public\leantime\app\Core\Bootloader.php(60): Leantime\Core\Bootloader->handleRequest(Object(Leantime\Core\Http\IncomingRequest))
#72 C:\laragon\www\dentvira\public\leantime\public\index.php(20): Leantime\Core\Bootloader->boot(Object(Leantime\Core\Application))
#73 {main}  
[2026-10-02 13:50:29] production.ERROR: SQLSTATE[42S02]: Base table or view not found: 1146 Table 'dentvira_leantime.zp_user' doesn't exist (Connection: mysql, SQL: select count(*) as aggregate from `zp_user`) {"exception":"[object] (Illuminate\\Database\\QueryException(code: 42S02): SQLSTATE[42S02]: Base table or view not found: 1146 Table 'dentvira_leantime.zp_user' doesn't exist (Connection: mysql, SQL: select count(*) as aggregate from `zp_user`) at C:\\laragon\\www\\dentvira\\public\\leantime\\vendor\\laravel\\framework\\src\\Illuminate\\Database\\Connection.php:825)
[stacktrace]
#0 C:\\laragon\\www\\dentvira\\public\\leantime\\vendor\\laravel\\framework\\src\\Illuminate\\Database\\Connection.php(779): Illuminate\\Database\\Connection->runQueryCallback('select count(*)...', Array, Object(Closure))
#1 C:\\laragon\\www\\dentvira\\public\\leantime\\vendor\\laravel\\framework\\src\\Illuminate\\Database\\Connection.php(398): Illuminate\\Database\\Connection->run('select count(*)...', Array, Object(Closure))
#2 C:\\laragon\\www\\dentvira\\public\\leantime\\vendor\\laravel\\framework\\src\\Illuminate\\Database\\Query\\Builder.php(3106): Illuminate\\Database\\Connection->select('select count(*)...', Array, true)
#3 C:\\laragon\\www\\dentvira\\public\\leantime\\vendor\\laravel\\framework\\src\\Illuminate\\Database\\Query\\Builder.php(3091): Illuminate\\Database\\Query\\Builder->runSelect()
#4 C:\\laragon\\www\\dentvira\\public\\leantime\\vendor\\laravel\\framework\\src\\Illuminate\\Database\\Query\\Builder.php(3676): Illuminate\\Database\\Query\\Builder->{closure:Illuminate\\Database\\Query\\Builder::get():3090}()
#5 C:\\laragon\\www\\dentvira\\public\\leantime\\vendor\\laravel\\framework\\src\\Illuminate\\Database\\Query\\Builder.php(3090): Illuminate\\Database\\Query\\Builder->onceWithColumns(Array, Object(Closure))
#6 C:\\laragon\\www\\dentvira\\public\\leantime\\vendor\\laravel\\framework\\src\\Illuminate\\Database\\Query\\Builder.php(3603): Illuminate\\Database\\Query\\Builder->get(Array)
#7 C:\\laragon\\www\\dentvira\\public\\leantime\\vendor\\laravel\\framework\\src\\Illuminate\\Database\\Query\\Builder.php(3531): Illuminate\\Database\\Query\\Builder->aggregate('count', Array)
#8 C:\\laragon\\www\\dentvira\\public\\leantime\\app\\Domain\\Setting\\Repositories\\Setting.php(159): Illuminate\\Database\\Query\\Builder->count()
#9 C:\\laragon\\www\\dentvira\\public\\leantime\\app\\Domain\\Setting\\Repositories\\Setting.php(34): Leantime\\Domain\\Setting\\Repositories\\Setting->checkIfInstalled()
#10 C:\\laragon\\www\\dentvira\\public\\leantime\\app\\Core\\UI\\Theme.php(890): Leantime\\Domain\\Setting\\Repositories\\Setting->getSetting('companysettings...')
#11 C:\\laragon\\www\\dentvira\\public\\leantime\\app\\Views\\Composers\\Entry.php(24): Leantime\\Core\\UI\\Theme->getLogoUrl()
#12 C:\\laragon\\www\\dentvira\\public\\leantime\\app\\Core\\UI\\Composer.php(62): Leantime\\Views\\Composers\\Entry->with()
#13 C:\\laragon\\www\\dentvira\\public\\leantime\\app\\Core\\UI\\Composer.php(52): Leantime\\Core\\UI\\Composer->merge()
#14 C:\\laragon\\www\\dentvira\\public\\leantime\\vendor\\laravel\\framework\\src\\Illuminate\\View\\Concerns\\ManagesEvents.php(124): Leantime\\Core\\UI\\Composer->compose(Object(Illuminate\\View\\View), Array)
#15 C:\\laragon\\www\\dentvira\\public\\leantime\\app\\Core\\Events\\EventDispatcher.php(707): Illuminate\\View\\Factory->{closure:Illuminate\\View\\Concerns\\ManagesEvents::buildClassEventCallback():123}(Object(Illuminate\\View\\View), Array)
#16 C:\\laragon\\www\\dentvira\\public\\leantime\\app\\Core\\Events\\EventDispatcher.php(413): Leantime\\Core\\Events\\EventDispatcher::{closure:Leantime\\Core\\Events\\EventDispatcher::makeListener():702}('composing: glob...', Array)
#17 C:\\laragon\\www\\dentvira\\public\\leantime\\app\\Core\\Events\\EventDispatcher.php(196): Leantime\\Core\\Events\\EventDispatcher::executeHandlers(Array, 'events', 'composing: glob...', Array)
#18 C:\\laragon\\www\\dentvira\\public\\leantime\\app\\Core\\Events\\EventDispatcher.php(131): Leantime\\Core\\Events\\EventDispatcher::dispatch_event('composing: glob...', Array, '')
#19 C:\\laragon\\www\\dentvira\\public\\leantime\\vendor\\laravel\\framework\\src\\Illuminate\\View\\Concerns\\ManagesEvents.php(178): Leantime\\Core\\Events\\EventDispatcher->dispatch('composing: glob...', Array)
#20 C:\\laragon\\www\\dentvira\\public\\leantime\\vendor\\laravel\\framework\\src\\Illuminate\\View\\View.php(190): Illuminate\\View\\Factory->callComposer(Object(Illuminate\\View\\View))
#21 C:\\laragon\\www\\dentvira\\public\\leantime\\vendor\\laravel\\framework\\src\\Illuminate\\View\\View.php(161): Illuminate\\View\\View->renderContents()
#22 C:\\laragon\\www\\dentvira\\public\\leantime\\storage\\framework\\views\\1a3a8b64c6c5b3edbb32a652600f7969.php(127): Illuminate\\View\\View->render()
#23 C:\\laragon\\www\\dentvira\\public\\leantime\\vendor\\laravel\\framework\\src\\Illuminate\\Filesystem\\Filesystem.php(123): require('C:\\\\laragon\\\\www\\\\...')
#24 C:\\laragon\\www\\dentvira\\public\\leantime\\vendor\\laravel\\framework\\src\\Illuminate\\Filesystem\\Filesystem.php(124): Illuminate\\Filesystem\\Filesystem::{closure:Illuminate\\Filesystem\\Filesystem::getRequire():120}()
#25 C:\\laragon\\www\\dentvira\\public\\leantime\\vendor\\laravel\\framework\\src\\Illuminate\\View\\Engines\\PhpEngine.php(58): Illuminate\\Filesystem\\Filesystem->getRequire('C:\\\\laragon\\\\www\\\\...', Array)
#26 C:\\laragon\\www\\dentvira\\public\\leantime\\vendor\\laravel\\framework\\src\\Illuminate\\View\\Engines\\CompilerEngine.php(75): Illuminate\\View\\Engines\\PhpEngine->evaluatePath('C:\\\\laragon\\\\www\\\\...', Array)
#27 C:\\laragon\\www\\dentvira\\public\\leantime\\vendor\\laravel\\framework\\src\\Illuminate\\View\\View.php(209): Illuminate\\View\\Engines\\CompilerEngine->get('C:\\\\laragon\\\\www\\\\...', Array)
#28 C:\\laragon\\www\\dentvira\\public\\leantime\\vendor\\laravel\\framework\\src\\Illuminate\\View\\View.php(192): Illuminate\\View\\View->getContents()
#29 C:\\laragon\\www\\dentvira\\public\\leantime\\vendor\\laravel\\framework\\src\\Illuminate\\View\\View.php(161): Illuminate\\View\\View->renderContents()
#30 C:\\laragon\\www\\dentvira\\public\\leantime\\app\\Core\\UI\\Template.php(322): Illuminate\\View\\View->render()
#31 C:\\laragon\\www\\dentvira\\public\\leantime\\app\\Domain\\Install\\Controllers\\Index.php(36): Leantime\\Core\\UI\\Template->display('install.new', 'global::layouts...')
#32 C:\\laragon\\www\\dentvira\\public\\leantime\\app\\Core\\Controller\\Controller.php(73): Leantime\\Domain\\Install\\Controllers\\Index->get(Array)
#33 C:\\laragon\\www\\dentvira\\public\\leantime\\app\\Core\\Controller\\Frontcontroller.php(172): Leantime\\Core\\Controller\\Controller->callAction('get', Array)
#34 C:\\laragon\\www\\dentvira\\public\\leantime\\app\\Core\\Controller\\Frontcontroller.php(65): Leantime\\Core\\Controller\\Frontcontroller->executeAction('Leantime\\\\Domain...', 'get')
#35 C:\\laragon\\www\\dentvira\\public\\leantime\\app\\Core\\Controller\\Frontcontroller.php(75): Leantime\\Core\\Controller\\Frontcontroller->dispatch(Object(Leantime\\Core\\Http\\IncomingRequest))
#36 C:\\laragon\\www\\dentvira\\public\\leantime\\app\\Core\\Http\\HttpKernel.php(216): Leantime\\Core\\Controller\\Frontcontroller::dispatch_request(Object(Leantime\\Core\\Http\\IncomingRequest))
#37 C:\\laragon\\www\\dentvira\\public\\leantime\\app\\Core\\Http\\HttpKernel.php(173): Leantime\\Core\\Http\\HttpKernel->findAndDispatchToRouter(Object(Leantime\\Core\\Http\\IncomingRequest))
#38 C:\\laragon\\www\\dentvira\\public\\leantime\\vendor\\laravel\\framework\\src\\Illuminate\\Pipeline\\Pipeline.php(170): Leantime\\Core\\Http\\HttpKernel->{closure:{closure:Leantime\\Core\\Http\\HttpKernel::sendRequestThroughRouter():164}:173}(Object(Leantime\\Core\\Http\\IncomingRequest))
#39 C:\\laragon\\www\\dentvira\\public\\leantime\\vendor\\laravel\\framework\\src\\Illuminate\\Pipeline\\Pipeline.php(127): Illuminate\\Pipeline\\Pipeline->{closure:Illuminate\\Pipeline\\Pipeline::prepareDestination():168}(Object(Leantime\\Core\\Http\\IncomingRequest))
#40 C:\\laragon\\www\\dentvira\\public\\leantime\\app\\Core\\Http\\HttpKernel.php(173): Illuminate\\Pipeline\\Pipeline->then(Object(Closure))
#41 C:\\laragon\\www\\dentvira\\public\\leantime\\vendor\\laravel\\framework\\src\\Illuminate\\Pipeline\\Pipeline.php(170): Leantime\\Core\\Http\\HttpKernel->{closure:Leantime\\Core\\Http\\HttpKernel::sendRequestThroughRouter():164}(Object(Leantime\\Core\\Http\\IncomingRequest))
#42 C:\\laragon\\www\\dentvira\\public\\leantime\\app\\Domain\\Projects\\Middleware\\CurrentProject.php(41): Illuminate\\Pipeline\\Pipeline->{closure:Illuminate\\Pipeline\\Pipeline::prepareDestination():168}(Object(Leantime\\Core\\Http\\IncomingRequest))
#43 C:\\laragon\\www\\dentvira\\public\\leantime\\vendor\\laravel\\framework\\src\\Illuminate\\Pipeline\\Pipeline.php(209): Leantime\\Domain\\Projects\\Middleware\\CurrentProject->handle(Object(Leantime\\Core\\Http\\IncomingRequest), Object(Closure))
#44 C:\\laragon\\www\\dentvira\\public\\leantime\\app\\Core\\Middleware\\Localization.php(78): Illuminate\\Pipeline\\Pipeline->{closure:{closure:Illuminate\\Pipeline\\Pipeline::carry():184}:185}(Object(Leantime\\Core\\Http\\IncomingRequest))
#45 C:\\laragon\\www\\dentvira\\public\\leantime\\vendor\\laravel\\framework\\src\\Illuminate\\Pipeline\\Pipeline.php(209): Leantime\\Core\\Middleware\\Localization->handle(Object(Leantime\\Core\\Http\\IncomingRequest), Object(Closure))
#46 C:\\laragon\\www\\dentvira\\public\\leantime\\app\\Core\\Middleware\\SetCacheHeaders.php(49): Illuminate\\Pipeline\\Pipeline->{closure:{closure:Illuminate\\Pipeline\\Pipeline::carry():184}:185}(Object(Leantime\\Core\\Http\\IncomingRequest))
#47 C:\\laragon\\www\\dentvira\\public\\leantime\\vendor\\laravel\\framework\\src\\Illuminate\\Pipeline\\Pipeline.php(209): Leantime\\Core\\Middleware\\SetCacheHeaders->handle(Object(Leantime\\Core\\Http\\IncomingRequest), Object(Closure))
#48 C:\\laragon\\www\\dentvira\\public\\leantime\\vendor\\laravel\\framework\\src\\Illuminate\\Foundation\\Http\\Middleware\\TransformsRequest.php(21): Illuminate\\Pipeline\\Pipeline->{closure:{closure:Illuminate\\Pipeline\\Pipeline::carry():184}:185}(Object(Leantime\\Core\\Http\\IncomingRequest))
#49 C:\\laragon\\www\\dentvira\\public\\leantime\\vendor\\laravel\\framework\\src\\Illuminate\\Foundation\\Http\\Middleware\\ConvertEmptyStringsToNull.php(31): Illuminate\\Foundation\\Http\\Middleware\\TransformsRequest->handle(Object(Leantime\\Core\\Http\\IncomingRequest), Object(Closure))
#50 C:\\laragon\\www\\dentvira\\public\\leantime\\vendor\\laravel\\framework\\src\\Illuminate\\Pipeline\\Pipeline.php(209): Illuminate\\Foundation\\Http\\Middleware\\ConvertEmptyStringsToNull->handle(Object(Leantime\\Core\\Http\\IncomingRequest), Object(Closure))
#51 C:\\laragon\\www\\dentvira\\public\\leantime\\vendor\\laravel\\framework\\src\\Illuminate\\Foundation\\Http\\Middleware\\TransformsRequest.php(21): Illuminate\\Pipeline\\Pipeline->{closure:{closure:Illuminate\\Pipeline\\Pipeline::carry():184}:185}(Object(Leantime\\Core\\Http\\IncomingRequest))
#52 C:\\laragon\\www\\dentvira\\public\\leantime\\vendor\\laravel\\framework\\src\\Illuminate\\Foundation\\Http\\Middleware\\TrimStrings.php(51): Illuminate\\Foundation\\Http\\Middleware\\TransformsRequest->handle(Object(Leantime\\Core\\Http\\IncomingRequest), Object(Closure))
#53 C:\\laragon\\www\\dentvira\\public\\leantime\\vendor\\laravel\\framework\\src\\Illuminate\\Pipeline\\Pipeline.php(209): Illuminate\\Foundation\\Http\\Middleware\\TrimStrings->handle(Object(Leantime\\Core\\Http\\IncomingRequest), Object(Closure))
#54 C:\\laragon\\www\\dentvira\\public\\leantime\\vendor\\laravel\\framework\\src\\Illuminate\\Http\\Middleware\\ValidatePostSize.php(27): Illuminate\\Pipeline\\Pipeline->{closure:{closure:Illuminate\\Pipeline\\Pipeline::carry():184}:185}(Object(Leantime\\Core\\Http\\IncomingRequest))
#55 C:\\laragon\\www\\dentvira\\public\\leantime\\vendor\\laravel\\framework\\src\\Illuminate\\Pipeline\\Pipeline.php(209): Illuminate\\Http\\Middleware\\ValidatePostSize->handle(Object(Leantime\\Core\\Http\\IncomingRequest), Object(Closure))
#56 C:\\laragon\\www\\dentvira\\public\\leantime\\vendor\\laravel\\framework\\src\\Illuminate\\Http\\Middleware\\HandleCors.php(49): Illuminate\\Pipeline\\Pipeline->{closure:{closure:Illuminate\\Pipeline\\Pipeline::carry():184}:185}(Object(Leantime\\Core\\Http\\IncomingRequest))
#57 C:\\laragon\\www\\dentvira\\public\\leantime\\vendor\\laravel\\framework\\src\\Illuminate\\Pipeline\\Pipeline.php(209): Illuminate\\Http\\Middleware\\HandleCors->handle(Object(Leantime\\Core\\Http\\IncomingRequest), Object(Closure))
#58 C:\\laragon\\www\\dentvira\\public\\leantime\\app\\Core\\Middleware\\RequestRateLimiter.php(55): Illuminate\\Pipeline\\Pipeline->{closure:{closure:Illuminate\\Pipeline\\Pipeline::carry():184}:185}(Object(Leantime\\Core\\Http\\IncomingRequest))
#59 C:\\laragon\\www\\dentvira\\public\\leantime\\vendor\\laravel\\framework\\src\\Illuminate\\Pipeline\\Pipeline.php(209): Leantime\\Core\\Middleware\\RequestRateLimiter->handle(Object(Leantime\\Core\\Http\\IncomingRequest), Object(Closure))
#60 C:\\laragon\\www\\dentvira\\public\\leantime\\app\\Core\\Middleware\\AuthenticateSession.php(34): Illuminate\\Pipeline\\Pipeline->{closure:{closure:Illuminate\\Pipeline\\Pipeline::carry():184}:185}(Object(Leantime\\Core\\Http\\IncomingRequest))
#61 C:\\laragon\\www\\dentvira\\public\\leantime\\vendor\\laravel\\framework\\src\\Illuminate\\Pipeline\\Pipeline.php(209): Leantime\\Core\\Middleware\\AuthenticateSession->handle(Object(Leantime\\Core\\Http\\IncomingRequest), Object(Closure))
#62 C:\\laragon\\www\\dentvira\\public\\leantime\\app\\Core\\Middleware\\AuthCheck.php(62): Illuminate\\Pipeline\\Pipeline->{closure:{closure:Illuminate\\Pipeline\\Pipeline::carry():184}:185}(Object(Leantime\\Core\\Http\\IncomingRequest))
#63 C:\\laragon\\www\\dentvira\\public\\leantime\\vendor\\laravel\\framework\\src\\Illuminate\\Pipeline\\Pipeline.php(209): Leantime\\Core\\Middleware\\AuthCheck->handle(Object(Leantime\\Core\\Http\\IncomingRequest), Object(Closure))
#64 C:\\laragon\\www\\dentvira\\public\\leantime\\app\\Core\\Middleware\\InitialHeaders.php(24): Illuminate\\Pipeline\\Pipeline->{closure:{closure:Illuminate\\Pipeline\\Pipeline::carry():184}:185}(Object(Leantime\\Core\\Http\\IncomingRequest))
#65 C:\\laragon\\www\\dentvira\\public\\leantime\\vendor\\laravel\\framework\\src\\Illuminate\\Pipeline\\Pipeline.php(209): Leantime\\Core\\Middleware\\InitialHeaders->handle(Object(Leantime\\Core\\Http\\IncomingRequest), Object(Closure))
#66 C:\\laragon\\www\\dentvira\\public\\leantime\\app\\Core\\Middleware\\LoadPlugins.php(32): Illuminate\\Pipeline\\Pipeline->{closure:{closure:Illuminate\\Pipeline\\Pipeline::carry():184}:185}(Object(Leantime\\Core\\Http\\IncomingRequest))
#67 C:\\laragon\\www\\dentvira\\public\\leantime\\vendor\\laravel\\framework\\src\\Illuminate\\Pipeline\\Pipeline.php(209): Leantime\\Core\\Middleware\\LoadPlugins->handle(Object(Leantime\\Core\\Http\\IncomingRequest), Object(Closure))
#68 C:\\laragon\\www\\dentvira\\public\\leantime\\app\\Core\\Middleware\\Updated.php(67): Illuminate\\Pipeline\\Pipeline->{closure:{closure:Illuminate\\Pipeline\\Pipeline::carry():184}:185}(Object(Leantime\\Core\\Http\\IncomingRequest))
#69 C:\\laragon\\www\\dentvira\\public\\leantime\\vendor\\laravel\\framework\\src\\Illuminate\\Pipeline\\Pipeline.php(209): Leantime\\Core\\Middleware\\Updated->handle(Object(Leantime\\Core\\Http\\IncomingRequest), Object(Closure))
#70 C:\\laragon\\www\\dentvira\\public\\leantime\\app\\Core\\Middleware\\Installed.php(39): Illuminate\\Pipeline\\Pipeline->{closure:{closure:Illuminate\\Pipeline\\Pipeline::carry():184}:185}(Object(Leantime\\Core\\Http\\IncomingRequest))
#71 C:\\laragon\\www\\dentvira\\public\\leantime\\vendor\\laravel\\framework\\src\\Illuminate\\Pipeline\\Pipeline.php(209): Leantime\\Core\\Middleware\\Installed->handle(Object(Leantime\\Core\\Http\\IncomingRequest), Object(Closure))
#72 C:\\laragon\\www\\dentvira\\public\\leantime\\app\\Core\\Middleware\\StartSession.php(134): Illuminate\\Pipeline\\Pipeline->{closure:{closure:Illuminate\\Pipeline\\Pipeline::carry():184}:185}(Object(Leantime\\Core\\Http\\IncomingRequest))
#73 C:\\laragon\\www\\dentvira\\public\\leantime\\app\\Core\\Middleware\\StartSession.php(83): Leantime\\Core\\Middleware\\StartSession->handleOptimisticRequest(Object(Leantime\\Core\\Http\\IncomingRequest), Object(Illuminate\\Session\\Store), Object(Closure))
#74 C:\\laragon\\www\\dentvira\\public\\leantime\\vendor\\laravel\\framework\\src\\Illuminate\\Pipeline\\Pipeline.php(209): Leantime\\Core\\Middleware\\StartSession->handle(Object(Leantime\\Core\\Http\\IncomingRequest), Object(Closure))
#75 C:\\laragon\\www\\dentvira\\public\\leantime\\app\\Core\\Middleware\\TrustProxies.php(65): Illuminate\\Pipeline\\Pipeline->{closure:{closure:Illuminate\\Pipeline\\Pipeline::carry():184}:185}(Object(Leantime\\Core\\Http\\IncomingRequest))
#76 C:\\laragon\\www\\dentvira\\public\\leantime\\vendor\\laravel\\framework\\src\\Illuminate\\Pipeline\\Pipeline.php(209): Leantime\\Core\\Middleware\\TrustProxies->handle(Object(Leantime\\Core\\Http\\IncomingRequest), Object(Closure))
#77 C:\\laragon\\www\\dentvira\\public\\leantime\\vendor\\laravel\\framework\\src\\Illuminate\\Pipeline\\Pipeline.php(127): Illuminate\\Pipeline\\Pipeline->{closure:{closure:Illuminate\\Pipeline\\Pipeline::carry():184}:185}(Object(Leantime\\Core\\Http\\IncomingRequest))
#78 C:\\laragon\\www\\dentvira\\public\\leantime\\app\\Core\\Http\\HttpKernel.php(164): Illuminate\\Pipeline\\Pipeline->then(Object(Closure))
#79 C:\\laragon\\www\\dentvira\\public\\leantime\\app\\Core\\Http\\HttpKernel.php(121): Leantime\\Core\\Http\\HttpKernel->sendRequestThroughRouter(Object(Leantime\\Core\\Http\\IncomingRequest))
#80 C:\\laragon\\www\\dentvira\\public\\leantime\\app\\Core\\Bootloader.php(79): Leantime\\Core\\Http\\HttpKernel->handle(Object(Leantime\\Core\\Http\\IncomingRequest))
#81 C:\\laragon\\www\\dentvira\\public\\leantime\\app\\Core\\Bootloader.php(60): Leantime\\Core\\Bootloader->handleRequest(Object(Leantime\\Core\\Http\\IncomingRequest))
#82 C:\\laragon\\www\\dentvira\\public\\leantime\\public\\index.php(20): Leantime\\Core\\Bootloader->boot(Object(Leantime\\Core\\Application))
#83 {main}

[previous exception] [object] (PDOException(code: 42S02): SQLSTATE[42S02]: Base table or view not found: 1146 Table 'dentvira_leantime.zp_user' doesn't exist at C:\\laragon\\www\\dentvira\\public\\leantime\\vendor\\laravel\\framework\\src\\Illuminate\\Database\\Connection.php:412)
[stacktrace]
#0 C:\\laragon\\www\\dentvira\\public\\leantime\\vendor\\laravel\\framework\\src\\Illuminate\\Database\\Connection.php(412): PDOStatement->execute()
#1 C:\\laragon\\www\\dentvira\\public\\leantime\\vendor\\laravel\\framework\\src\\Illuminate\\Database\\Connection.php(812): Illuminate\\Database\\Connection->{closure:Illuminate\\Database\\Connection::select():398}('select count(*)...', Array)
#2 C:\\laragon\\www\\dentvira\\public\\leantime\\vendor\\laravel\\framework\\src\\Illuminate\\Database\\Connection.php(779): Illuminate\\Database\\Connection->runQueryCallback('select count(*)...', Array, Object(Closure))
#3 C:\\laragon\\www\\dentvira\\public\\leantime\\vendor\\laravel\\framework\\src\\Illuminate\\Database\\Connection.php(398): Illuminate\\Database\\Connection->run('select count(*)...', Array, Object(Closure))
#4 C:\\laragon\\www\\dentvira\\public\\leantime\\vendor\\laravel\\framework\\src\\Illuminate\\Database\\Query\\Builder.php(3106): Illuminate\\Database\\Connection->select('select count(*)...', Array, true)
#5 C:\\laragon\\www\\dentvira\\public\\leantime\\vendor\\laravel\\framework\\src\\Illuminate\\Database\\Query\\Builder.php(3091): Illuminate\\Database\\Query\\Builder->runSelect()
#6 C:\\laragon\\www\\dentvira\\public\\leantime\\vendor\\laravel\\framework\\src\\Illuminate\\Database\\Query\\Builder.php(3676): Illuminate\\Database\\Query\\Builder->{closure:Illuminate\\Database\\Query\\Builder::get():3090}()
#7 C:\\laragon\\www\\dentvira\\public\\leantime\\vendor\\laravel\\framework\\src\\Illuminate\\Database\\Query\\Builder.php(3090): Illuminate\\Database\\Query\\Builder->onceWithColumns(Array, Object(Closure))
#8 C:\\laragon\\www\\dentvira\\public\\leantime\\vendor\\laravel\\framework\\src\\Illuminate\\Database\\Query\\Builder.php(3603): Illuminate\\Database\\Query\\Builder->get(Array)
#9 C:\\laragon\\www\\dentvira\\public\\leantime\\vendor\\laravel\\framework\\src\\Illuminate\\Database\\Query\\Builder.php(3531): Illuminate\\Database\\Query\\Builder->aggregate('count', Array)
#10 C:\\laragon\\www\\dentvira\\public\\leantime\\app\\Domain\\Setting\\Repositories\\Setting.php(159): Illuminate\\Database\\Query\\Builder->count()
#11 C:\\laragon\\www\\dentvira\\public\\leantime\\app\\Domain\\Setting\\Repositories\\Setting.php(34): Leantime\\Domain\\Setting\\Repositories\\Setting->checkIfInstalled()
#12 C:\\laragon\\www\\dentvira\\public\\leantime\\app\\Core\\UI\\Theme.php(890): Leantime\\Domain\\Setting\\Repositories\\Setting->getSetting('companysettings...')
#13 C:\\laragon\\www\\dentvira\\public\\leantime\\app\\Views\\Composers\\Entry.php(24): Leantime\\Core\\UI\\Theme->getLogoUrl()
#14 C:\\laragon\\www\\dentvira\\public\\leantime\\app\\Core\\UI\\Composer.php(62): Leantime\\Views\\Composers\\Entry->with()
#15 C:\\laragon\\www\\dentvira\\public\\leantime\\app\\Core\\UI\\Composer.php(52): Leantime\\Core\\UI\\Composer->merge()
#16 C:\\laragon\\www\\dentvira\\public\\leantime\\vendor\\laravel\\framework\\src\\Illuminate\\View\\Concerns\\ManagesEvents.php(124): Leantime\\Core\\UI\\Composer->compose(Object(Illuminate\\View\\View), Array)
#17 C:\\laragon\\www\\dentvira\\public\\leantime\\app\\Core\\Events\\EventDispatcher.php(707): Illuminate\\View\\Factory->{closure:Illuminate\\View\\Concerns\\ManagesEvents::buildClassEventCallback():123}(Object(Illuminate\\View\\View), Array)
#18 C:\\laragon\\www\\dentvira\\public\\leantime\\app\\Core\\Events\\EventDispatcher.php(413): Leantime\\Core\\Events\\EventDispatcher::{closure:Leantime\\Core\\Events\\EventDispatcher::makeListener():702}('composing: glob...', Array)
#19 C:\\laragon\\www\\dentvira\\public\\leantime\\app\\Core\\Events\\EventDispatcher.php(196): Leantime\\Core\\Events\\EventDispatcher::executeHandlers(Array, 'events', 'composing: glob...', Array)
#20 C:\\laragon\\www\\dentvira\\public\\leantime\\app\\Core\\Events\\EventDispatcher.php(131): Leantime\\Core\\Events\\EventDispatcher::dispatch_event('composing: glob...', Array, '')
#21 C:\\laragon\\www\\dentvira\\public\\leantime\\vendor\\laravel\\framework\\src\\Illuminate\\View\\Concerns\\ManagesEvents.php(178): Leantime\\Core\\Events\\EventDispatcher->dispatch('composing: glob...', Array)
#22 C:\\laragon\\www\\dentvira\\public\\leantime\\vendor\\laravel\\framework\\src\\Illuminate\\View\\View.php(190): Illuminate\\View\\Factory->callComposer(Object(Illuminate\\View\\View))
#23 C:\\laragon\\www\\dentvira\\public\\leantime\\vendor\\laravel\\framework\\src\\Illuminate\\View\\View.php(161): Illuminate\\View\\View->renderContents()
#24 C:\\laragon\\www\\dentvira\\public\\leantime\\storage\\framework\\views\\1a3a8b64c6c5b3edbb32a652600f7969.php(127): Illuminate\\View\\View->render()
#25 C:\\laragon\\www\\dentvira\\public\\leantime\\vendor\\laravel\\framework\\src\\Illuminate\\Filesystem\\Filesystem.php(123): require('C:\\\\laragon\\\\www\\\\...')
#26 C:\\laragon\\www\\dentvira\\public\\leantime\\vendor\\laravel\\framework\\src\\Illuminate\\Filesystem\\Filesystem.php(124): Illuminate\\Filesystem\\Filesystem::{closure:Illuminate\\Filesystem\\Filesystem::getRequire():120}()
#27 C:\\laragon\\www\\dentvira\\public\\leantime\\vendor\\laravel\\framework\\src\\Illuminate\\View\\Engines\\PhpEngine.php(58): Illuminate\\Filesystem\\Filesystem->getRequire('C:\\\\laragon\\\\www\\\\...', Array)
#28 C:\\laragon\\www\\dentvira\\public\\leantime\\vendor\\laravel\\framework\\src\\Illuminate\\View\\Engines\\CompilerEngine.php(75): Illuminate\\View\\Engines\\PhpEngine->evaluatePath('C:\\\\laragon\\\\www\\\\...', Array)
#29 C:\\laragon\\www\\dentvira\\public\\leantime\\vendor\\laravel\\framework\\src\\Illuminate\\View\\View.php(209): Illuminate\\View\\Engines\\CompilerEngine->get('C:\\\\laragon\\\\www\\\\...', Array)
#30 C:\\laragon\\www\\dentvira\\public\\leantime\\vendor\\laravel\\framework\\src\\Illuminate\\View\\View.php(192): Illuminate\\View\\View->getContents()
#31 C:\\laragon\\www\\dentvira\\public\\leantime\\vendor\\laravel\\framework\\src\\Illuminate\\View\\View.php(161): Illuminate\\View\\View->renderContents()
#32 C:\\laragon\\www\\dentvira\\public\\leantime\\app\\Core\\UI\\Template.php(322): Illuminate\\View\\View->render()
#33 C:\\laragon\\www\\dentvira\\public\\leantime\\app\\Domain\\Install\\Controllers\\Index.php(36): Leantime\\Core\\UI\\Template->display('install.new', 'global::layouts...')
#34 C:\\laragon\\www\\dentvira\\public\\leantime\\app\\Core\\Controller\\Controller.php(73): Leantime\\Domain\\Install\\Controllers\\Index->get(Array)
#35 C:\\laragon\\www\\dentvira\\public\\leantime\\app\\Core\\Controller\\Frontcontroller.php(172): Leantime\\Core\\Controller\\Controller->callAction('get', Array)
#36 C:\\laragon\\www\\dentvira\\public\\leantime\\app\\Core\\Controller\\Frontcontroller.php(65): Leantime\\Core\\Controller\\Frontcontroller->executeAction('Leantime\\\\Domain...', 'get')
#37 C:\\laragon\\www\\dentvira\\public\\leantime\\app\\Core\\Controller\\Frontcontroller.php(75): Leantime\\Core\\Controller\\Frontcontroller->dispatch(Object(Leantime\\Core\\Http\\IncomingRequest))
#38 C:\\laragon\\www\\dentvira\\public\\leantime\\app\\Core\\Http\\HttpKernel.php(216): Leantime\\Core\\Controller\\Frontcontroller::dispatch_request(Object(Leantime\\Core\\Http\\IncomingRequest))
#39 C:\\laragon\\www\\dentvira\\public\\leantime\\app\\Core\\Http\\HttpKernel.php(173): Leantime\\Core\\Http\\HttpKernel->findAndDispatchToRouter(Object(Leantime\\Core\\Http\\IncomingRequest))
#40 C:\\laragon\\www\\dentvira\\public\\leantime\\vendor\\laravel\\framework\\src\\Illuminate\\Pipeline\\Pipeline.php(170): Leantime\\Core\\Http\\HttpKernel->{closure:{closure:Leantime\\Core\\Http\\HttpKernel::sendRequestThroughRouter():164}:173}(Object(Leantime\\Core\\Http\\IncomingRequest))
#41 C:\\laragon\\www\\dentvira\\public\\leantime\\vendor\\laravel\\framework\\src\\Illuminate\\Pipeline\\Pipeline.php(127): Illuminate\\Pipeline\\Pipeline->{closure:Illuminate\\Pipeline\\Pipeline::prepareDestination():168}(Object(Leantime\\Core\\Http\\IncomingRequest))
#42 C:\\laragon\\www\\dentvira\\public\\leantime\\app\\Core\\Http\\HttpKernel.php(173): Illuminate\\Pipeline\\Pipeline->then(Object(Closure))
#43 C:\\laragon\\www\\dentvira\\public\\leantime\\vendor\\laravel\\framework\\src\\Illuminate\\Pipeline\\Pipeline.php(170): Leantime\\Core\\Http\\HttpKernel->{closure:Leantime\\Core\\Http\\HttpKernel::sendRequestThroughRouter():164}(Object(Leantime\\Core\\Http\\IncomingRequest))
#44 C:\\laragon\\www\\dentvira\\public\\leantime\\app\\Domain\\Projects\\Middleware\\CurrentProject.php(41): Illuminate\\Pipeline\\Pipeline->{closure:Illuminate\\Pipeline\\Pipeline::prepareDestination():168}(Object(Leantime\\Core\\Http\\IncomingRequest))
#45 C:\\laragon\\www\\dentvira\\public\\leantime\\vendor\\laravel\\framework\\src\\Illuminate\\Pipeline\\Pipeline.php(209): Leantime\\Domain\\Projects\\Middleware\\CurrentProject->handle(Object(Leantime\\Core\\Http\\IncomingRequest), Object(Closure))
#46 C:\\laragon\\www\\dentvira\\public\\leantime\\app\\Core\\Middleware\\Localization.php(78): Illuminate\\Pipeline\\Pipeline->{closure:{closure:Illuminate\\Pipeline\\Pipeline::carry():184}:185}(Object(Leantime\\Core\\Http\\IncomingRequest))
#47 C:\\laragon\\www\\dentvira\\public\\leantime\\vendor\\laravel\\framework\\src\\Illuminate\\Pipeline\\Pipeline.php(209): Leantime\\Core\\Middleware\\Localization->handle(Object(Leantime\\Core\\Http\\IncomingRequest), Object(Closure))
#48 C:\\laragon\\www\\dentvira\\public\\leantime\\app\\Core\\Middleware\\SetCacheHeaders.php(49): Illuminate\\Pipeline\\Pipeline->{closure:{closure:Illuminate\\Pipeline\\Pipeline::carry():184}:185}(Object(Leantime\\Core\\Http\\IncomingRequest))
#49 C:\\laragon\\www\\dentvira\\public\\leantime\\vendor\\laravel\\framework\\src\\Illuminate\\Pipeline\\Pipeline.php(209): Leantime\\Core\\Middleware\\SetCacheHeaders->handle(Object(Leantime\\Core\\Http\\IncomingRequest), Object(Closure))
#50 C:\\laragon\\www\\dentvira\\public\\leantime\\vendor\\laravel\\framework\\src\\Illuminate\\Foundation\\Http\\Middleware\\TransformsRequest.php(21): Illuminate\\Pipeline\\Pipeline->{closure:{closure:Illuminate\\Pipeline\\Pipeline::carry():184}:185}(Object(Leantime\\Core\\Http\\IncomingRequest))
#51 C:\\laragon\\www\\dentvira\\public\\leantime\\vendor\\laravel\\framework\\src\\Illuminate\\Foundation\\Http\\Middleware\\ConvertEmptyStringsToNull.php(31): Illuminate\\Foundation\\Http\\Middleware\\TransformsRequest->handle(Object(Leantime\\Core\\Http\\IncomingRequest), Object(Closure))
#52 C:\\laragon\\www\\dentvira\\public\\leantime\\vendor\\laravel\\framework\\src\\Illuminate\\Pipeline\\Pipeline.php(209): Illuminate\\Foundation\\Http\\Middleware\\ConvertEmptyStringsToNull->handle(Object(Leantime\\Core\\Http\\IncomingRequest), Object(Closure))
#53 C:\\laragon\\www\\dentvira\\public\\leantime\\vendor\\laravel\\framework\\src\\Illuminate\\Foundation\\Http\\Middleware\\TransformsRequest.php(21): Illuminate\\Pipeline\\Pipeline->{closure:{closure:Illuminate\\Pipeline\\Pipeline::carry():184}:185}(Object(Leantime\\Core\\Http\\IncomingRequest))
#54 C:\\laragon\\www\\dentvira\\public\\leantime\\vendor\\laravel\\framework\\src\\Illuminate\\Foundation\\Http\\Middleware\\TrimStrings.php(51): Illuminate\\Foundation\\Http\\Middleware\\TransformsRequest->handle(Object(Leantime\\Core\\Http\\IncomingRequest), Object(Closure))
#55 C:\\laragon\\www\\dentvira\\public\\leantime\\vendor\\laravel\\framework\\src\\Illuminate\\Pipeline\\Pipeline.php(209): Illuminate\\Foundation\\Http\\Middleware\\TrimStrings->handle(Object(Leantime\\Core\\Http\\IncomingRequest), Object(Closure))
#56 C:\\laragon\\www\\dentvira\\public\\leantime\\vendor\\laravel\\framework\\src\\Illuminate\\Http\\Middleware\\ValidatePostSize.php(27): Illuminate\\Pipeline\\Pipeline->{closure:{closure:Illuminate\\Pipeline\\Pipeline::carry():184}:185}(Object(Leantime\\Core\\Http\\IncomingRequest))
#57 C:\\laragon\\www\\dentvira\\public\\leantime\\vendor\\laravel\\framework\\src\\Illuminate\\Pipeline\\Pipeline.php(209): Illuminate\\Http\\Middleware\\ValidatePostSize->handle(Object(Leantime\\Core\\Http\\IncomingRequest), Object(Closure))
#58 C:\\laragon\\www\\dentvira\\public\\leantime\\vendor\\laravel\\framework\\src\\Illuminate\\Http\\Middleware\\HandleCors.php(49): Illuminate\\Pipeline\\Pipeline->{closure:{closure:Illuminate\\Pipeline\\Pipeline::carry():184}:185}(Object(Leantime\\Core\\Http\\IncomingRequest))
#59 C:\\laragon\\www\\dentvira\\public\\leantime\\vendor\\laravel\\framework\\src\\Illuminate\\Pipeline\\Pipeline.php(209): Illuminate\\Http\\Middleware\\HandleCors->handle(Object(Leantime\\Core\\Http\\IncomingRequest), Object(Closure))
#60 C:\\laragon\\www\\dentvira\\public\\leantime\\app\\Core\\Middleware\\RequestRateLimiter.php(55): Illuminate\\Pipeline\\Pipeline->{closure:{closure:Illuminate\\Pipeline\\Pipeline::carry():184}:185}(Object(Leantime\\Core\\Http\\IncomingRequest))
#61 C:\\laragon\\www\\dentvira\\public\\leantime\\vendor\\laravel\\framework\\src\\Illuminate\\Pipeline\\Pipeline.php(209): Leantime\\Core\\Middleware\\RequestRateLimiter->handle(Object(Leantime\\Core\\Http\\IncomingRequest), Object(Closure))
#62 C:\\laragon\\www\\dentvira\\public\\leantime\\app\\Core\\Middleware\\AuthenticateSession.php(34): Illuminate\\Pipeline\\Pipeline->{closure:{closure:Illuminate\\Pipeline\\Pipeline::carry():184}:185}(Object(Leantime\\Core\\Http\\IncomingRequest))
#63 C:\\laragon\\www\\dentvira\\public\\leantime\\vendor\\laravel\\framework\\src\\Illuminate\\Pipeline\\Pipeline.php(209): Leantime\\Core\\Middleware\\AuthenticateSession->handle(Object(Leantime\\Core\\Http\\IncomingRequest), Object(Closure))
#64 C:\\laragon\\www\\dentvira\\public\\leantime\\app\\Core\\Middleware\\AuthCheck.php(62): Illuminate\\Pipeline\\Pipeline->{closure:{closure:Illuminate\\Pipeline\\Pipeline::carry():184}:185}(Object(Leantime\\Core\\Http\\IncomingRequest))
#65 C:\\laragon\\www\\dentvira\\public\\leantime\\vendor\\laravel\\framework\\src\\Illuminate\\Pipeline\\Pipeline.php(209): Leantime\\Core\\Middleware\\AuthCheck->handle(Object(Leantime\\Core\\Http\\IncomingRequest), Object(Closure))
#66 C:\\laragon\\www\\dentvira\\public\\leantime\\app\\Core\\Middleware\\InitialHeaders.php(24): Illuminate\\Pipeline\\Pipeline->{closure:{closure:Illuminate\\Pipeline\\Pipeline::carry():184}:185}(Object(Leantime\\Core\\Http\\IncomingRequest))
#67 C:\\laragon\\www\\dentvira\\public\\leantime\\vendor\\laravel\\framework\\src\\Illuminate\\Pipeline\\Pipeline.php(209): Leantime\\Core\\Middleware\\InitialHeaders->handle(Object(Leantime\\Core\\Http\\IncomingRequest), Object(Closure))
#68 C:\\laragon\\www\\dentvira\\public\\leantime\\app\\Core\\Middleware\\LoadPlugins.php(32): Illuminate\\Pipeline\\Pipeline->{closure:{closure:Illuminate\\Pipeline\\Pipeline::carry():184}:185}(Object(Leantime\\Core\\Http\\IncomingRequest))
#69 C:\\laragon\\www\\dentvira\\public\\leantime\\vendor\\laravel\\framework\\src\\Illuminate\\Pipeline\\Pipeline.php(209): Leantime\\Core\\Middleware\\LoadPlugins->handle(Object(Leantime\\Core\\Http\\IncomingRequest), Object(Closure))
#70 C:\\laragon\\www\\dentvira\\public\\leantime\\app\\Core\\Middleware\\Updated.php(67): Illuminate\\Pipeline\\Pipeline->{closure:{closure:Illuminate\\Pipeline\\Pipeline::carry():184}:185}(Object(Leantime\\Core\\Http\\IncomingRequest))
#71 C:\\laragon\\www\\dentvira\\public\\leantime\\vendor\\laravel\\framework\\src\\Illuminate\\Pipeline\\Pipeline.php(209): Leantime\\Core\\Middleware\\Updated->handle(Object(Leantime\\Core\\Http\\IncomingRequest), Object(Closure))
#72 C:\\laragon\\www\\dentvira\\public\\leantime\\app\\Core\\Middleware\\Installed.php(39): Illuminate\\Pipeline\\Pipeline->{closure:{closure:Illuminate\\Pipeline\\Pipeline::carry():184}:185}(Object(Leantime\\Core\\Http\\IncomingRequest))
#73 C:\\laragon\\www\\dentvira\\public\\leantime\\vendor\\laravel\\framework\\src\\Illuminate\\Pipeline\\Pipeline.php(209): Leantime\\Core\\Middleware\\Installed->handle(Object(Leantime\\Core\\Http\\IncomingRequest), Object(Closure))
#74 C:\\laragon\\www\\dentvira\\public\\leantime\\app\\Core\\Middleware\\StartSession.php(134): Illuminate\\Pipeline\\Pipeline->{closure:{closure:Illuminate\\Pipeline\\Pipeline::carry():184}:185}(Object(Leantime\\Core\\Http\\IncomingRequest))
#75 C:\\laragon\\www\\dentvira\\public\\leantime\\app\\Core\\Middleware\\StartSession.php(83): Leantime\\Core\\Middleware\\StartSession->handleOptimisticRequest(Object(Leantime\\Core\\Http\\IncomingRequest), Object(Illuminate\\Session\\Store), Object(Closure))
#76 C:\\laragon\\www\\dentvira\\public\\leantime\\vendor\\laravel\\framework\\src\\Illuminate\\Pipeline\\Pipeline.php(209): Leantime\\Core\\Middleware\\StartSession->handle(Object(Leantime\\Core\\Http\\IncomingRequest), Object(Closure))
#77 C:\\laragon\\www\\dentvira\\public\\leantime\\app\\Core\\Middleware\\TrustProxies.php(65): Illuminate\\Pipeline\\Pipeline->{closure:{closure:Illuminate\\Pipeline\\Pipeline::carry():184}:185}(Object(Leantime\\Core\\Http\\IncomingRequest))
#78 C:\\laragon\\www\\dentvira\\public\\leantime\\vendor\\laravel\\framework\\src\\Illuminate\\Pipeline\\Pipeline.php(209): Leantime\\Core\\Middleware\\TrustProxies->handle(Object(Leantime\\Core\\Http\\IncomingRequest), Object(Closure))
#79 C:\\laragon\\www\\dentvira\\public\\leantime\\vendor\\laravel\\framework\\src\\Illuminate\\Pipeline\\Pipeline.php(127): Illuminate\\Pipeline\\Pipeline->{closure:{closure:Illuminate\\Pipeline\\Pipeline::carry():184}:185}(Object(Leantime\\Core\\Http\\IncomingRequest))
#80 C:\\laragon\\www\\dentvira\\public\\leantime\\app\\Core\\Http\\HttpKernel.php(164): Illuminate\\Pipeline\\Pipeline->then(Object(Closure))
#81 C:\\laragon\\www\\dentvira\\public\\leantime\\app\\Core\\Http\\HttpKernel.php(121): Leantime\\Core\\Http\\HttpKernel->sendRequestThroughRouter(Object(Leantime\\Core\\Http\\IncomingRequest))
#82 C:\\laragon\\www\\dentvira\\public\\leantime\\app\\Core\\Bootloader.php(79): Leantime\\Core\\Http\\HttpKernel->handle(Object(Leantime\\Core\\Http\\IncomingRequest))
#83 C:\\laragon\\www\\dentvira\\public\\leantime\\app\\Core\\Bootloader.php(60): Leantime\\Core\\Bootloader->handleRequest(Object(Leantime\\Core\\Http\\IncomingRequest))
#84 C:\\laragon\\www\\dentvira\\public\\leantime\\public\\index.php(20): Leantime\\Core\\Bootloader->boot(Object(Leantime\\Core\\Application))
#85 {main}
"} 
[2026-10-02 13:50:29] production.ERROR: SQLSTATE[42S02]: Base table or view not found: 1146 Table 'dentvira_leantime.zp_user' doesn't exist (Connection: mysql, SQL: select count(*) as aggregate from `zp_user`) {"exception":"[object] (Illuminate\\Database\\QueryException(code: 42S02): SQLSTATE[42S02]: Base table or view not found: 1146 Table 'dentvira_leantime.zp_user' doesn't exist (Connection: mysql, SQL: select count(*) as aggregate from `zp_user`) at C:\\laragon\\www\\dentvira\\public\\leantime\\vendor\\laravel\\framework\\src\\Illuminate\\Database\\Connection.php:825)
[stacktrace]
#0 C:\\laragon\\www\\dentvira\\public\\leantime\\vendor\\laravel\\framework\\src\\Illuminate\\Database\\Connection.php(779): Illuminate\\Database\\Connection->runQueryCallback('select count(*)...', Array, Object(Closure))
#1 C:\\laragon\\www\\dentvira\\public\\leantime\\vendor\\laravel\\framework\\src\\Illuminate\\Database\\Connection.php(398): Illuminate\\Database\\Connection->run('select count(*)...', Array, Object(Closure))
#2 C:\\laragon\\www\\dentvira\\public\\leantime\\vendor\\laravel\\framework\\src\\Illuminate\\Database\\Query\\Builder.php(3106): Illuminate\\Database\\Connection->select('select count(*)...', Array, true)
#3 C:\\laragon\\www\\dentvira\\public\\leantime\\vendor\\laravel\\framework\\src\\Illuminate\\Database\\Query\\Builder.php(3091): Illuminate\\Database\\Query\\Builder->runSelect()
#4 C:\\laragon\\www\\dentvira\\public\\leantime\\vendor\\laravel\\framework\\src\\Illuminate\\Database\\Query\\Builder.php(3676): Illuminate\\Database\\Query\\Builder->{closure:Illuminate\\Database\\Query\\Builder::get():3090}()
#5 C:\\laragon\\www\\dentvira\\public\\leantime\\vendor\\laravel\\framework\\src\\Illuminate\\Database\\Query\\Builder.php(3090): Illuminate\\Database\\Query\\Builder->onceWithColumns(Array, Object(Closure))
#6 C:\\laragon\\www\\dentvira\\public\\leantime\\vendor\\laravel\\framework\\src\\Illuminate\\Database\\Query\\Builder.php(3603): Illuminate\\Database\\Query\\Builder->get(Array)
#7 C:\\laragon\\www\\dentvira\\public\\leantime\\vendor\\laravel\\framework\\src\\Illuminate\\Database\\Query\\Builder.php(3531): Illuminate\\Database\\Query\\Builder->aggregate('count', Array)
#8 C:\\laragon\\www\\dentvira\\public\\leantime\\app\\Domain\\Setting\\Repositories\\Setting.php(159): Illuminate\\Database\\Query\\Builder->count()
#9 C:\\laragon\\www\\dentvira\\public\\leantime\\app\\Domain\\Setting\\Repositories\\Setting.php(34): Leantime\\Domain\\Setting\\Repositories\\Setting->checkIfInstalled()
#10 C:\\laragon\\www\\dentvira\\public\\leantime\\app\\Views\\Composers\\Header.php(51): Leantime\\Domain\\Setting\\Repositories\\Setting->getSetting('companysettings...')
#11 C:\\laragon\\www\\dentvira\\public\\leantime\\app\\Core\\UI\\Composer.php(62): Leantime\\Views\\Composers\\Header->with()
#12 C:\\laragon\\www\\dentvira\\public\\leantime\\app\\Core\\UI\\Composer.php(52): Leantime\\Core\\UI\\Composer->merge()
#13 C:\\laragon\\www\\dentvira\\public\\leantime\\vendor\\laravel\\framework\\src\\Illuminate\\View\\Concerns\\ManagesEvents.php(124): Leantime\\Core\\UI\\Composer->compose(Object(Illuminate\\View\\View), Array)
#14 C:\\laragon\\www\\dentvira\\public\\leantime\\app\\Core\\Events\\EventDispatcher.php(707): Illuminate\\View\\Factory->{closure:Illuminate\\View\\Concerns\\ManagesEvents::buildClassEventCallback():123}(Object(Illuminate\\View\\View), Array)
#15 C:\\laragon\\www\\dentvira\\public\\leantime\\app\\Core\\Events\\EventDispatcher.php(413): Leantime\\Core\\Events\\EventDispatcher::{closure:Leantime\\Core\\Events\\EventDispatcher::makeListener():702}('composing: glob...', Array)
#16 C:\\laragon\\www\\dentvira\\public\\leantime\\app\\Core\\Events\\EventDispatcher.php(196): Leantime\\Core\\Events\\EventDispatcher::executeHandlers(Array, 'events', 'composing: glob...', Array)
#17 C:\\laragon\\www\\dentvira\\public\\leantime\\app\\Core\\Events\\EventDispatcher.php(131): Leantime\\Core\\Events\\EventDispatcher::dispatch_event('composing: glob...', Array, '')
#18 C:\\laragon\\www\\dentvira\\public\\leantime\\vendor\\laravel\\framework\\src\\Illuminate\\View\\Concerns\\ManagesEvents.php(178): Leantime\\Core\\Events\\EventDispatcher->dispatch('composing: glob...', Array)
#19 C:\\laragon\\www\\dentvira\\public\\leantime\\vendor\\laravel\\framework\\src\\Illuminate\\View\\View.php(190): Illuminate\\View\\Factory->callComposer(Object(Illuminate\\View\\View))
#20 C:\\laragon\\www\\dentvira\\public\\leantime\\vendor\\laravel\\framework\\src\\Illuminate\\View\\View.php(161): Illuminate\\View\\View->renderContents()
#21 C:\\laragon\\www\\dentvira\\public\\leantime\\storage\\framework\\views\\f877dead5805cd1e774aec4dabcf4a1d.php(4): Illuminate\\View\\View->render()
#22 C:\\laragon\\www\\dentvira\\public\\leantime\\vendor\\laravel\\framework\\src\\Illuminate\\Filesystem\\Filesystem.php(123): require('C:\\\\laragon\\\\www\\\\...')
#23 C:\\laragon\\www\\dentvira\\public\\leantime\\vendor\\laravel\\framework\\src\\Illuminate\\Filesystem\\Filesystem.php(124): Illuminate\\Filesystem\\Filesystem::{closure:Illuminate\\Filesystem\\Filesystem::getRequire():120}()
#24 C:\\laragon\\www\\dentvira\\public\\leantime\\vendor\\laravel\\framework\\src\\Illuminate\\View\\Engines\\PhpEngine.php(58): Illuminate\\Filesystem\\Filesystem->getRequire('C:\\\\laragon\\\\www\\\\...', Array)
#25 C:\\laragon\\www\\dentvira\\public\\leantime\\vendor\\laravel\\framework\\src\\Illuminate\\View\\Engines\\CompilerEngine.php(75): Illuminate\\View\\Engines\\PhpEngine->evaluatePath('C:\\\\laragon\\\\www\\\\...', Array)
#26 C:\\laragon\\www\\dentvira\\public\\leantime\\vendor\\laravel\\framework\\src\\Illuminate\\View\\View.php(209): Illuminate\\View\\Engines\\CompilerEngine->get('C:\\\\laragon\\\\www\\\\...', Array)
#27 C:\\laragon\\www\\dentvira\\public\\leantime\\vendor\\laravel\\framework\\src\\Illuminate\\View\\View.php(192): Illuminate\\View\\View->getContents()
#28 C:\\laragon\\www\\dentvira\\public\\leantime\\vendor\\laravel\\framework\\src\\Illuminate\\View\\View.php(161): Illuminate\\View\\View->renderContents()
#29 C:\\laragon\\www\\dentvira\\public\\leantime\\storage\\framework\\views\\1a3a8b64c6c5b3edbb32a652600f7969.php(127): Illuminate\\View\\View->render()
#30 C:\\laragon\\www\\dentvira\\public\\leantime\\vendor\\laravel\\framework\\src\\Illuminate\\Filesystem\\Filesystem.php(123): require('C:\\\\laragon\\\\www\\\\...')
#31 C:\\laragon\\www\\dentvira\\public\\leantime\\vendor\\laravel\\framework\\src\\Illuminate\\Filesystem\\Filesystem.php(124): Illuminate\\Filesystem\\Filesystem::{closure:Illuminate\\Filesystem\\Filesystem::getRequire():120}()
#32 C:\\laragon\\www\\dentvira\\public\\leantime\\vendor\\laravel\\framework\\src\\Illuminate\\View\\Engines\\PhpEngine.php(58): Illuminate\\Filesystem\\Filesystem->getRequire('C:\\\\laragon\\\\www\\\\...', Array)
#33 C:\\laragon\\www\\dentvira\\public\\leantime\\vendor\\laravel\\framework\\src\\Illuminate\\View\\Engines\\CompilerEngine.php(75): Illuminate\\View\\Engines\\PhpEngine->evaluatePath('C:\\\\laragon\\\\www\\\\...', Array)
#34 C:\\laragon\\www\\dentvira\\public\\leantime\\vendor\\laravel\\framework\\src\\Illuminate\\View\\View.php(209): Illuminate\\View\\Engines\\CompilerEngine->get('C:\\\\laragon\\\\www\\\\...', Array)
#35 C:\\laragon\\www\\dentvira\\public\\leantime\\vendor\\laravel\\framework\\src\\Illuminate\\View\\View.php(192): Illuminate\\View\\View->getContents()
#36 C:\\laragon\\www\\dentvira\\public\\leantime\\vendor\\laravel\\framework\\src\\Illuminate\\View\\View.php(161): Illuminate\\View\\View->renderContents()
#37 C:\\laragon\\www\\dentvira\\public\\leantime\\app\\Core\\UI\\Template.php(322): Illuminate\\View\\View->render()
#38 C:\\laragon\\www\\dentvira\\public\\leantime\\app\\Domain\\Install\\Controllers\\Index.php(36): Leantime\\Core\\UI\\Template->display('install.new', 'global::layouts...')
#39 C:\\laragon\\www\\dentvira\\public\\leantime\\app\\Core\\Controller\\Controller.php(73): Leantime\\Domain\\Install\\Controllers\\Index->get(Array)
#40 C:\\laragon\\www\\dentvira\\public\\leantime\\app\\Core\\Controller\\Frontcontroller.php(172): Leantime\\Core\\Controller\\Controller->callAction('get', Array)
#41 C:\\laragon\\www\\dentvira\\public\\leantime\\app\\Core\\Controller\\Frontcontroller.php(65): Leantime\\Core\\Controller\\Frontcontroller->executeAction('Leantime\\\\Domain...', 'get')
#42 C:\\laragon\\www\\dentvira\\public\\leantime\\app\\Core\\Controller\\Frontcontroller.php(75): Leantime\\Core\\Controller\\Frontcontroller->dispatch(Object(Leantime\\Core\\Http\\IncomingRequest))
#43 C:\\laragon\\www\\dentvira\\public\\leantime\\app\\Core\\Http\\HttpKernel.php(216): Leantime\\Core\\Controller\\Frontcontroller::dispatch_request(Object(Leantime\\Core\\Http\\IncomingRequest))
#44 C:\\laragon\\www\\dentvira\\public\\leantime\\app\\Core\\Http\\HttpKernel.php(173): Leantime\\Core\\Http\\HttpKernel->findAndDispatchToRouter(Object(Leantime\\Core\\Http\\IncomingRequest))
#45 C:\\laragon\\www\\dentvira\\public\\leantime\\vendor\\laravel\\framework\\src\\Illuminate\\Pipeline\\Pipeline.php(170): Leantime\\Core\\Http\\HttpKernel->{closure:{closure:Leantime\\Core\\Http\\HttpKernel::sendRequestThroughRouter():164}:173}(Object(Leantime\\Core\\Http\\IncomingRequest))
#46 C:\\laragon\\www\\dentvira\\public\\leantime\\vendor\\laravel\\framework\\src\\Illuminate\\Pipeline\\Pipeline.php(127): Illuminate\\Pipeline\\Pipeline->{closure:Illuminate\\Pipeline\\Pipeline::prepareDestination():168}(Object(Leantime\\Core\\Http\\IncomingRequest))
#47 C:\\laragon\\www\\dentvira\\public\\leantime\\app\\Core\\Http\\HttpKernel.php(173): Illuminate\\Pipeline\\Pipeline->then(Object(Closure))
#48 C:\\laragon\\www\\dentvira\\public\\leantime\\vendor\\laravel\\framework\\src\\Illuminate\\Pipeline\\Pipeline.php(170): Leantime\\Core\\Http\\HttpKernel->{closure:Leantime\\Core\\Http\\HttpKernel::sendRequestThroughRouter():164}(Object(Leantime\\Core\\Http\\IncomingRequest))
#49 C:\\laragon\\www\\dentvira\\public\\leantime\\app\\Domain\\Projects\\Middleware\\CurrentProject.php(41): Illuminate\\Pipeline\\Pipeline->{closure:Illuminate\\Pipeline\\Pipeline::prepareDestination():168}(Object(Leantime\\Core\\Http\\IncomingRequest))
#50 C:\\laragon\\www\\dentvira\\public\\leantime\\vendor\\laravel\\framework\\src\\Illuminate\\Pipeline\\Pipeline.php(209): Leantime\\Domain\\Projects\\Middleware\\CurrentProject->handle(Object(Leantime\\Core\\Http\\IncomingRequest), Object(Closure))
#51 C:\\laragon\\www\\dentvira\\public\\leantime\\app\\Core\\Middleware\\Localization.php(78): Illuminate\\Pipeline\\Pipeline->{closure:{closure:Illuminate\\Pipeline\\Pipeline::carry():184}:185}(Object(Leantime\\Core\\Http\\IncomingRequest))
#52 C:\\laragon\\www\\dentvira\\public\\leantime\\vendor\\laravel\\framework\\src\\Illuminate\\Pipeline\\Pipeline.php(209): Leantime\\Core\\Middleware\\Localization->handle(Object(Leantime\\Core\\Http\\IncomingRequest), Object(Closure))
#53 C:\\laragon\\www\\dentvira\\public\\leantime\\app\\Core\\Middleware\\SetCacheHeaders.php(49): Illuminate\\Pipeline\\Pipeline->{closure:{closure:Illuminate\\Pipeline\\Pipeline::carry():184}:185}(Object(Leantime\\Core\\Http\\IncomingRequest))
#54 C:\\laragon\\www\\dentvira\\public\\leantime\\vendor\\laravel\\framework\\src\\Illuminate\\Pipeline\\Pipeline.php(209): Leantime\\Core\\Middleware\\SetCacheHeaders->handle(Object(Leantime\\Core\\Http\\IncomingRequest), Object(Closure))
#55 C:\\laragon\\www\\dentvira\\public\\leantime\\vendor\\laravel\\framework\\src\\Illuminate\\Foundation\\Http\\Middleware\\TransformsRequest.php(21): Illuminate\\Pipeline\\Pipeline->{closure:{closure:Illuminate\\Pipeline\\Pipeline::carry():184}:185}(Object(Leantime\\Core\\Http\\IncomingRequest))
#56 C:\\laragon\\www\\dentvira\\public\\leantime\\vendor\\laravel\\framework\\src\\Illuminate\\Foundation\\Http\\Middleware\\ConvertEmptyStringsToNull.php(31): Illuminate\\Foundation\\Http\\Middleware\\TransformsRequest->handle(Object(Leantime\\Core\\Http\\IncomingRequest), Object(Closure))
#57 C:\\laragon\\www\\dentvira\\public\\leantime\\vendor\\laravel\\framework\\src\\Illuminate\\Pipeline\\Pipeline.php(209): Illuminate\\Foundation\\Http\\Middleware\\ConvertEmptyStringsToNull->handle(Object(Leantime\\Core\\Http\\IncomingRequest), Object(Closure))
#58 C:\\laragon\\www\\dentvira\\public\\leantime\\vendor\\laravel\\framework\\src\\Illuminate\\Foundation\\Http\\Middleware\\TransformsRequest.php(21): Illuminate\\Pipeline\\Pipeline->{closure:{closure:Illuminate\\Pipeline\\Pipeline::carry():184}:185}(Object(Leantime\\Core\\Http\\IncomingRequest))
#59 C:\\laragon\\www\\dentvira\\public\\leantime\\vendor\\laravel\\framework\\src\\Illuminate\\Foundation\\Http\\Middleware\\TrimStrings.php(51): Illuminate\\Foundation\\Http\\Middleware\\TransformsRequest->handle(Object(Leantime\\Core\\Http\\IncomingRequest), Object(Closure))
#60 C:\\laragon\\www\\dentvira\\public\\leantime\\vendor\\laravel\\framework\\src\\Illuminate\\Pipeline\\Pipeline.php(209): Illuminate\\Foundation\\Http\\Middleware\\TrimStrings->handle(Object(Leantime\\Core\\Http\\IncomingRequest), Object(Closure))
#61 C:\\laragon\\www\\dentvira\\public\\leantime\\vendor\\laravel\\framework\\src\\Illuminate\\Http\\Middleware\\ValidatePostSize.php(27): Illuminate\\Pipeline\\Pipeline->{closure:{closure:Illuminate\\Pipeline\\Pipeline::carry():184}:185}(Object(Leantime\\Core\\Http\\IncomingRequest))
#62 C:\\laragon\\www\\dentvira\\public\\leantime\\vendor\\laravel\\framework\\src\\Illuminate\\Pipeline\\Pipeline.php(209): Illuminate\\Http\\Middleware\\ValidatePostSize->handle(Object(Leantime\\Core\\Http\\IncomingRequest), Object(Closure))
#63 C:\\laragon\\www\\dentvira\\public\\leantime\\vendor\\laravel\\framework\\src\\Illuminate\\Http\\Middleware\\HandleCors.php(49): Illuminate\\Pipeline\\Pipeline->{closure:{closure:Illuminate\\Pipeline\\Pipeline::carry():184}:185}(Object(Leantime\\Core\\Http\\IncomingRequest))
#64 C:\\laragon\\www\\dentvira\\public\\leantime\\vendor\\laravel\\framework\\src\\Illuminate\\Pipeline\\Pipeline.php(209): Illuminate\\Http\\Middleware\\HandleCors->handle(Object(Leantime\\Core\\Http\\IncomingRequest), Object(Closure))
#65 C:\\laragon\\www\\dentvira\\public\\leantime\\app\\Core\\Middleware\\RequestRateLimiter.php(55): Illuminate\\Pipeline\\Pipeline->{closure:{closure:Illuminate\\Pipeline\\Pipeline::carry():184}:185}(Object(Leantime\\Core\\Http\\IncomingRequest))
#66 C:\\laragon\\www\\dentvira\\public\\leantime\\vendor\\laravel\\framework\\src\\Illuminate\\Pipeline\\Pipeline.php(209): Leantime\\Core\\Middleware\\RequestRateLimiter->handle(Object(Leantime\\Core\\Http\\IncomingRequest), Object(Closure))
#67 C:\\laragon\\www\\dentvira\\public\\leantime\\app\\Core\\Middleware\\AuthenticateSession.php(34): Illuminate\\Pipeline\\Pipeline->{closure:{closure:Illuminate\\Pipeline\\Pipeline::carry():184}:185}(Object(Leantime\\Core\\Http\\IncomingRequest))
#68 C:\\laragon\\www\\dentvira\\public\\leantime\\vendor\\laravel\\framework\\src\\Illuminate\\Pipeline\\Pipeline.php(209): Leantime\\Core\\Middleware\\AuthenticateSession->handle(Object(Leantime\\Core\\Http\\IncomingRequest), Object(Closure))
#69 C:\\laragon\\www\\dentvira\\public\\leantime\\app\\Core\\Middleware\\AuthCheck.php(62): Illuminate\\Pipeline\\Pipeline->{closure:{closure:Illuminate\\Pipeline\\Pipeline::carry():184}:185}(Object(Leantime\\Core\\Http\\IncomingRequest))
#70 C:\\laragon\\www\\dentvira\\public\\leantime\\vendor\\laravel\\framework\\src\\Illuminate\\Pipeline\\Pipeline.php(209): Leantime\\Core\\Middleware\\AuthCheck->handle(Object(Leantime\\Core\\Http\\IncomingRequest), Object(Closure))
#71 C:\\laragon\\www\\dentvira\\public\\leantime\\app\\Core\\Middleware\\InitialHeaders.php(24): Illuminate\\Pipeline\\Pipeline->{closure:{closure:Illuminate\\Pipeline\\Pipeline::carry():184}:185}(Object(Leantime\\Core\\Http\\IncomingRequest))
#72 C:\\laragon\\www\\dentvira\\public\\leantime\\vendor\\laravel\\framework\\src\\Illuminate\\Pipeline\\Pipeline.php(209): Leantime\\Core\\Middleware\\InitialHeaders->handle(Object(Leantime\\Core\\Http\\IncomingRequest), Object(Closure))
#73 C:\\laragon\\www\\dentvira\\public\\leantime\\app\\Core\\Middleware\\LoadPlugins.php(32): Illuminate\\Pipeline\\Pipeline->{closure:{closure:Illuminate\\Pipeline\\Pipeline::carry():184}:185}(Object(Leantime\\Core\\Http\\IncomingRequest))
#74 C:\\laragon\\www\\dentvira\\public\\leantime\\vendor\\laravel\\framework\\src\\Illuminate\\Pipeline\\Pipeline.php(209): Leantime\\Core\\Middleware\\LoadPlugins->handle(Object(Leantime\\Core\\Http\\IncomingRequest), Object(Closure))
#75 C:\\laragon\\www\\dentvira\\public\\leantime\\app\\Core\\Middleware\\Updated.php(67): Illuminate\\Pipeline\\Pipeline->{closure:{closure:Illuminate\\Pipeline\\Pipeline::carry():184}:185}(Object(Leantime\\Core\\Http\\IncomingRequest))
#76 C:\\laragon\\www\\dentvira\\public\\leantime\\vendor\\laravel\\framework\\src\\Illuminate\\Pipeline\\Pipeline.php(209): Leantime\\Core\\Middleware\\Updated->handle(Object(Leantime\\Core\\Http\\IncomingRequest), Object(Closure))
#77 C:\\laragon\\www\\dentvira\\public\\leantime\\app\\Core\\Middleware\\Installed.php(39): Illuminate\\Pipeline\\Pipeline->{closure:{closure:Illuminate\\Pipeline\\Pipeline::carry():184}:185}(Object(Leantime\\Core\\Http\\IncomingRequest))
#78 C:\\laragon\\www\\dentvira\\public\\leantime\\vendor\\laravel\\framework\\src\\Illuminate\\Pipeline\\Pipeline.php(209): Leantime\\Core\\Middleware\\Installed->handle(Object(Leantime\\Core\\Http\\IncomingRequest), Object(Closure))
#79 C:\\laragon\\www\\dentvira\\public\\leantime\\app\\Core\\Middleware\\StartSession.php(134): Illuminate\\Pipeline\\Pipeline->{closure:{closure:Illuminate\\Pipeline\\Pipeline::carry():184}:185}(Object(Leantime\\Core\\Http\\IncomingRequest))
#80 C:\\laragon\\www\\dentvira\\public\\leantime\\app\\Core\\Middleware\\StartSession.php(83): Leantime\\Core\\Middleware\\StartSession->handleOptimisticRequest(Object(Leantime\\Core\\Http\\IncomingRequest), Object(Illuminate\\Session\\Store), Object(Closure))
#81 C:\\laragon\\www\\dentvira\\public\\leantime\\vendor\\laravel\\framework\\src\\Illuminate\\Pipeline\\Pipeline.php(209): Leantime\\Core\\Middleware\\StartSession->handle(Object(Leantime\\Core\\Http\\IncomingRequest), Object(Closure))
#82 C:\\laragon\\www\\dentvira\\public\\leantime\\app\\Core\\Middleware\\TrustProxies.php(65): Illuminate\\Pipeline\\Pipeline->{closure:{closure:Illuminate\\Pipeline\\Pipeline::carry():184}:185}(Object(Leantime\\Core\\Http\\IncomingRequest))
#83 C:\\laragon\\www\\dentvira\\public\\leantime\\vendor\\laravel\\framework\\src\\Illuminate\\Pipeline\\Pipeline.php(209): Leantime\\Core\\Middleware\\TrustProxies->handle(Object(Leantime\\Core\\Http\\IncomingRequest), Object(Closure))
#84 C:\\laragon\\www\\dentvira\\public\\leantime\\vendor\\laravel\\framework\\src\\Illuminate\\Pipeline\\Pipeline.php(127): Illuminate\\Pipeline\\Pipeline->{closure:{closure:Illuminate\\Pipeline\\Pipeline::carry():184}:185}(Object(Leantime\\Core\\Http\\IncomingRequest))
#85 C:\\laragon\\www\\dentvira\\public\\leantime\\app\\Core\\Http\\HttpKernel.php(164): Illuminate\\Pipeline\\Pipeline->then(Object(Closure))
#86 C:\\laragon\\www\\dentvira\\public\\leantime\\app\\Core\\Http\\HttpKernel.php(121): Leantime\\Core\\Http\\HttpKernel->sendRequestThroughRouter(Object(Leantime\\Core\\Http\\IncomingRequest))
#87 C:\\laragon\\www\\dentvira\\public\\leantime\\app\\Core\\Bootloader.php(79): Leantime\\Core\\Http\\HttpKernel->handle(Object(Leantime\\Core\\Http\\IncomingRequest))
#88 C:\\laragon\\www\\dentvira\\public\\leantime\\app\\Core\\Bootloader.php(60): Leantime\\Core\\Bootloader->handleRequest(Object(Leantime\\Core\\Http\\IncomingRequest))
#89 C:\\laragon\\www\\dentvira\\public\\leantime\\public\\index.php(20): Leantime\\Core\\Bootloader->boot(Object(Leantime\\Core\\Application))
#90 {main}

[previous exception] [object] (PDOException(code: 42S02): SQLSTATE[42S02]: Base table or view not found: 1146 Table 'dentvira_leantime.zp_user' doesn't exist at C:\\laragon\\www\\dentvira\\public\\leantime\\vendor\\laravel\\framework\\src\\Illuminate\\Database\\Connection.php:412)
[stacktrace]
#0 C:\\laragon\\www\\dentvira\\public\\leantime\\vendor\\laravel\\framework\\src\\Illuminate\\Database\\Connection.php(412): PDOStatement->execute()
#1 C:\\laragon\\www\\dentvira\\public\\leantime\\vendor\\laravel\\framework\\src\\Illuminate\\Database\\Connection.php(812): Illuminate\\Database\\Connection->{closure:Illuminate\\Database\\Connection::select():398}('select count(*)...', Array)
#2 C:\\laragon\\www\\dentvira\\public\\leantime\\vendor\\laravel\\framework\\src\\Illuminate\\Database\\Connection.php(779): Illuminate\\Database\\Connection->runQueryCallback('select count(*)...', Array, Object(Closure))
#3 C:\\laragon\\www\\dentvira\\public\\leantime\\vendor\\laravel\\framework\\src\\Illuminate\\Database\\Connection.php(398): Illuminate\\Database\\Connection->run('select count(*)...', Array, Object(Closure))
#4 C:\\laragon\\www\\dentvira\\public\\leantime\\vendor\\laravel\\framework\\src\\Illuminate\\Database\\Query\\Builder.php(3106): Illuminate\\Database\\Connection->select('select count(*)...', Array, true)
#5 C:\\laragon\\www\\dentvira\\public\\leantime\\vendor\\laravel\\framework\\src\\Illuminate\\Database\\Query\\Builder.php(3091): Illuminate\\Database\\Query\\Builder->runSelect()
#6 C:\\laragon\\www\\dentvira\\public\\leantime\\vendor\\laravel\\framework\\src\\Illuminate\\Database\\Query\\Builder.php(3676): Illuminate\\Database\\Query\\Builder->{closure:Illuminate\\Database\\Query\\Builder::get():3090}()
#7 C:\\laragon\\www\\dentvira\\public\\leantime\\vendor\\laravel\\framework\\src\\Illuminate\\Database\\Query\\Builder.php(3090): Illuminate\\Database\\Query\\Builder->onceWithColumns(Array, Object(Closure))
#8 C:\\laragon\\www\\dentvira\\public\\leantime\\vendor\\laravel\\framework\\src\\Illuminate\\Database\\Query\\Builder.php(3603): Illuminate\\Database\\Query\\Builder->get(Array)
#9 C:\\laragon\\www\\dentvira\\public\\leantime\\vendor\\laravel\\framework\\src\\Illuminate\\Database\\Query\\Builder.php(3531): Illuminate\\Database\\Query\\Builder->aggregate('count', Array)
#10 C:\\laragon\\www\\dentvira\\public\\leantime\\app\\Domain\\Setting\\Repositories\\Setting.php(159): Illuminate\\Database\\Query\\Builder->count()
#11 C:\\laragon\\www\\dentvira\\public\\leantime\\app\\Domain\\Setting\\Repositories\\Setting.php(34): Leantime\\Domain\\Setting\\Repositories\\Setting->checkIfInstalled()
#12 C:\\laragon\\www\\dentvira\\public\\leantime\\app\\Views\\Composers\\Header.php(51): Leantime\\Domain\\Setting\\Repositories\\Setting->getSetting('companysettings...')
#13 C:\\laragon\\www\\dentvira\\public\\leantime\\app\\Core\\UI\\Composer.php(62): Leantime\\Views\\Composers\\Header->with()
#14 C:\\laragon\\www\\dentvira\\public\\leantime\\app\\Core\\UI\\Composer.php(52): Leantime\\Core\\UI\\Composer->merge()
#15 C:\\laragon\\www\\dentvira\\public\\leantime\\vendor\\laravel\\framework\\src\\Illuminate\\View\\Concerns\\ManagesEvents.php(124): Leantime\\Core\\UI\\Composer->compose(Object(Illuminate\\View\\View), Array)
#16 C:\\laragon\\www\\dentvira\\public\\leantime\\app\\Core\\Events\\EventDispatcher.php(707): Illuminate\\View\\Factory->{closure:Illuminate\\View\\Concerns\\ManagesEvents::buildClassEventCallback():123}(Object(Illuminate\\View\\View), Array)
#17 C:\\laragon\\www\\dentvira\\public\\leantime\\app\\Core\\Events\\EventDispatcher.php(413): Leantime\\Core\\Events\\EventDispatcher::{closure:Leantime\\Core\\Events\\EventDispatcher::makeListener():702}('composing: glob...', Array)
#18 C:\\laragon\\www\\dentvira\\public\\leantime\\app\\Core\\Events\\EventDispatcher.php(196): Leantime\\Core\\Events\\EventDispatcher::executeHandlers(Array, 'events', 'composing: glob...', Array)
#19 C:\\laragon\\www\\dentvira\\public\\leantime\\app\\Core\\Events\\EventDispatcher.php(131): Leantime\\Core\\Events\\EventDispatcher::dispatch_event('composing: glob...', Array, '')
#20 C:\\laragon\\www\\dentvira\\public\\leantime\\vendor\\laravel\\framework\\src\\Illuminate\\View\\Concerns\\ManagesEvents.php(178): Leantime\\Core\\Events\\EventDispatcher->dispatch('composing: glob...', Array)
#21 C:\\laragon\\www\\dentvira\\public\\leantime\\vendor\\laravel\\framework\\src\\Illuminate\\View\\View.php(190): Illuminate\\View\\Factory->callComposer(Object(Illuminate\\View\\View))
#22 C:\\laragon\\www\\dentvira\\public\\leantime\\vendor\\laravel\\framework\\src\\Illuminate\\View\\View.php(161): Illuminate\\View\\View->renderContents()
#23 C:\\laragon\\www\\dentvira\\public\\leantime\\storage\\framework\\views\\f877dead5805cd1e774aec4dabcf4a1d.php(4): Illuminate\\View\\View->render()
#24 C:\\laragon\\www\\dentvira\\public\\leantime\\vendor\\laravel\\framework\\src\\Illuminate\\Filesystem\\Filesystem.php(123): require('C:\\\\laragon\\\\www\\\\...')
#25 C:\\laragon\\www\\dentvira\\public\\leantime\\vendor\\laravel\\framework\\src\\Illuminate\\Filesystem\\Filesystem.php(124): Illuminate\\Filesystem\\Filesystem::{closure:Illuminate\\Filesystem\\Filesystem::getRequire():120}()
#26 C:\\laragon\\www\\dentvira\\public\\leantime\\vendor\\laravel\\framework\\src\\Illuminate\\View\\Engines\\PhpEngine.php(58): Illuminate\\Filesystem\\Filesystem->getRequire('C:\\\\laragon\\\\www\\\\...', Array)
#27 C:\\laragon\\www\\dentvira\\public\\leantime\\vendor\\laravel\\framework\\src\\Illuminate\\View\\Engines\\CompilerEngine.php(75): Illuminate\\View\\Engines\\PhpEngine->evaluatePath('C:\\\\laragon\\\\www\\\\...', Array)
#28 C:\\laragon\\www\\dentvira\\public\\leantime\\vendor\\laravel\\framework\\src\\Illuminate\\View\\View.php(209): Illuminate\\View\\Engines\\CompilerEngine->get('C:\\\\laragon\\\\www\\\\...', Array)
#29 C:\\laragon\\www\\dentvira\\public\\leantime\\vendor\\laravel\\framework\\src\\Illuminate\\View\\View.php(192): Illuminate\\View\\View->getContents()
#30 C:\\laragon\\www\\dentvira\\public\\leantime\\vendor\\laravel\\framework\\src\\Illuminate\\View\\View.php(161): Illuminate\\View\\View->renderContents()
#31 C:\\laragon\\www\\dentvira\\public\\leantime\\storage\\framework\\views\\1a3a8b64c6c5b3edbb32a652600f7969.php(127): Illuminate\\View\\View->render()
#32 C:\\laragon\\www\\dentvira\\public\\leantime\\vendor\\laravel\\framework\\src\\Illuminate\\Filesystem\\Filesystem.php(123): require('C:\\\\laragon\\\\www\\\\...')
#33 C:\\laragon\\www\\dentvira\\public\\leantime\\vendor\\laravel\\framework\\src\\Illuminate\\Filesystem\\Filesystem.php(124): Illuminate\\Filesystem\\Filesystem::{closure:Illuminate\\Filesystem\\Filesystem::getRequire():120}()
#34 C:\\laragon\\www\\dentvira\\public\\leantime\\vendor\\laravel\\framework\\src\\Illuminate\\View\\Engines\\PhpEngine.php(58): Illuminate\\Filesystem\\Filesystem->getRequire('C:\\\\laragon\\\\www\\\\...', Array)
#35 C:\\laragon\\www\\dentvira\\public\\leantime\\vendor\\laravel\\framework\\src\\Illuminate\\View\\Engines\\CompilerEngine.php(75): Illuminate\\View\\Engines\\PhpEngine->evaluatePath('C:\\\\laragon\\\\www\\\\...', Array)
#36 C:\\laragon\\www\\dentvira\\public\\leantime\\vendor\\laravel\\framework\\src\\Illuminate\\View\\View.php(209): Illuminate\\View\\Engines\\CompilerEngine->get('C:\\\\laragon\\\\www\\\\...', Array)
#37 C:\\laragon\\www\\dentvira\\public\\leantime\\vendor\\laravel\\framework\\src\\Illuminate\\View\\View.php(192): Illuminate\\View\\View->getContents()
#38 C:\\laragon\\www\\dentvira\\public\\leantime\\vendor\\laravel\\framework\\src\\Illuminate\\View\\View.php(161): Illuminate\\View\\View->renderContents()
#39 C:\\laragon\\www\\dentvira\\public\\leantime\\app\\Core\\UI\\Template.php(322): Illuminate\\View\\View->render()
#40 C:\\laragon\\www\\dentvira\\public\\leantime\\app\\Domain\\Install\\Controllers\\Index.php(36): Leantime\\Core\\UI\\Template->display('install.new', 'global::layouts...')
#41 C:\\laragon\\www\\dentvira\\public\\leantime\\app\\Core\\Controller\\Controller.php(73): Leantime\\Domain\\Install\\Controllers\\Index->get(Array)
#42 C:\\laragon\\www\\dentvira\\public\\leantime\\app\\Core\\Controller\\Frontcontroller.php(172): Leantime\\Core\\Controller\\Controller->callAction('get', Array)
#43 C:\\laragon\\www\\dentvira\\public\\leantime\\app\\Core\\Controller\\Frontcontroller.php(65): Leantime\\Core\\Controller\\Frontcontroller->executeAction('Leantime\\\\Domain...', 'get')
#44 C:\\laragon\\www\\dentvira\\public\\leantime\\app\\Core\\Controller\\Frontcontroller.php(75): Leantime\\Core\\Controller\\Frontcontroller->dispatch(Object(Leantime\\Core\\Http\\IncomingRequest))
#45 C:\\laragon\\www\\dentvira\\public\\leantime\\app\\Core\\Http\\HttpKernel.php(216): Leantime\\Core\\Controller\\Frontcontroller::dispatch_request(Object(Leantime\\Core\\Http\\IncomingRequest))
#46 C:\\laragon\\www\\dentvira\\public\\leantime\\app\\Core\\Http\\HttpKernel.php(173): Leantime\\Core\\Http\\HttpKernel->findAndDispatchToRouter(Object(Leantime\\Core\\Http\\IncomingRequest))
#47 C:\\laragon\\www\\dentvira\\public\\leantime\\vendor\\laravel\\framework\\src\\Illuminate\\Pipeline\\Pipeline.php(170): Leantime\\Core\\Http\\HttpKernel->{closure:{closure:Leantime\\Core\\Http\\HttpKernel::sendRequestThroughRouter():164}:173}(Object(Leantime\\Core\\Http\\IncomingRequest))
#48 C:\\laragon\\www\\dentvira\\public\\leantime\\vendor\\laravel\\framework\\src\\Illuminate\\Pipeline\\Pipeline.php(127): Illuminate\\Pipeline\\Pipeline->{closure:Illuminate\\Pipeline\\Pipeline::prepareDestination():168}(Object(Leantime\\Core\\Http\\IncomingRequest))
#49 C:\\laragon\\www\\dentvira\\public\\leantime\\app\\Core\\Http\\HttpKernel.php(173): Illuminate\\Pipeline\\Pipeline->then(Object(Closure))
#50 C:\\laragon\\www\\dentvira\\public\\leantime\\vendor\\laravel\\framework\\src\\Illuminate\\Pipeline\\Pipeline.php(170): Leantime\\Core\\Http\\HttpKernel->{closure:Leantime\\Core\\Http\\HttpKernel::sendRequestThroughRouter():164}(Object(Leantime\\Core\\Http\\IncomingRequest))
#51 C:\\laragon\\www\\dentvira\\public\\leantime\\app\\Domain\\Projects\\Middleware\\CurrentProject.php(41): Illuminate\\Pipeline\\Pipeline->{closure:Illuminate\\Pipeline\\Pipeline::prepareDestination():168}(Object(Leantime\\Core\\Http\\IncomingRequest))
#52 C:\\laragon\\www\\dentvira\\public\\leantime\\vendor\\laravel\\framework\\src\\Illuminate\\Pipeline\\Pipeline.php(209): Leantime\\Domain\\Projects\\Middleware\\CurrentProject->handle(Object(Leantime\\Core\\Http\\IncomingRequest), Object(Closure))
#53 C:\\laragon\\www\\dentvira\\public\\leantime\\app\\Core\\Middleware\\Localization.php(78): Illuminate\\Pipeline\\Pipeline->{closure:{closure:Illuminate\\Pipeline\\Pipeline::carry():184}:185}(Object(Leantime\\Core\\Http\\IncomingRequest))
#54 C:\\laragon\\www\\dentvira\\public\\leantime\\vendor\\laravel\\framework\\src\\Illuminate\\Pipeline\\Pipeline.php(209): Leantime\\Core\\Middleware\\Localization->handle(Object(Leantime\\Core\\Http\\IncomingRequest), Object(Closure))
#55 C:\\laragon\\www\\dentvira\\public\\leantime\\app\\Core\\Middleware\\SetCacheHeaders.php(49): Illuminate\\Pipeline\\Pipeline->{closure:{closure:Illuminate\\Pipeline\\Pipeline::carry():184}:185}(Object(Leantime\\Core\\Http\\IncomingRequest))
#56 C:\\laragon\\www\\dentvira\\public\\leantime\\vendor\\laravel\\framework\\src\\Illuminate\\Pipeline\\Pipeline.php(209): Leantime\\Core\\Middleware\\SetCacheHeaders->handle(Object(Leantime\\Core\\Http\\IncomingRequest), Object(Closure))
#57 C:\\laragon\\www\\dentvira\\public\\leantime\\vendor\\laravel\\framework\\src\\Illuminate\\Foundation\\Http\\Middleware\\TransformsRequest.php(21): Illuminate\\Pipeline\\Pipeline->{closure:{closure:Illuminate\\Pipeline\\Pipeline::carry():184}:185}(Object(Leantime\\Core\\Http\\IncomingRequest))
#58 C:\\laragon\\www\\dentvira\\public\\leantime\\vendor\\laravel\\framework\\src\\Illuminate\\Foundation\\Http\\Middleware\\ConvertEmptyStringsToNull.php(31): Illuminate\\Foundation\\Http\\Middleware\\TransformsRequest->handle(Object(Leantime\\Core\\Http\\IncomingRequest), Object(Closure))
#59 C:\\laragon\\www\\dentvira\\public\\leantime\\vendor\\laravel\\framework\\src\\Illuminate\\Pipeline\\Pipeline.php(209): Illuminate\\Foundation\\Http\\Middleware\\ConvertEmptyStringsToNull->handle(Object(Leantime\\Core\\Http\\IncomingRequest), Object(Closure))
#60 C:\\laragon\\www\\dentvira\\public\\leantime\\vendor\\laravel\\framework\\src\\Illuminate\\Foundation\\Http\\Middleware\\TransformsRequest.php(21): Illuminate\\Pipeline\\Pipeline->{closure:{closure:Illuminate\\Pipeline\\Pipeline::carry():184}:185}(Object(Leantime\\Core\\Http\\IncomingRequest))
#61 C:\\laragon\\www\\dentvira\\public\\leantime\\vendor\\laravel\\framework\\src\\Illuminate\\Foundation\\Http\\Middleware\\TrimStrings.php(51): Illuminate\\Foundation\\Http\\Middleware\\TransformsRequest->handle(Object(Leantime\\Core\\Http\\IncomingRequest), Object(Closure))
#62 C:\\laragon\\www\\dentvira\\public\\leantime\\vendor\\laravel\\framework\\src\\Illuminate\\Pipeline\\Pipeline.php(209): Illuminate\\Foundation\\Http\\Middleware\\TrimStrings->handle(Object(Leantime\\Core\\Http\\IncomingRequest), Object(Closure))
#63 C:\\laragon\\www\\dentvira\\public\\leantime\\vendor\\laravel\\framework\\src\\Illuminate\\Http\\Middleware\\ValidatePostSize.php(27): Illuminate\\Pipeline\\Pipeline->{closure:{closure:Illuminate\\Pipeline\\Pipeline::carry():184}:185}(Object(Leantime\\Core\\Http\\IncomingRequest))
#64 C:\\laragon\\www\\dentvira\\public\\leantime\\vendor\\laravel\\framework\\src\\Illuminate\\Pipeline\\Pipeline.php(209): Illuminate\\Http\\Middleware\\ValidatePostSize->handle(Object(Leantime\\Core\\Http\\IncomingRequest), Object(Closure))
#65 C:\\laragon\\www\\dentvira\\public\\leantime\\vendor\\laravel\\framework\\src\\Illuminate\\Http\\Middleware\\HandleCors.php(49): Illuminate\\Pipeline\\Pipeline->{closure:{closure:Illuminate\\Pipeline\\Pipeline::carry():184}:185}(Object(Leantime\\Core\\Http\\IncomingRequest))
#66 C:\\laragon\\www\\dentvira\\public\\leantime\\vendor\\laravel\\framework\\src\\Illuminate\\Pipeline\\Pipeline.php(209): Illuminate\\Http\\Middleware\\HandleCors->handle(Object(Leantime\\Core\\Http\\IncomingRequest), Object(Closure))
#67 C:\\laragon\\www\\dentvira\\public\\leantime\\app\\Core\\Middleware\\RequestRateLimiter.php(55): Illuminate\\Pipeline\\Pipeline->{closure:{closure:Illuminate\\Pipeline\\Pipeline::carry():184}:185}(Object(Leantime\\Core\\Http\\IncomingRequest))
#68 C:\\laragon\\www\\dentvira\\public\\leantime\\vendor\\laravel\\framework\\src\\Illuminate\\Pipeline\\Pipeline.php(209): Leantime\\Core\\Middleware\\RequestRateLimiter->handle(Object(Leantime\\Core\\Http\\IncomingRequest), Object(Closure))
#69 C:\\laragon\\www\\dentvira\\public\\leantime\\app\\Core\\Middleware\\AuthenticateSession.php(34): Illuminate\\Pipeline\\Pipeline->{closure:{closure:Illuminate\\Pipeline\\Pipeline::carry():184}:185}(Object(Leantime\\Core\\Http\\IncomingRequest))
#70 C:\\laragon\\www\\dentvira\\public\\leantime\\vendor\\laravel\\framework\\src\\Illuminate\\Pipeline\\Pipeline.php(209): Leantime\\Core\\Middleware\\AuthenticateSession->handle(Object(Leantime\\Core\\Http\\IncomingRequest), Object(Closure))
#71 C:\\laragon\\www\\dentvira\\public\\leantime\\app\\Core\\Middleware\\AuthCheck.php(62): Illuminate\\Pipeline\\Pipeline->{closure:{closure:Illuminate\\Pipeline\\Pipeline::carry():184}:185}(Object(Leantime\\Core\\Http\\IncomingRequest))
#72 C:\\laragon\\www\\dentvira\\public\\leantime\\vendor\\laravel\\framework\\src\\Illuminate\\Pipeline\\Pipeline.php(209): Leantime\\Core\\Middleware\\AuthCheck->handle(Object(Leantime\\Core\\Http\\IncomingRequest), Object(Closure))
#73 C:\\laragon\\www\\dentvira\\public\\leantime\\app\\Core\\Middleware\\InitialHeaders.php(24): Illuminate\\Pipeline\\Pipeline->{closure:{closure:Illuminate\\Pipeline\\Pipeline::carry():184}:185}(Object(Leantime\\Core\\Http\\IncomingRequest))
#74 C:\\laragon\\www\\dentvira\\public\\leantime\\vendor\\laravel\\framework\\src\\Illuminate\\Pipeline\\Pipeline.php(209): Leantime\\Core\\Middleware\\InitialHeaders->handle(Object(Leantime\\Core\\Http\\IncomingRequest), Object(Closure))
#75 C:\\laragon\\www\\dentvira\\public\\leantime\\app\\Core\\Middleware\\LoadPlugins.php(32): Illuminate\\Pipeline\\Pipeline->{closure:{closure:Illuminate\\Pipeline\\Pipeline::carry():184}:185}(Object(Leantime\\Core\\Http\\IncomingRequest))
#76 C:\\laragon\\www\\dentvira\\public\\leantime\\vendor\\laravel\\framework\\src\\Illuminate\\Pipeline\\Pipeline.php(209): Leantime\\Core\\Middleware\\LoadPlugins->handle(Object(Leantime\\Core\\Http\\IncomingRequest), Object(Closure))
#77 C:\\laragon\\www\\dentvira\\public\\leantime\\app\\Core\\Middleware\\Updated.php(67): Illuminate\\Pipeline\\Pipeline->{closure:{closure:Illuminate\\Pipeline\\Pipeline::carry():184}:185}(Object(Leantime\\Core\\Http\\IncomingRequest))
#78 C:\\laragon\\www\\dentvira\\public\\leantime\\vendor\\laravel\\framework\\src\\Illuminate\\Pipeline\\Pipeline.php(209): Leantime\\Core\\Middleware\\Updated->handle(Object(Leantime\\Core\\Http\\IncomingRequest), Object(Closure))
#79 C:\\laragon\\www\\dentvira\\public\\leantime\\app\\Core\\Middleware\\Installed.php(39): Illuminate\\Pipeline\\Pipeline->{closure:{closure:Illuminate\\Pipeline\\Pipeline::carry():184}:185}(Object(Leantime\\Core\\Http\\IncomingRequest))
#80 C:\\laragon\\www\\dentvira\\public\\leantime\\vendor\\laravel\\framework\\src\\Illuminate\\Pipeline\\Pipeline.php(209): Leantime\\Core\\Middleware\\Installed->handle(Object(Leantime\\Core\\Http\\IncomingRequest), Object(Closure))
#81 C:\\laragon\\www\\dentvira\\public\\leantime\\app\\Core\\Middleware\\StartSession.php(134): Illuminate\\Pipeline\\Pipeline->{closure:{closure:Illuminate\\Pipeline\\Pipeline::carry():184}:185}(Object(Leantime\\Core\\Http\\IncomingRequest))
#82 C:\\laragon\\www\\dentvira\\public\\leantime\\app\\Core\\Middleware\\StartSession.php(83): Leantime\\Core\\Middleware\\StartSession->handleOptimisticRequest(Object(Leantime\\Core\\Http\\IncomingRequest), Object(Illuminate\\Session\\Store), Object(Closure))
#83 C:\\laragon\\www\\dentvira\\public\\leantime\\vendor\\laravel\\framework\\src\\Illuminate\\Pipeline\\Pipeline.php(209): Leantime\\Core\\Middleware\\StartSession->handle(Object(Leantime\\Core\\Http\\IncomingRequest), Object(Closure))
#84 C:\\laragon\\www\\dentvira\\public\\leantime\\app\\Core\\Middleware\\TrustProxies.php(65): Illuminate\\Pipeline\\Pipeline->{closure:{closure:Illuminate\\Pipeline\\Pipeline::carry():184}:185}(Object(Leantime\\Core\\Http\\IncomingRequest))
#85 C:\\laragon\\www\\dentvira\\public\\leantime\\vendor\\laravel\\framework\\src\\Illuminate\\Pipeline\\Pipeline.php(209): Leantime\\Core\\Middleware\\TrustProxies->handle(Object(Leantime\\Core\\Http\\IncomingRequest), Object(Closure))
#86 C:\\laragon\\www\\dentvira\\public\\leantime\\vendor\\laravel\\framework\\src\\Illuminate\\Pipeline\\Pipeline.php(127): Illuminate\\Pipeline\\Pipeline->{closure:{closure:Illuminate\\Pipeline\\Pipeline::carry():184}:185}(Object(Leantime\\Core\\Http\\IncomingRequest))
#87 C:\\laragon\\www\\dentvira\\public\\leantime\\app\\Core\\Http\\HttpKernel.php(164): Illuminate\\Pipeline\\Pipeline->then(Object(Closure))
#88 C:\\laragon\\www\\dentvira\\public\\leantime\\app\\Core\\Http\\HttpKernel.php(121): Leantime\\Core\\Http\\HttpKernel->sendRequestThroughRouter(Object(Leantime\\Core\\Http\\IncomingRequest))
#89 C:\\laragon\\www\\dentvira\\public\\leantime\\app\\Core\\Bootloader.php(79): Leantime\\Core\\Http\\HttpKernel->handle(Object(Leantime\\Core\\Http\\IncomingRequest))
#90 C:\\laragon\\www\\dentvira\\public\\leantime\\app\\Core\\Bootloader.php(60): Leantime\\Core\\Bootloader->handleRequest(Object(Leantime\\Core\\Http\\IncomingRequest))
#91 C:\\laragon\\www\\dentvira\\public\\leantime\\public\\index.php(20): Leantime\\Core\\Bootloader->boot(Object(Leantime\\Core\\Application))
#92 {main}
"} 
[2026-10-02 13:50:29] production.ERROR: SQLSTATE[42S02]: Base table or view not found: 1146 Table 'dentvira_leantime.zp_user' doesn't exist (Connection: mysql, SQL: select count(*) as aggregate from `zp_user`) {"exception":"[object] (Illuminate\\Database\\QueryException(code: 42S02): SQLSTATE[42S02]: Base table or view not found: 1146 Table 'dentvira_leantime.zp_user' doesn't exist (Connection: mysql, SQL: select count(*) as aggregate from `zp_user`) at C:\\laragon\\www\\dentvira\\public\\leantime\\vendor\\laravel\\framework\\src\\Illuminate\\Database\\Connection.php:825)
[stacktrace]
#0 C:\\laragon\\www\\dentvira\\public\\leantime\\vendor\\laravel\\framework\\src\\Illuminate\\Database\\Connection.php(779): Illuminate\\Database\\Connection->runQueryCallback('select count(*)...', Array, Object(Closure))
#1 C:\\laragon\\www\\dentvira\\public\\leantime\\vendor\\laravel\\framework\\src\\Illuminate\\Database\\Connection.php(398): Illuminate\\Database\\Connection->run('select count(*)...', Array, Object(Closure))
#2 C:\\laragon\\www\\dentvira\\public\\leantime\\vendor\\laravel\\framework\\src\\Illuminate\\Database\\Query\\Builder.php(3106): Illuminate\\Database\\Connection->select('select count(*)...', Array, true)
#3 C:\\laragon\\www\\dentvira\\public\\leantime\\vendor\\laravel\\framework\\src\\Illuminate\\Database\\Query\\Builder.php(3091): Illuminate\\Database\\Query\\Builder->runSelect()
#4 C:\\laragon\\www\\dentvira\\public\\leantime\\vendor\\laravel\\framework\\src\\Illuminate\\Database\\Query\\Builder.php(3676): Illuminate\\Database\\Query\\Builder->{closure:Illuminate\\Database\\Query\\Builder::get():3090}()
#5 C:\\laragon\\www\\dentvira\\public\\leantime\\vendor\\laravel\\framework\\src\\Illuminate\\Database\\Query\\Builder.php(3090): Illuminate\\Database\\Query\\Builder->onceWithColumns(Array, Object(Closure))
#6 C:\\laragon\\www\\dentvira\\public\\leantime\\vendor\\laravel\\framework\\src\\Illuminate\\Database\\Query\\Builder.php(3603): Illuminate\\Database\\Query\\Builder->get(Array)
#7 C:\\laragon\\www\\dentvira\\public\\leantime\\vendor\\laravel\\framework\\src\\Illuminate\\Database\\Query\\Builder.php(3531): Illuminate\\Database\\Query\\Builder->aggregate('count', Array)
#8 C:\\laragon\\www\\dentvira\\public\\leantime\\app\\Domain\\Setting\\Repositories\\Setting.php(159): Illuminate\\Database\\Query\\Builder->count()
#9 C:\\laragon\\www\\dentvira\\public\\leantime\\app\\Domain\\Setting\\Repositories\\Setting.php(34): Leantime\\Domain\\Setting\\Repositories\\Setting->checkIfInstalled()
#10 C:\\laragon\\www\\dentvira\\public\\leantime\\app\\Core\\UI\\Theme.php(268): Leantime\\Domain\\Setting\\Repositories\\Setting->getSetting('companysettings...')
#11 C:\\laragon\\www\\dentvira\\public\\leantime\\app\\Core\\UI\\Theme.php(1028): Leantime\\Core\\UI\\Theme->getAvailableColorSchemes()
#12 C:\\laragon\\www\\dentvira\\public\\leantime\\app\\Views\\Composers\\Header.php(66): Leantime\\Core\\UI\\Theme->getPrimaryColor()
#13 C:\\laragon\\www\\dentvira\\public\\leantime\\app\\Core\\UI\\Composer.php(62): Leantime\\Views\\Composers\\Header->with()
#14 C:\\laragon\\www\\dentvira\\public\\leantime\\app\\Core\\UI\\Composer.php(52): Leantime\\Core\\UI\\Composer->merge()
#15 C:\\laragon\\www\\dentvira\\public\\leantime\\vendor\\laravel\\framework\\src\\Illuminate\\View\\Concerns\\ManagesEvents.php(124): Leantime\\Core\\UI\\Composer->compose(Object(Illuminate\\View\\View), Array)
#16 C:\\laragon\\www\\dentvira\\public\\leantime\\app\\Core\\Events\\EventDispatcher.php(707): Illuminate\\View\\Factory->{closure:Illuminate\\View\\Concerns\\ManagesEvents::buildClassEventCallback():123}(Object(Illuminate\\View\\View), Array)
#17 C:\\laragon\\www\\dentvira\\public\\leantime\\app\\Core\\Events\\EventDispatcher.php(413): Leantime\\Core\\Events\\EventDispatcher::{closure:Leantime\\Core\\Events\\EventDispatcher::makeListener():702}('composing: glob...', Array)
#18 C:\\laragon\\www\\dentvira\\public\\leantime\\app\\Core\\Events\\EventDispatcher.php(196): Leantime\\Core\\Events\\EventDispatcher::executeHandlers(Array, 'events', 'composing: glob...', Array)
#19 C:\\laragon\\www\\dentvira\\public\\leantime\\app\\Core\\Events\\EventDispatcher.php(131): Leantime\\Core\\Events\\EventDispatcher::dispatch_event('composing: glob...', Array, '')
#20 C:\\laragon\\www\\dentvira\\public\\leantime\\vendor\\laravel\\framework\\src\\Illuminate\\View\\Concerns\\ManagesEvents.php(178): Leantime\\Core\\Events\\EventDispatcher->dispatch('composing: glob...', Array)
#21 C:\\laragon\\www\\dentvira\\public\\leantime\\vendor\\laravel\\framework\\src\\Illuminate\\View\\View.php(190): Illuminate\\View\\Factory->callComposer(Object(Illuminate\\View\\View))
#22 C:\\laragon\\www\\dentvira\\public\\leantime\\vendor\\laravel\\framework\\src\\Illuminate\\View\\View.php(161): Illuminate\\View\\View->renderContents()
#23 C:\\laragon\\www\\dentvira\\public\\leantime\\storage\\framework\\views\\f877dead5805cd1e774aec4dabcf4a1d.php(4): Illuminate\\View\\View->render()
#24 C:\\laragon\\www\\dentvira\\public\\leantime\\vendor\\laravel\\framework\\src\\Illuminate\\Filesystem\\Filesystem.php(123): require('C:\\\\laragon\\\\www\\\\...')
#25 C:\\laragon\\www\\dentvira\\public\\leantime\\vendor\\laravel\\framework\\src\\Illuminate\\Filesystem\\Filesystem.php(124): Illuminate\\Filesystem\\Filesystem::{closure:Illuminate\\Filesystem\\Filesystem::getRequire():120}()
#26 C:\\laragon\\www\\dentvira\\public\\leantime\\vendor\\laravel\\framework\\src\\Illuminate\\View\\Engines\\PhpEngine.php(58): Illuminate\\Filesystem\\Filesystem->getRequire('C:\\\\laragon\\\\www\\\\...', Array)
#27 C:\\laragon\\www\\dentvira\\public\\leantime\\vendor\\laravel\\framework\\src\\Illuminate\\View\\Engines\\CompilerEngine.php(75): Illuminate\\View\\Engines\\PhpEngine->evaluatePath('C:\\\\laragon\\\\www\\\\...', Array)
#28 C:\\laragon\\www\\dentvira\\public\\leantime\\vendor\\laravel\\framework\\src\\Illuminate\\View\\View.php(209): Illuminate\\View\\Engines\\CompilerEngine->get('C:\\\\laragon\\\\www\\\\...', Array)
#29 C:\\laragon\\www\\dentvira\\public\\leantime\\vendor\\laravel\\framework\\src\\Illuminate\\View\\View.php(192): Illuminate\\View\\View->getContents()
#30 C:\\laragon\\www\\dentvira\\public\\leantime\\vendor\\laravel\\framework\\src\\Illuminate\\View\\View.php(161): Illuminate\\View\\View->renderContents()
#31 C:\\laragon\\www\\dentvira\\public\\leantime\\storage\\framework\\views\\1a3a8b64c6c5b3edbb32a652600f7969.php(127): Illuminate\\View\\View->render()
#32 C:\\laragon\\www\\dentvira\\public\\leantime\\vendor\\laravel\\framework\\src\\Illuminate\\Filesystem\\Filesystem.php(123): require('C:\\\\laragon\\\\www\\\\...')
#33 C:\\laragon\\www\\dentvira\\public\\leantime\\vendor\\laravel\\framework\\src\\Illuminate\\Filesystem\\Filesystem.php(124): Illuminate\\Filesystem\\Filesystem::{closure:Illuminate\\Filesystem\\Filesystem::getRequire():120}()
#34 C:\\laragon\\www\\dentvira\\public\\leantime\\vendor\\laravel\\framework\\src\\Illuminate\\View\\Engines\\PhpEngine.php(58): Illuminate\\Filesystem\\Filesystem->getRequire('C:\\\\laragon\\\\www\\\\...', Array)
#35 C:\\laragon\\www\\dentvira\\public\\leantime\\vendor\\laravel\\framework\\src\\Illuminate\\View\\Engines\\CompilerEngine.php(75): Illuminate\\View\\Engines\\PhpEngine->evaluatePath('C:\\\\laragon\\\\www\\\\...', Array)
#36 C:\\laragon\\www\\dentvira\\public\\leantime\\vendor\\laravel\\framework\\src\\Illuminate\\View\\View.php(209): Illuminate\\View\\Engines\\CompilerEngine->get('C:\\\\laragon\\\\www\\\\...', Array)
#37 C:\\laragon\\www\\dentvira\\public\\leantime\\vendor\\laravel\\framework\\src\\Illuminate\\View\\View.php(192): Illuminate\\View\\View->getContents()
#38 C:\\laragon\\www\\dentvira\\public\\leantime\\vendor\\laravel\\framework\\src\\Illuminate\\View\\View.php(161): Illuminate\\View\\View->renderContents()
#39 C:\\laragon\\www\\dentvira\\public\\leantime\\app\\Core\\UI\\Template.php(322): Illuminate\\View\\View->render()
#40 C:\\laragon\\www\\dentvira\\public\\leantime\\app\\Domain\\Install\\Controllers\\Index.php(36): Leantime\\Core\\UI\\Template->display('install.new', 'global::layouts...')
#41 C:\\laragon\\www\\dentvira\\public\\leantime\\app\\Core\\Controller\\Controller.php(73): Leantime\\Domain\\Install\\Controllers\\Index->get(Array)
#42 C:\\laragon\\www\\dentvira\\public\\leantime\\app\\Core\\Controller\\Frontcontroller.php(172): Leantime\\Core\\Controller\\Controller->callAction('get', Array)
#43 C:\\laragon\\www\\dentvira\\public\\leantime\\app\\Core\\Controller\\Frontcontroller.php(65): Leantime\\Core\\Controller\\Frontcontroller->executeAction('Leantime\\\\Domain...', 'get')
#44 C:\\laragon\\www\\dentvira\\public\\leantime\\app\\Core\\Controller\\Frontcontroller.php(75): Leantime\\Core\\Controller\\Frontcontroller->dispatch(Object(Leantime\\Core\\Http\\IncomingRequest))
#45 C:\\laragon\\www\\dentvira\\public\\leantime\\app\\Core\\Http\\HttpKernel.php(216): Leantime\\Core\\Controller\\Frontcontroller::dispatch_request(Object(Leantime\\Core\\Http\\IncomingRequest))
#46 C:\\laragon\\www\\dentvira\\public\\leantime\\app\\Core\\Http\\HttpKernel.php(173): Leantime\\Core\\Http\\HttpKernel->findAndDispatchToRouter(Object(Leantime\\Core\\Http\\IncomingRequest))
#47 C:\\laragon\\www\\dentvira\\public\\leantime\\vendor\\laravel\\framework\\src\\Illuminate\\Pipeline\\Pipeline.php(170): Leantime\\Core\\Http\\HttpKernel->{closure:{closure:Leantime\\Core\\Http\\HttpKernel::sendRequestThroughRouter():164}:173}(Object(Leantime\\Core\\Http\\IncomingRequest))
#48 C:\\laragon\\www\\dentvira\\public\\leantime\\vendor\\laravel\\framework\\src\\Illuminate\\Pipeline\\Pipeline.php(127): Illuminate\\Pipeline\\Pipeline->{closure:Illuminate\\Pipeline\\Pipeline::prepareDestination():168}(Object(Leantime\\Core\\Http\\IncomingRequest))
#49 C:\\laragon\\www\\dentvira\\public\\leantime\\app\\Core\\Http\\HttpKernel.php(173): Illuminate\\Pipeline\\Pipeline->then(Object(Closure))
#50 C:\\laragon\\www\\dentvira\\public\\leantime\\vendor\\laravel\\framework\\src\\Illuminate\\Pipeline\\Pipeline.php(170): Leantime\\Core\\Http\\HttpKernel->{closure:Leantime\\Core\\Http\\HttpKernel::sendRequestThroughRouter():164}(Object(Leantime\\Core\\Http\\IncomingRequest))
#51 C:\\laragon\\www\\dentvira\\public\\leantime\\app\\Domain\\Projects\\Middleware\\CurrentProject.php(41): Illuminate\\Pipeline\\Pipeline->{closure:Illuminate\\Pipeline\\Pipeline::prepareDestination():168}(Object(Leantime\\Core\\Http\\IncomingRequest))
#52 C:\\laragon\\www\\dentvira\\public\\leantime\\vendor\\laravel\\framework\\src\\Illuminate\\Pipeline\\Pipeline.php(209): Leantime\\Domain\\Projects\\Middleware\\CurrentProject->handle(Object(Leantime\\Core\\Http\\IncomingRequest), Object(Closure))
#53 C:\\laragon\\www\\dentvira\\public\\leantime\\app\\Core\\Middleware\\Localization.php(78): Illuminate\\Pipeline\\Pipeline->{closure:{closure:Illuminate\\Pipeline\\Pipeline::carry():184}:185}(Object(Leantime\\Core\\Http\\IncomingRequest))
#54 C:\\laragon\\www\\dentvira\\public\\leantime\\vendor\\laravel\\framework\\src\\Illuminate\\Pipeline\\Pipeline.php(209): Leantime\\Core\\Middleware\\Localization->handle(Object(Leantime\\Core\\Http\\IncomingRequest), Object(Closure))
#55 C:\\laragon\\www\\dentvira\\public\\leantime\\app\\Core\\Middleware\\SetCacheHeaders.php(49): Illuminate\\Pipeline\\Pipeline->{closure:{closure:Illuminate\\Pipeline\\Pipeline::carry():184}:185}(Object(Leantime\\Core\\Http\\IncomingRequest))
#56 C:\\laragon\\www\\dentvira\\public\\leantime\\vendor\\laravel\\framework\\src\\Illuminate\\Pipeline\\Pipeline.php(209): Leantime\\Core\\Middleware\\SetCacheHeaders->handle(Object(Leantime\\Core\\Http\\IncomingRequest), Object(Closure))
#57 C:\\laragon\\www\\dentvira\\public\\leantime\\vendor\\laravel\\framework\\src\\Illuminate\\Foundation\\Http\\Middleware\\TransformsRequest.php(21): Illuminate\\Pipeline\\Pipeline->{closure:{closure:Illuminate\\Pipeline\\Pipeline::carry():184}:185}(Object(Leantime\\Core\\Http\\IncomingRequest))
#58 C:\\laragon\\www\\dentvira\\public\\leantime\\vendor\\laravel\\framework\\src\\Illuminate\\Foundation\\Http\\Middleware\\ConvertEmptyStringsToNull.php(31): Illuminate\\Foundation\\Http\\Middleware\\TransformsRequest->handle(Object(Leantime\\Core\\Http\\IncomingRequest), Object(Closure))
#59 C:\\laragon\\www\\dentvira\\public\\leantime\\vendor\\laravel\\framework\\src\\Illuminate\\Pipeline\\Pipeline.php(209): Illuminate\\Foundation\\Http\\Middleware\\ConvertEmptyStringsToNull->handle(Object(Leantime\\Core\\Http\\IncomingRequest), Object(Closure))
#60 C:\\laragon\\www\\dentvira\\public\\leantime\\vendor\\laravel\\framework\\src\\Illuminate\\Foundation\\Http\\Middleware\\TransformsRequest.php(21): Illuminate\\Pipeline\\Pipeline->{closure:{closure:Illuminate\\Pipeline\\Pipeline::carry():184}:185}(Object(Leantime\\Core\\Http\\IncomingRequest))
#61 C:\\laragon\\www\\dentvira\\public\\leantime\\vendor\\laravel\\framework\\src\\Illuminate\\Foundation\\Http\\Middleware\\TrimStrings.php(51): Illuminate\\Foundation\\Http\\Middleware\\TransformsRequest->handle(Object(Leantime\\Core\\Http\\IncomingRequest), Object(Closure))
#62 C:\\laragon\\www\\dentvira\\public\\leantime\\vendor\\laravel\\framework\\src\\Illuminate\\Pipeline\\Pipeline.php(209): Illuminate\\Foundation\\Http\\Middleware\\TrimStrings->handle(Object(Leantime\\Core\\Http\\IncomingRequest), Object(Closure))
#63 C:\\laragon\\www\\dentvira\\public\\leantime\\vendor\\laravel\\framework\\src\\Illuminate\\Http\\Middleware\\ValidatePostSize.php(27): Illuminate\\Pipeline\\Pipeline->{closure:{closure:Illuminate\\Pipeline\\Pipeline::carry():184}:185}(Object(Leantime\\Core\\Http\\IncomingRequest))
#64 C:\\laragon\\www\\dentvira\\public\\leantime\\vendor\\laravel\\framework\\src\\Illuminate\\Pipeline\\Pipeline.php(209): Illuminate\\Http\\Middleware\\ValidatePostSize->handle(Object(Leantime\\Core\\Http\\IncomingRequest), Object(Closure))
#65 C:\\laragon\\www\\dentvira\\public\\leantime\\vendor\\laravel\\framework\\src\\Illuminate\\Http\\Middleware\\HandleCors.php(49): Illuminate\\Pipeline\\Pipeline->{closure:{closure:Illuminate\\Pipeline\\Pipeline::carry():184}:185}(Object(Leantime\\Core\\Http\\IncomingRequest))
#66 C:\\laragon\\www\\dentvira\\public\\leantime\\vendor\\laravel\\framework\\src\\Illuminate\\Pipeline\\Pipeline.php(209): Illuminate\\Http\\Middleware\\HandleCors->handle(Object(Leantime\\Core\\Http\\IncomingRequest), Object(Closure))
#67 C:\\laragon\\www\\dentvira\\public\\leantime\\app\\Core\\Middleware\\RequestRateLimiter.php(55): Illuminate\\Pipeline\\Pipeline->{closure:{closure:Illuminate\\Pipeline\\Pipeline::carry():184}:185}(Object(Leantime\\Core\\Http\\IncomingRequest))
#68 C:\\laragon\\www\\dentvira\\public\\leantime\\vendor\\laravel\\framework\\src\\Illuminate\\Pipeline\\Pipeline.php(209): Leantime\\Core\\Middleware\\RequestRateLimiter->handle(Object(Leantime\\Core\\Http\\IncomingRequest), Object(Closure))
#69 C:\\laragon\\www\\dentvira\\public\\leantime\\app\\Core\\Middleware\\AuthenticateSession.php(34): Illuminate\\Pipeline\\Pipeline->{closure:{closure:Illuminate\\Pipeline\\Pipeline::carry():184}:185}(Object(Leantime\\Core\\Http\\IncomingRequest))
#70 C:\\laragon\\www\\dentvira\\public\\leantime\\vendor\\laravel\\framework\\src\\Illuminate\\Pipeline\\Pipeline.php(209): Leantime\\Core\\Middleware\\AuthenticateSession->handle(Object(Leantime\\Core\\Http\\IncomingRequest), Object(Closure))
#71 C:\\laragon\\www\\dentvira\\public\\leantime\\app\\Core\\Middleware\\AuthCheck.php(62): Illuminate\\Pipeline\\Pipeline->{closure:{closure:Illuminate\\Pipeline\\Pipeline::carry():184}:185}(Object(Leantime\\Core\\Http\\IncomingRequest))
#72 C:\\laragon\\www\\dentvira\\public\\leantime\\vendor\\laravel\\framework\\src\\Illuminate\\Pipeline\\Pipeline.php(209): Leantime\\Core\\Middleware\\AuthCheck->handle(Object(Leantime\\Core\\Http\\IncomingRequest), Object(Closure))
#73 C:\\laragon\\www\\dentvira\\public\\leantime\\app\\Core\\Middleware\\InitialHeaders.php(24): Illuminate\\Pipeline\\Pipeline->{closure:{closure:Illuminate\\Pipeline\\Pipeline::carry():184}:185}(Object(Leantime\\Core\\Http\\IncomingRequest))
#74 C:\\laragon\\www\\dentvira\\public\\leantime\\vendor\\laravel\\framework\\src\\Illuminate\\Pipeline\\Pipeline.php(209): Leantime\\Core\\Middleware\\InitialHeaders->handle(Object(Leantime\\Core\\Http\\IncomingRequest), Object(Closure))
#75 C:\\laragon\\www\\dentvira\\public\\leantime\\app\\Core\\Middleware\\LoadPlugins.php(32): Illuminate\\Pipeline\\Pipeline->{closure:{closure:Illuminate\\Pipeline\\Pipeline::carry():184}:185}(Object(Leantime\\Core\\Http\\IncomingRequest))
#76 C:\\laragon\\www\\dentvira\\public\\leantime\\vendor\\laravel\\framework\\src\\Illuminate\\Pipeline\\Pipeline.php(209): Leantime\\Core\\Middleware\\LoadPlugins->handle(Object(Leantime\\Core\\Http\\IncomingRequest), Object(Closure))
#77 C:\\laragon\\www\\dentvira\\public\\leantime\\app\\Core\\Middleware\\Updated.php(67): Illuminate\\Pipeline\\Pipeline->{closure:{closure:Illuminate\\Pipeline\\Pipeline::carry():184}:185}(Object(Leantime\\Core\\Http\\IncomingRequest))
#78 C:\\laragon\\www\\dentvira\\public\\leantime\\vendor\\laravel\\framework\\src\\Illuminate\\Pipeline\\Pipeline.php(209): Leantime\\Core\\Middleware\\Updated->handle(Object(Leantime\\Core\\Http\\IncomingRequest), Object(Closure))
#79 C:\\laragon\\www\\dentvira\\public\\leantime\\app\\Core\\Middleware\\Installed.php(39): Illuminate\\Pipeline\\Pipeline->{closure:{closure:Illuminate\\Pipeline\\Pipeline::carry():184}:185}(Object(Leantime\\Core\\Http\\IncomingRequest))
#80 C:\\laragon\\www\\dentvira\\public\\leantime\\vendor\\laravel\\framework\\src\\Illuminate\\Pipeline\\Pipeline.php(209): Leantime\\Core\\Middleware\\Installed->handle(Object(Leantime\\Core\\Http\\IncomingRequest), Object(Closure))
#81 C:\\laragon\\www\\dentvira\\public\\leantime\\app\\Core\\Middleware\\StartSession.php(134): Illuminate\\Pipeline\\Pipeline->{closure:{closure:Illuminate\\Pipeline\\Pipeline::carry():184}:185}(Object(Leantime\\Core\\Http\\IncomingRequest))
#82 C:\\laragon\\www\\dentvira\\public\\leantime\\app\\Core\\Middleware\\StartSession.php(83): Leantime\\Core\\Middleware\\StartSession->handleOptimisticRequest(Object(Leantime\\Core\\Http\\IncomingRequest), Object(Illuminate\\Session\\Store), Object(Closure))
#83 C:\\laragon\\www\\dentvira\\public\\leantime\\vendor\\laravel\\framework\\src\\Illuminate\\Pipeline\\Pipeline.php(209): Leantime\\Core\\Middleware\\StartSession->handle(Object(Leantime\\Core\\Http\\IncomingRequest), Object(Closure))
#84 C:\\laragon\\www\\dentvira\\public\\leantime\\app\\Core\\Middleware\\TrustProxies.php(65): Illuminate\\Pipeline\\Pipeline->{closure:{closure:Illuminate\\Pipeline\\Pipeline::carry():184}:185}(Object(Leantime\\Core\\Http\\IncomingRequest))
#85 C:\\laragon\\www\\dentvira\\public\\leantime\\vendor\\laravel\\framework\\src\\Illuminate\\Pipeline\\Pipeline.php(209): Leantime\\Core\\Middleware\\TrustProxies->handle(Object(Leantime\\Core\\Http\\IncomingRequest), Object(Closure))
#86 C:\\laragon\\www\\dentvira\\public\\leantime\\vendor\\laravel\\framework\\src\\Illuminate\\Pipeline\\Pipeline.php(127): Illuminate\\Pipeline\\Pipeline->{closure:{closure:Illuminate\\Pipeline\\Pipeline::carry():184}:185}(Object(Leantime\\Core\\Http\\IncomingRequest))
#87 C:\\laragon\\www\\dentvira\\public\\leantime\\app\\Core\\Http\\HttpKernel.php(164): Illuminate\\Pipeline\\Pipeline->then(Object(Closure))
#88 C:\\laragon\\www\\dentvira\\public\\leantime\\app\\Core\\Http\\HttpKernel.php(121): Leantime\\Core\\Http\\HttpKernel->sendRequestThroughRouter(Object(Leantime\\Core\\Http\\IncomingRequest))
#89 C:\\laragon\\www\\dentvira\\public\\leantime\\app\\Core\\Bootloader.php(79): Leantime\\Core\\Http\\HttpKernel->handle(Object(Leantime\\Core\\Http\\IncomingRequest))
#90 C:\\laragon\\www\\dentvira\\public\\leantime\\app\\Core\\Bootloader.php(60): Leantime\\Core\\Bootloader->handleRequest(Object(Leantime\\Core\\Http\\IncomingRequest))
#91 C:\\laragon\\www\\dentvira\\public\\leantime\\public\\index.php(20): Leantime\\Core\\Bootloader->boot(Object(Leantime\\Core\\Application))
#92 {main}

[previous exception] [object] (PDOException(code: 42S02): SQLSTATE[42S02]: Base table or view not found: 1146 Table 'dentvira_leantime.zp_user' doesn't exist at C:\\laragon\\www\\dentvira\\public\\leantime\\vendor\\laravel\\framework\\src\\Illuminate\\Database\\Connection.php:412)
[stacktrace]
#0 C:\\laragon\\www\\dentvira\\public\\leantime\\vendor\\laravel\\framework\\src\\Illuminate\\Database\\Connection.php(412): PDOStatement->execute()
#1 C:\\laragon\\www\\dentvira\\public\\leantime\\vendor\\laravel\\framework\\src\\Illuminate\\Database\\Connection.php(812): Illuminate\\Database\\Connection->{closure:Illuminate\\Database\\Connection::select():398}('select count(*)...', Array)
#2 C:\\laragon\\www\\dentvira\\public\\leantime\\vendor\\laravel\\framework\\src\\Illuminate\\Database\\Connection.php(779): Illuminate\\Database\\Connection->runQueryCallback('select count(*)...', Array, Object(Closure))
#3 C:\\laragon\\www\\dentvira\\public\\leantime\\vendor\\laravel\\framework\\src\\Illuminate\\Database\\Connection.php(398): Illuminate\\Database\\Connection->run('select count(*)...', Array, Object(Closure))
#4 C:\\laragon\\www\\dentvira\\public\\leantime\\vendor\\laravel\\framework\\src\\Illuminate\\Database\\Query\\Builder.php(3106): Illuminate\\Database\\Connection->select('select count(*)...', Array, true)
#5 C:\\laragon\\www\\dentvira\\public\\leantime\\vendor\\laravel\\framework\\src\\Illuminate\\Database\\Query\\Builder.php(3091): Illuminate\\Database\\Query\\Builder->runSelect()
#6 C:\\laragon\\www\\dentvira\\public\\leantime\\vendor\\laravel\\framework\\src\\Illuminate\\Database\\Query\\Builder.php(3676): Illuminate\\Database\\Query\\Builder->{closure:Illuminate\\Database\\Query\\Builder::get():3090}()
#7 C:\\laragon\\www\\dentvira\\public\\leantime\\vendor\\laravel\\framework\\src\\Illuminate\\Database\\Query\\Builder.php(3090): Illuminate\\Database\\Query\\Builder->onceWithColumns(Array, Object(Closure))
#8 C:\\laragon\\www\\dentvira\\public\\leantime\\vendor\\laravel\\framework\\src\\Illuminate\\Database\\Query\\Builder.php(3603): Illuminate\\Database\\Query\\Builder->get(Array)
#9 C:\\laragon\\www\\dentvira\\public\\leantime\\vendor\\laravel\\framework\\src\\Illuminate\\Database\\Query\\Builder.php(3531): Illuminate\\Database\\Query\\Builder->aggregate('count', Array)
#10 C:\\laragon\\www\\dentvira\\public\\leantime\\app\\Domain\\Setting\\Repositories\\Setting.php(159): Illuminate\\Database\\Query\\Builder->count()
#11 C:\\laragon\\www\\dentvira\\public\\leantime\\app\\Domain\\Setting\\Repositories\\Setting.php(34): Leantime\\Domain\\Setting\\Repositories\\Setting->checkIfInstalled()
#12 C:\\laragon\\www\\dentvira\\public\\leantime\\app\\Core\\UI\\Theme.php(268): Leantime\\Domain\\Setting\\Repositories\\Setting->getSetting('companysettings...')
#13 C:\\laragon\\www\\dentvira\\public\\leantime\\app\\Core\\UI\\Theme.php(1028): Leantime\\Core\\UI\\Theme->getAvailableColorSchemes()
#14 C:\\laragon\\www\\dentvira\\public\\leantime\\app\\Views\\Composers\\Header.php(66): Leantime\\Core\\UI\\Theme->getPrimaryColor()
#15 C:\\laragon\\www\\dentvira\\public\\leantime\\app\\Core\\UI\\Composer.php(62): Leantime\\Views\\Composers\\Header->with()
#16 C:\\laragon\\www\\dentvira\\public\\leantime\\app\\Core\\UI\\Composer.php(52): Leantime\\Core\\UI\\Composer->merge()
#17 C:\\laragon\\www\\dentvira\\public\\leantime\\vendor\\laravel\\framework\\src\\Illuminate\\View\\Concerns\\ManagesEvents.php(124): Leantime\\Core\\UI\\Composer->compose(Object(Illuminate\\View\\View), Array)
#18 C:\\laragon\\www\\dentvira\\public\\leantime\\app\\Core\\Events\\EventDispatcher.php(707): Illuminate\\View\\Factory->{closure:Illuminate\\View\\Concerns\\ManagesEvents::buildClassEventCallback():123}(Object(Illuminate\\View\\View), Array)
#19 C:\\laragon\\www\\dentvira\\public\\leantime\\app\\Core\\Events\\EventDispatcher.php(413): Leantime\\Core\\Events\\EventDispatcher::{closure:Leantime\\Core\\Events\\EventDispatcher::makeListener():702}('composing: glob...', Array)
#20 C:\\laragon\\www\\dentvira\\public\\leantime\\app\\Core\\Events\\EventDispatcher.php(196): Leantime\\Core\\Events\\EventDispatcher::executeHandlers(Array, 'events', 'composing: glob...', Array)
#21 C:\\laragon\\www\\dentvira\\public\\leantime\\app\\Core\\Events\\EventDispatcher.php(131): Leantime\\Core\\Events\\EventDispatcher::dispatch_event('composing: glob...', Array, '')
#22 C:\\laragon\\www\\dentvira\\public\\leantime\\vendor\\laravel\\framework\\src\\Illuminate\\View\\Concerns\\ManagesEvents.php(178): Leantime\\Core\\Events\\EventDispatcher->dispatch('composing: glob...', Array)
#23 C:\\laragon\\www\\dentvira\\public\\leantime\\vendor\\laravel\\framework\\src\\Illuminate\\View\\View.php(190): Illuminate\\View\\Factory->callComposer(Object(Illuminate\\View\\View))
#24 C:\\laragon\\www\\dentvira\\public\\leantime\\vendor\\laravel\\framework\\src\\Illuminate\\View\\View.php(161): Illuminate\\View\\View->renderContents()
#25 C:\\laragon\\www\\dentvira\\public\\leantime\\storage\\framework\\views\\f877dead5805cd1e774aec4dabcf4a1d.php(4): Illuminate\\View\\View->render()
#26 C:\\laragon\\www\\dentvira\\public\\leantime\\vendor\\laravel\\framework\\src\\Illuminate\\Filesystem\\Filesystem.php(123): require('C:\\\\laragon\\\\www\\\\...')
#27 C:\\laragon\\www\\dentvira\\public\\leantime\\vendor\\laravel\\framework\\src\\Illuminate\\Filesystem\\Filesystem.php(124): Illuminate\\Filesystem\\Filesystem::{closure:Illuminate\\Filesystem\\Filesystem::getRequire():120}()
#28 C:\\laragon\\www\\dentvira\\public\\leantime\\vendor\\laravel\\framework\\src\\Illuminate\\View\\Engines\\PhpEngine.php(58): Illuminate\\Filesystem\\Filesystem->getRequire('C:\\\\laragon\\\\www\\\\...', Array)
#29 C:\\laragon\\www\\dentvira\\public\\leantime\\vendor\\laravel\\framework\\src\\Illuminate\\View\\Engines\\CompilerEngine.php(75): Illuminate\\View\\Engines\\PhpEngine->evaluatePath('C:\\\\laragon\\\\www\\\\...', Array)
#30 C:\\laragon\\www\\dentvira\\public\\leantime\\vendor\\laravel\\framework\\src\\Illuminate\\View\\View.php(209): Illuminate\\View\\Engines\\CompilerEngine->get('C:\\\\laragon\\\\www\\\\...', Array)
#31 C:\\laragon\\www\\dentvira\\public\\leantime\\vendor\\laravel\\framework\\src\\Illuminate\\View\\View.php(192): Illuminate\\View\\View->getContents()
#32 C:\\laragon\\www\\dentvira\\public\\leantime\\vendor\\laravel\\framework\\src\\Illuminate\\View\\View.php(161): Illuminate\\View\\View->renderContents()
#33 C:\\laragon\\www\\dentvira\\public\\leantime\\storage\\framework\\views\\1a3a8b64c6c5b3edbb32a652600f7969.php(127): Illuminate\\View\\View->render()
#34 C:\\laragon\\www\\dentvira\\public\\leantime\\vendor\\laravel\\framework\\src\\Illuminate\\Filesystem\\Filesystem.php(123): require('C:\\\\laragon\\\\www\\\\...')
#35 C:\\laragon\\www\\dentvira\\public\\leantime\\vendor\\laravel\\framework\\src\\Illuminate\\Filesystem\\Filesystem.php(124): Illuminate\\Filesystem\\Filesystem::{closure:Illuminate\\Filesystem\\Filesystem::getRequire():120}()
#36 C:\\laragon\\www\\dentvira\\public\\leantime\\vendor\\laravel\\framework\\src\\Illuminate\\View\\Engines\\PhpEngine.php(58): Illuminate\\Filesystem\\Filesystem->getRequire('C:\\\\laragon\\\\www\\\\...', Array)
#37 C:\\laragon\\www\\dentvira\\public\\leantime\\vendor\\laravel\\framework\\src\\Illuminate\\View\\Engines\\CompilerEngine.php(75): Illuminate\\View\\Engines\\PhpEngine->evaluatePath('C:\\\\laragon\\\\www\\\\...', Array)
#38 C:\\laragon\\www\\dentvira\\public\\leantime\\vendor\\laravel\\framework\\src\\Illuminate\\View\\View.php(209): Illuminate\\View\\Engines\\CompilerEngine->get('C:\\\\laragon\\\\www\\\\...', Array)
#39 C:\\laragon\\www\\dentvira\\public\\leantime\\vendor\\laravel\\framework\\src\\Illuminate\\View\\View.php(192): Illuminate\\View\\View->getContents()
#40 C:\\laragon\\www\\dentvira\\public\\leantime\\vendor\\laravel\\framework\\src\\Illuminate\\View\\View.php(161): Illuminate\\View\\View->renderContents()
#41 C:\\laragon\\www\\dentvira\\public\\leantime\\app\\Core\\UI\\Template.php(322): Illuminate\\View\\View->render()
#42 C:\\laragon\\www\\dentvira\\public\\leantime\\app\\Domain\\Install\\Controllers\\Index.php(36): Leantime\\Core\\UI\\Template->display('install.new', 'global::layouts...')
#43 C:\\laragon\\www\\dentvira\\public\\leantime\\app\\Core\\Controller\\Controller.php(73): Leantime\\Domain\\Install\\Controllers\\Index->get(Array)
#44 C:\\laragon\\www\\dentvira\\public\\leantime\\app\\Core\\Controller\\Frontcontroller.php(172): Leantime\\Core\\Controller\\Controller->callAction('get', Array)
#45 C:\\laragon\\www\\dentvira\\public\\leantime\\app\\Core\\Controller\\Frontcontroller.php(65): Leantime\\Core\\Controller\\Frontcontroller->executeAction('Leantime\\\\Domain...', 'get')
#46 C:\\laragon\\www\\dentvira\\public\\leantime\\app\\Core\\Controller\\Frontcontroller.php(75): Leantime\\Core\\Controller\\Frontcontroller->dispatch(Object(Leantime\\Core\\Http\\IncomingRequest))
#47 C:\\laragon\\www\\dentvira\\public\\leantime\\app\\Core\\Http\\HttpKernel.php(216): Leantime\\Core\\Controller\\Frontcontroller::dispatch_request(Object(Leantime\\Core\\Http\\IncomingRequest))
#48 C:\\laragon\\www\\dentvira\\public\\leantime\\app\\Core\\Http\\HttpKernel.php(173): Leantime\\Core\\Http\\HttpKernel->findAndDispatchToRouter(Object(Leantime\\Core\\Http\\IncomingRequest))
#49 C:\\laragon\\www\\dentvira\\public\\leantime\\vendor\\laravel\\framework\\src\\Illuminate\\Pipeline\\Pipeline.php(170): Leantime\\Core\\Http\\HttpKernel->{closure:{closure:Leantime\\Core\\Http\\HttpKernel::sendRequestThroughRouter():164}:173}(Object(Leantime\\Core\\Http\\IncomingRequest))
#50 C:\\laragon\\www\\dentvira\\public\\leantime\\vendor\\laravel\\framework\\src\\Illuminate\\Pipeline\\Pipeline.php(127): Illuminate\\Pipeline\\Pipeline->{closure:Illuminate\\Pipeline\\Pipeline::prepareDestination():168}(Object(Leantime\\Core\\Http\\IncomingRequest))
#51 C:\\laragon\\www\\dentvira\\public\\leantime\\app\\Core\\Http\\HttpKernel.php(173): Illuminate\\Pipeline\\Pipeline->then(Object(Closure))
#52 C:\\laragon\\www\\dentvira\\public\\leantime\\vendor\\laravel\\framework\\src\\Illuminate\\Pipeline\\Pipeline.php(170): Leantime\\Core\\Http\\HttpKernel->{closure:Leantime\\Core\\Http\\HttpKernel::sendRequestThroughRouter():164}(Object(Leantime\\Core\\Http\\IncomingRequest))
#53 C:\\laragon\\www\\dentvira\\public\\leantime\\app\\Domain\\Projects\\Middleware\\CurrentProject.php(41): Illuminate\\Pipeline\\Pipeline->{closure:Illuminate\\Pipeline\\Pipeline::prepareDestination():168}(Object(Leantime\\Core\\Http\\IncomingRequest))
#54 C:\\laragon\\www\\dentvira\\public\\leantime\\vendor\\laravel\\framework\\src\\Illuminate\\Pipeline\\Pipeline.php(209): Leantime\\Domain\\Projects\\Middleware\\CurrentProject->handle(Object(Leantime\\Core\\Http\\IncomingRequest), Object(Closure))
#55 C:\\laragon\\www\\dentvira\\public\\leantime\\app\\Core\\Middleware\\Localization.php(78): Illuminate\\Pipeline\\Pipeline->{closure:{closure:Illuminate\\Pipeline\\Pipeline::carry():184}:185}(Object(Leantime\\Core\\Http\\IncomingRequest))
#56 C:\\laragon\\www\\dentvira\\public\\leantime\\vendor\\laravel\\framework\\src\\Illuminate\\Pipeline\\Pipeline.php(209): Leantime\\Core\\Middleware\\Localization->handle(Object(Leantime\\Core\\Http\\IncomingRequest), Object(Closure))
#57 C:\\laragon\\www\\dentvira\\public\\leantime\\app\\Core\\Middleware\\SetCacheHeaders.php(49): Illuminate\\Pipeline\\Pipeline->{closure:{closure:Illuminate\\Pipeline\\Pipeline::carry():184}:185}(Object(Leantime\\Core\\Http\\IncomingRequest))
#58 C:\\laragon\\www\\dentvira\\public\\leantime\\vendor\\laravel\\framework\\src\\Illuminate\\Pipeline\\Pipeline.php(209): Leantime\\Core\\Middleware\\SetCacheHeaders->handle(Object(Leantime\\Core\\Http\\IncomingRequest), Object(Closure))
#59 C:\\laragon\\www\\dentvira\\public\\leantime\\vendor\\laravel\\framework\\src\\Illuminate\\Foundation\\Http\\Middleware\\TransformsRequest.php(21): Illuminate\\Pipeline\\Pipeline->{closure:{closure:Illuminate\\Pipeline\\Pipeline::carry():184}:185}(Object(Leantime\\Core\\Http\\IncomingRequest))
#60 C:\\laragon\\www\\dentvira\\public\\leantime\\vendor\\laravel\\framework\\src\\Illuminate\\Foundation\\Http\\Middleware\\ConvertEmptyStringsToNull.php(31): Illuminate\\Foundation\\Http\\Middleware\\TransformsRequest->handle(Object(Leantime\\Core\\Http\\IncomingRequest), Object(Closure))
#61 C:\\laragon\\www\\dentvira\\public\\leantime\\vendor\\laravel\\framework\\src\\Illuminate\\Pipeline\\Pipeline.php(209): Illuminate\\Foundation\\Http\\Middleware\\ConvertEmptyStringsToNull->handle(Object(Leantime\\Core\\Http\\IncomingRequest), Object(Closure))
#62 C:\\laragon\\www\\dentvira\\public\\leantime\\vendor\\laravel\\framework\\src\\Illuminate\\Foundation\\Http\\Middleware\\TransformsRequest.php(21): Illuminate\\Pipeline\\Pipeline->{closure:{closure:Illuminate\\Pipeline\\Pipeline::carry():184}:185}(Object(Leantime\\Core\\Http\\IncomingRequest))
#63 C:\\laragon\\www\\dentvira\\public\\leantime\\vendor\\laravel\\framework\\src\\Illuminate\\Foundation\\Http\\Middleware\\TrimStrings.php(51): Illuminate\\Foundation\\Http\\Middleware\\TransformsRequest->handle(Object(Leantime\\Core\\Http\\IncomingRequest), Object(Closure))
#64 C:\\laragon\\www\\dentvira\\public\\leantime\\vendor\\laravel\\framework\\src\\Illuminate\\Pipeline\\Pipeline.php(209): Illuminate\\Foundation\\Http\\Middleware\\TrimStrings->handle(Object(Leantime\\Core\\Http\\IncomingRequest), Object(Closure))
#65 C:\\laragon\\www\\dentvira\\public\\leantime\\vendor\\laravel\\framework\\src\\Illuminate\\Http\\Middleware\\ValidatePostSize.php(27): Illuminate\\Pipeline\\Pipeline->{closure:{closure:Illuminate\\Pipeline\\Pipeline::carry():184}:185}(Object(Leantime\\Core\\Http\\IncomingRequest))
#66 C:\\laragon\\www\\dentvira\\public\\leantime\\vendor\\laravel\\framework\\src\\Illuminate\\Pipeline\\Pipeline.php(209): Illuminate\\Http\\Middleware\\ValidatePostSize->handle(Object(Leantime\\Core\\Http\\IncomingRequest), Object(Closure))
#67 C:\\laragon\\www\\dentvira\\public\\leantime\\vendor\\laravel\\framework\\src\\Illuminate\\Http\\Middleware\\HandleCors.php(49): Illuminate\\Pipeline\\Pipeline->{closure:{closure:Illuminate\\Pipeline\\Pipeline::carry():184}:185}(Object(Leantime\\Core\\Http\\IncomingRequest))
#68 C:\\laragon\\www\\dentvira\\public\\leantime\\vendor\\laravel\\framework\\src\\Illuminate\\Pipeline\\Pipeline.php(209): Illuminate\\Http\\Middleware\\HandleCors->handle(Object(Leantime\\Core\\Http\\IncomingRequest), Object(Closure))
#69 C:\\laragon\\www\\dentvira\\public\\leantime\\app\\Core\\Middleware\\RequestRateLimiter.php(55): Illuminate\\Pipeline\\Pipeline->{closure:{closure:Illuminate\\Pipeline\\Pipeline::carry():184}:185}(Object(Leantime\\Core\\Http\\IncomingRequest))
#70 C:\\laragon\\www\\dentvira\\public\\leantime\\vendor\\laravel\\framework\\src\\Illuminate\\Pipeline\\Pipeline.php(209): Leantime\\Core\\Middleware\\RequestRateLimiter->handle(Object(Leantime\\Core\\Http\\IncomingRequest), Object(Closure))
#71 C:\\laragon\\www\\dentvira\\public\\leantime\\app\\Core\\Middleware\\AuthenticateSession.php(34): Illuminate\\Pipeline\\Pipeline->{closure:{closure:Illuminate\\Pipeline\\Pipeline::carry():184}:185}(Object(Leantime\\Core\\Http\\IncomingRequest))
#72 C:\\laragon\\www\\dentvira\\public\\leantime\\vendor\\laravel\\framework\\src\\Illuminate\\Pipeline\\Pipeline.php(209): Leantime\\Core\\Middleware\\AuthenticateSession->handle(Object(Leantime\\Core\\Http\\IncomingRequest), Object(Closure))
#73 C:\\laragon\\www\\dentvira\\public\\leantime\\app\\Core\\Middleware\\AuthCheck.php(62): Illuminate\\Pipeline\\Pipeline->{closure:{closure:Illuminate\\Pipeline\\Pipeline::carry():184}:185}(Object(Leantime\\Core\\Http\\IncomingRequest))
#74 C:\\laragon\\www\\dentvira\\public\\leantime\\vendor\\laravel\\framework\\src\\Illuminate\\Pipeline\\Pipeline.php(209): Leantime\\Core\\Middleware\\AuthCheck->handle(Object(Leantime\\Core\\Http\\IncomingRequest), Object(Closure))
#75 C:\\laragon\\www\\dentvira\\public\\leantime\\app\\Core\\Middleware\\InitialHeaders.php(24): Illuminate\\Pipeline\\Pipeline->{closure:{closure:Illuminate\\Pipeline\\Pipeline::carry():184}:185}(Object(Leantime\\Core\\Http\\IncomingRequest))
#76 C:\\laragon\\www\\dentvira\\public\\leantime\\vendor\\laravel\\framework\\src\\Illuminate\\Pipeline\\Pipeline.php(209): Leantime\\Core\\Middleware\\InitialHeaders->handle(Object(Leantime\\Core\\Http\\IncomingRequest), Object(Closure))
#77 C:\\laragon\\www\\dentvira\\public\\leantime\\app\\Core\\Middleware\\LoadPlugins.php(32): Illuminate\\Pipeline\\Pipeline->{closure:{closure:Illuminate\\Pipeline\\Pipeline::carry():184}:185}(Object(Leantime\\Core\\Http\\IncomingRequest))
#78 C:\\laragon\\www\\dentvira\\public\\leantime\\vendor\\laravel\\framework\\src\\Illuminate\\Pipeline\\Pipeline.php(209): Leantime\\Core\\Middleware\\LoadPlugins->handle(Object(Leantime\\Core\\Http\\IncomingRequest), Object(Closure))
#79 C:\\laragon\\www\\dentvira\\public\\leantime\\app\\Core\\Middleware\\Updated.php(67): Illuminate\\Pipeline\\Pipeline->{closure:{closure:Illuminate\\Pipeline\\Pipeline::carry():184}:185}(Object(Leantime\\Core\\Http\\IncomingRequest))
#80 C:\\laragon\\www\\dentvira\\public\\leantime\\vendor\\laravel\\framework\\src\\Illuminate\\Pipeline\\Pipeline.php(209): Leantime\\Core\\Middleware\\Updated->handle(Object(Leantime\\Core\\Http\\IncomingRequest), Object(Closure))
#81 C:\\laragon\\www\\dentvira\\public\\leantime\\app\\Core\\Middleware\\Installed.php(39): Illuminate\\Pipeline\\Pipeline->{closure:{closure:Illuminate\\Pipeline\\Pipeline::carry():184}:185}(Object(Leantime\\Core\\Http\\IncomingRequest))
#82 C:\\laragon\\www\\dentvira\\public\\leantime\\vendor\\laravel\\framework\\src\\Illuminate\\Pipeline\\Pipeline.php(209): Leantime\\Core\\Middleware\\Installed->handle(Object(Leantime\\Core\\Http\\IncomingRequest), Object(Closure))
#83 C:\\laragon\\www\\dentvira\\public\\leantime\\app\\Core\\Middleware\\StartSession.php(134): Illuminate\\Pipeline\\Pipeline->{closure:{closure:Illuminate\\Pipeline\\Pipeline::carry():184}:185}(Object(Leantime\\Core\\Http\\IncomingRequest))
#84 C:\\laragon\\www\\dentvira\\public\\leantime\\app\\Core\\Middleware\\StartSession.php(83): Leantime\\Core\\Middleware\\StartSession->handleOptimisticRequest(Object(Leantime\\Core\\Http\\IncomingRequest), Object(Illuminate\\Session\\Store), Object(Closure))
#85 C:\\laragon\\www\\dentvira\\public\\leantime\\vendor\\laravel\\framework\\src\\Illuminate\\Pipeline\\Pipeline.php(209): Leantime\\Core\\Middleware\\StartSession->handle(Object(Leantime\\Core\\Http\\IncomingRequest), Object(Closure))
#86 C:\\laragon\\www\\dentvira\\public\\leantime\\app\\Core\\Middleware\\TrustProxies.php(65): Illuminate\\Pipeline\\Pipeline->{closure:{closure:Illuminate\\Pipeline\\Pipeline::carry():184}:185}(Object(Leantime\\Core\\Http\\IncomingRequest))
#87 C:\\laragon\\www\\dentvira\\public\\leantime\\vendor\\laravel\\framework\\src\\Illuminate\\Pipeline\\Pipeline.php(209): Leantime\\Core\\Middleware\\TrustProxies->handle(Object(Leantime\\Core\\Http\\IncomingRequest), Object(Closure))
#88 C:\\laragon\\www\\dentvira\\public\\leantime\\vendor\\laravel\\framework\\src\\Illuminate\\Pipeline\\Pipeline.php(127): Illuminate\\Pipeline\\Pipeline->{closure:{closure:Illuminate\\Pipeline\\Pipeline::carry():184}:185}(Object(Leantime\\Core\\Http\\IncomingRequest))
#89 C:\\laragon\\www\\dentvira\\public\\leantime\\app\\Core\\Http\\HttpKernel.php(164): Illuminate\\Pipeline\\Pipeline->then(Object(Closure))
#90 C:\\laragon\\www\\dentvira\\public\\leantime\\app\\Core\\Http\\HttpKernel.php(121): Leantime\\Core\\Http\\HttpKernel->sendRequestThroughRouter(Object(Leantime\\Core\\Http\\IncomingRequest))
#91 C:\\laragon\\www\\dentvira\\public\\leantime\\app\\Core\\Bootloader.php(79): Leantime\\Core\\Http\\HttpKernel->handle(Object(Leantime\\Core\\Http\\IncomingRequest))
#92 C:\\laragon\\www\\dentvira\\public\\leantime\\app\\Core\\Bootloader.php(60): Leantime\\Core\\Bootloader->handleRequest(Object(Leantime\\Core\\Http\\IncomingRequest))
#93 C:\\laragon\\www\\dentvira\\public\\leantime\\public\\index.php(20): Leantime\\Core\\Bootloader->boot(Object(Leantime\\Core\\Application))
#94 {main}
"} 
[2026-10-02 13:50:29] production.ERROR: SQLSTATE[42S02]: Base table or view not found: 1146 Table 'dentvira_leantime.zp_user' doesn't exist (Connection: mysql, SQL: select count(*) as aggregate from `zp_user`) {"exception":"[object] (Illuminate\\Database\\QueryException(code: 42S02): SQLSTATE[42S02]: Base table or view not found: 1146 Table 'dentvira_leantime.zp_user' doesn't exist (Connection: mysql, SQL: select count(*) as aggregate from `zp_user`) at C:\\laragon\\www\\dentvira\\public\\leantime\\vendor\\laravel\\framework\\src\\Illuminate\\Database\\Connection.php:825)
[stacktrace]
#0 C:\\laragon\\www\\dentvira\\public\\leantime\\vendor\\laravel\\framework\\src\\Illuminate\\Database\\Connection.php(779): Illuminate\\Database\\Connection->runQueryCallback('select count(*)...', Array, Object(Closure))
#1 C:\\laragon\\www\\dentvira\\public\\leantime\\vendor\\laravel\\framework\\src\\Illuminate\\Database\\Connection.php(398): Illuminate\\Database\\Connection->run('select count(*)...', Array, Object(Closure))
#2 C:\\laragon\\www\\dentvira\\public\\leantime\\vendor\\laravel\\framework\\src\\Illuminate\\Database\\Query\\Builder.php(3106): Illuminate\\Database\\Connection->select('select count(*)...', Array, true)
#3 C:\\laragon\\www\\dentvira\\public\\leantime\\vendor\\laravel\\framework\\src\\Illuminate\\Database\\Query\\Builder.php(3091): Illuminate\\Database\\Query\\Builder->runSelect()
#4 C:\\laragon\\www\\dentvira\\public\\leantime\\vendor\\laravel\\framework\\src\\Illuminate\\Database\\Query\\Builder.php(3676): Illuminate\\Database\\Query\\Builder->{closure:Illuminate\\Database\\Query\\Builder::get():3090}()
#5 C:\\laragon\\www\\dentvira\\public\\leantime\\vendor\\laravel\\framework\\src\\Illuminate\\Database\\Query\\Builder.php(3090): Illuminate\\Database\\Query\\Builder->onceWithColumns(Array, Object(Closure))
#6 C:\\laragon\\www\\dentvira\\public\\leantime\\vendor\\laravel\\framework\\src\\Illuminate\\Database\\Query\\Builder.php(3603): Illuminate\\Database\\Query\\Builder->get(Array)
#7 C:\\laragon\\www\\dentvira\\public\\leantime\\vendor\\laravel\\framework\\src\\Illuminate\\Database\\Query\\Builder.php(3531): Illuminate\\Database\\Query\\Builder->aggregate('count', Array)
#8 C:\\laragon\\www\\dentvira\\public\\leantime\\app\\Domain\\Setting\\Repositories\\Setting.php(159): Illuminate\\Database\\Query\\Builder->count()
#9 C:\\laragon\\www\\dentvira\\public\\leantime\\app\\Domain\\Setting\\Repositories\\Setting.php(34): Leantime\\Domain\\Setting\\Repositories\\Setting->checkIfInstalled()
#10 C:\\laragon\\www\\dentvira\\public\\leantime\\app\\Core\\UI\\Theme.php(269): Leantime\\Domain\\Setting\\Repositories\\Setting->getSetting('companysettings...')
#11 C:\\laragon\\www\\dentvira\\public\\leantime\\app\\Core\\UI\\Theme.php(1028): Leantime\\Core\\UI\\Theme->getAvailableColorSchemes()
#12 C:\\laragon\\www\\dentvira\\public\\leantime\\app\\Views\\Composers\\Header.php(66): Leantime\\Core\\UI\\Theme->getPrimaryColor()
#13 C:\\laragon\\www\\dentvira\\public\\leantime\\app\\Core\\UI\\Composer.php(62): Leantime\\Views\\Composers\\Header->with()
#14 C:\\laragon\\www\\dentvira\\public\\leantime\\app\\Core\\UI\\Composer.php(52): Leantime\\Core\\UI\\Composer->merge()
#15 C:\\laragon\\www\\dentvira\\public\\leantime\\vendor\\laravel\\framework\\src\\Illuminate\\View\\Concerns\\ManagesEvents.php(124): Leantime\\Core\\UI\\Composer->compose(Object(Illuminate\\View\\View), Array)
#16 C:\\laragon\\www\\dentvira\\public\\leantime\\app\\Core\\Events\\EventDispatcher.php(707): Illuminate\\View\\Factory->{closure:Illuminate\\View\\Concerns\\ManagesEvents::buildClassEventCallback():123}(Object(Illuminate\\View\\View), Array)
#17 C:\\laragon\\www\\dentvira\\public\\leantime\\app\\Core\\Events\\EventDispatcher.php(413): Leantime\\Core\\Events\\EventDispatcher::{closure:Leantime\\Core\\Events\\EventDispatcher::makeListener():702}('composing: glob...', Array)
#18 C:\\laragon\\www\\dentvira\\public\\leantime\\app\\Core\\Events\\EventDispatcher.php(196): Leantime\\Core\\Events\\EventDispatcher::executeHandlers(Array, 'events', 'composing: glob...', Array)
#19 C:\\laragon\\www\\dentvira\\public\\leantime\\app\\Core\\Events\\EventDispatcher.php(131): Leantime\\Core\\Events\\EventDispatcher::dispatch_event('composing: glob...', Array, '')
#20 C:\\laragon\\www\\dentvira\\public\\leantime\\vendor\\laravel\\framework\\src\\Illuminate\\View\\Concerns\\ManagesEvents.php(178): Leantime\\Core\\Events\\EventDispatcher->dispatch('composing: glob...', Array)
#21 C:\\laragon\\www\\dentvira\\public\\leantime\\vendor\\laravel\\framework\\src\\Illuminate\\View\\View.php(190): Illuminate\\View\\Factory->callComposer(Object(Illuminate\\View\\View))
#22 C:\\laragon\\www\\dentvira\\public\\leantime\\vendor\\laravel\\framework\\src\\Illuminate\\View\\View.php(161): Illuminate\\View\\View->renderContents()
#23 C:\\laragon\\www\\dentvira\\public\\leantime\\storage\\framework\\views\\f877dead5805cd1e774aec4dabcf4a1d.php(4): Illuminate\\View\\View->render()
#24 C:\\laragon\\www\\dentvira\\public\\leantime\\vendor\\laravel\\framework\\src\\Illuminate\\Filesystem\\Filesystem.php(123): require('C:\\\\laragon\\\\www\\\\...')
#25 C:\\laragon\\www\\dentvira\\public\\leantime\\vendor\\laravel\\framework\\src\\Illuminate\\Filesystem\\Filesystem.php(124): Illuminate\\Filesystem\\Filesystem::{closure:Illuminate\\Filesystem\\Filesystem::getRequire():120}()
#26 C:\\laragon\\www\\dentvira\\public\\leantime\\vendor\\laravel\\framework\\src\\Illuminate\\View\\Engines\\PhpEngine.php(58): Illuminate\\Filesystem\\Filesystem->getRequire('C:\\\\laragon\\\\www\\\\...', Array)
#27 C:\\laragon\\www\\dentvira\\public\\leantime\\vendor\\laravel\\framework\\src\\Illuminate\\View\\Engines\\CompilerEngine.php(75): Illuminate\\View\\Engines\\PhpEngine->evaluatePath('C:\\\\laragon\\\\www\\\\...', Array)
#28 C:\\laragon\\www\\dentvira\\public\\leantime\\vendor\\laravel\\framework\\src\\Illuminate\\View\\View.php(209): Illuminate\\View\\Engines\\CompilerEngine->get('C:\\\\laragon\\\\www\\\\...', Array)
#29 C:\\laragon\\www\\dentvira\\public\\leantime\\vendor\\laravel\\framework\\src\\Illuminate\\View\\View.php(192): Illuminate\\View\\View->getContents()
#30 C:\\laragon\\www\\dentvira\\public\\leantime\\vendor\\laravel\\framework\\src\\Illuminate\\View\\View.php(161): Illuminate\\View\\View->renderContents()
#31 C:\\laragon\\www\\dentvira\\public\\leantime\\storage\\framework\\views\\1a3a8b64c6c5b3edbb32a652600f7969.php(127): Illuminate\\View\\View->render()
#32 C:\\laragon\\www\\dentvira\\public\\leantime\\vendor\\laravel\\framework\\src\\Illuminate\\Filesystem\\Filesystem.php(123): require('C:\\\\laragon\\\\www\\\\...')
#33 C:\\laragon\\www\\dentvira\\public\\leantime\\vendor\\laravel\\framework\\src\\Illuminate\\Filesystem\\Filesystem.php(124): Illuminate\\Filesystem\\Filesystem::{closure:Illuminate\\Filesystem\\Filesystem::getRequire():120}()
#34 C:\\laragon\\www\\dentvira\\public\\leantime\\vendor\\laravel\\framework\\src\\Illuminate\\View\\Engines\\PhpEngine.php(58): Illuminate\\Filesystem\\Filesystem->getRequire('C:\\\\laragon\\\\www\\\\...', Array)
#35 C:\\laragon\\www\\dentvira\\public\\leantime\\vendor\\laravel\\framework\\src\\Illuminate\\View\\Engines\\CompilerEngine.php(75): Illuminate\\View\\Engines\\PhpEngine->evaluatePath('C:\\\\laragon\\\\www\\\\...', Array)
#36 C:\\laragon\\www\\dentvira\\public\\leantime\\vendor\\laravel\\framework\\src\\Illuminate\\View\\View.php(209): Illuminate\\View\\Engines\\CompilerEngine->get('C:\\\\laragon\\\\www\\\\...', Array)
#37 C:\\laragon\\www\\dentvira\\public\\leantime\\vendor\\laravel\\framework\\src\\Illuminate\\View\\View.php(192): Illuminate\\View\\View->getContents()
#38 C:\\laragon\\www\\dentvira\\public\\leantime\\vendor\\laravel\\framework\\src\\Illuminate\\View\\View.php(161): Illuminate\\View\\View->renderContents()
#39 C:\\laragon\\www\\dentvira\\public\\leantime\\app\\Core\\UI\\Template.php(322): Illuminate\\View\\View->render()
#40 C:\\laragon\\www\\dentvira\\public\\leantime\\app\\Domain\\Install\\Controllers\\Index.php(36): Leantime\\Core\\UI\\Template->display('install.new', 'global::layouts...')
#41 C:\\laragon\\www\\dentvira\\public\\leantime\\app\\Core\\Controller\\Controller.php(73): Leantime\\Domain\\Install\\Controllers\\Index->get(Array)
#42 C:\\laragon\\www\\dentvira\\public\\leantime\\app\\Core\\Controller\\Frontcontroller.php(172): Leantime\\Core\\Controller\\Controller->callAction('get', Array)
#43 C:\\laragon\\www\\dentvira\\public\\leantime\\app\\Core\\Controller\\Frontcontroller.php(65): Leantime\\Core\\Controller\\Frontcontroller->executeAction('Leantime\\\\Domain...', 'get')
#44 C:\\laragon\\www\\dentvira\\public\\leantime\\app\\Core\\Controller\\Frontcontroller.php(75): Leantime\\Core\\Controller\\Frontcontroller->dispatch(Object(Leantime\\Core\\Http\\IncomingRequest))
#45 C:\\laragon\\www\\dentvira\\public\\leantime\\app\\Core\\Http\\HttpKernel.php(216): Leantime\\Core\\Controller\\Frontcontroller::dispatch_request(Object(Leantime\\Core\\Http\\IncomingRequest))
#46 C:\\laragon\\www\\dentvira\\public\\leantime\\app\\Core\\Http\\HttpKernel.php(173): Leantime\\Core\\Http\\HttpKernel->findAndDispatchToRouter(Object(Leantime\\Core\\Http\\IncomingRequest))
#47 C:\\laragon\\www\\dentvira\\public\\leantime\\vendor\\laravel\\framework\\src\\Illuminate\\Pipeline\\Pipeline.php(170): Leantime\\Core\\Http\\HttpKernel->{closure:{closure:Leantime\\Core\\Http\\HttpKernel::sendRequestThroughRouter():164}:173}(Object(Leantime\\Core\\Http\\IncomingRequest))
#48 C:\\laragon\\www\\dentvira\\public\\leantime\\vendor\\laravel\\framework\\src\\Illuminate\\Pipeline\\Pipeline.php(127): Illuminate\\Pipeline\\Pipeline->{closure:Illuminate\\Pipeline\\Pipeline::prepareDestination():168}(Object(Leantime\\Core\\Http\\IncomingRequest))
#49 C:\\laragon\\www\\dentvira\\public\\leantime\\app\\Core\\Http\\HttpKernel.php(173): Illuminate\\Pipeline\\Pipeline->then(Object(Closure))
#50 C:\\laragon\\www\\dentvira\\public\\leantime\\vendor\\laravel\\framework\\src\\Illuminate\\Pipeline\\Pipeline.php(170): Leantime\\Core\\Http\\HttpKernel->{closure:Leantime\\Core\\Http\\HttpKernel::sendRequestThroughRouter():164}(Object(Leantime\\Core\\Http\\IncomingRequest))
#51 C:\\laragon\\www\\dentvira\\public\\leantime\\app\\Domain\\Projects\\Middleware\\CurrentProject.php(41): Illuminate\\Pipeline\\Pipeline->{closure:Illuminate\\Pipeline\\Pipeline::prepareDestination():168}(Object(Leantime\\Core\\Http\\IncomingRequest))
#52 C:\\laragon\\www\\dentvira\\public\\leantime\\vendor\\laravel\\framework\\src\\Illuminate\\Pipeline\\Pipeline.php(209): Leantime\\Domain\\Projects\\Middleware\\CurrentProject->handle(Object(Leantime\\Core\\Http\\IncomingRequest), Object(Closure))
#53 C:\\laragon\\www\\dentvira\\public\\leantime\\app\\Core\\Middleware\\Localization.php(78): Illuminate\\Pipeline\\Pipeline->{closure:{closure:Illuminate\\Pipeline\\Pipeline::carry():184}:185}(Object(Leantime\\Core\\Http\\IncomingRequest))
#54 C:\\laragon\\www\\dentvira\\public\\leantime\\vendor\\laravel\\framework\\src\\Illuminate\\Pipeline\\Pipeline.php(209): Leantime\\Core\\Middleware\\Localization->handle(Object(Leantime\\Core\\Http\\IncomingRequest), Object(Closure))
#55 C:\\laragon\\www\\dentvira\\public\\leantime\\app\\Core\\Middleware\\SetCacheHeaders.php(49): Illuminate\\Pipeline\\Pipeline->{closure:{closure:Illuminate\\Pipeline\\Pipeline::carry():184}:185}(Object(Leantime\\Core\\Http\\IncomingRequest))
#56 C:\\laragon\\www\\dentvira\\public\\leantime\\vendor\\laravel\\framework\\src\\Illuminate\\Pipeline\\Pipeline.php(209): Leantime\\Core\\Middleware\\SetCacheHeaders->handle(Object(Leantime\\Core\\Http\\IncomingRequest), Object(Closure))
#57 C:\\laragon\\www\\dentvira\\public\\leantime\\vendor\\laravel\\framework\\src\\Illuminate\\Foundation\\Http\\Middleware\\TransformsRequest.php(21): Illuminate\\Pipeline\\Pipeline->{closure:{closure:Illuminate\\Pipeline\\Pipeline::carry():184}:185}(Object(Leantime\\Core\\Http\\IncomingRequest))
#58 C:\\laragon\\www\\dentvira\\public\\leantime\\vendor\\laravel\\framework\\src\\Illuminate\\Foundation\\Http\\Middleware\\ConvertEmptyStringsToNull.php(31): Illuminate\\Foundation\\Http\\Middleware\\TransformsRequest->handle(Object(Leantime\\Core\\Http\\IncomingRequest), Object(Closure))
#59 C:\\laragon\\www\\dentvira\\public\\leantime\\vendor\\laravel\\framework\\src\\Illuminate\\Pipeline\\Pipeline.php(209): Illuminate\\Foundation\\Http\\Middleware\\ConvertEmptyStringsToNull->handle(Object(Leantime\\Core\\Http\\IncomingRequest), Object(Closure))
#60 C:\\laragon\\www\\dentvira\\public\\leantime\\vendor\\laravel\\framework\\src\\Illuminate\\Foundation\\Http\\Middleware\\TransformsRequest.php(21): Illuminate\\Pipeline\\Pipeline->{closure:{closure:Illuminate\\Pipeline\\Pipeline::carry():184}:185}(Object(Leantime\\Core\\Http\\IncomingRequest))
#61 C:\\laragon\\www\\dentvira\\public\\leantime\\vendor\\laravel\\framework\\src\\Illuminate\\Foundation\\Http\\Middleware\\TrimStrings.php(51): Illuminate\\Foundation\\Http\\Middleware\\TransformsRequest->handle(Object(Leantime\\Core\\Http\\IncomingRequest), Object(Closure))
#62 C:\\laragon\\www\\dentvira\\public\\leantime\\vendor\\laravel\\framework\\src\\Illuminate\\Pipeline\\Pipeline.php(209): Illuminate\\Foundation\\Http\\Middleware\\TrimStrings->handle(Object(Leantime\\Core\\Http\\IncomingRequest), Object(Closure))
#63 C:\\laragon\\www\\dentvira\\public\\leantime\\vendor\\laravel\\framework\\src\\Illuminate\\Http\\Middleware\\ValidatePostSize.php(27): Illuminate\\Pipeline\\Pipeline->{closure:{closure:Illuminate\\Pipeline\\Pipeline::carry():184}:185}(Object(Leantime\\Core\\Http\\IncomingRequest))
#64 C:\\laragon\\www\\dentvira\\public\\leantime\\vendor\\laravel\\framework\\src\\Illuminate\\Pipeline\\Pipeline.php(209): Illuminate\\Http\\Middleware\\ValidatePostSize->handle(Object(Leantime\\Core\\Http\\IncomingRequest), Object(Closure))
#65 C:\\laragon\\www\\dentvira\\public\\leantime\\vendor\\laravel\\framework\\src\\Illuminate\\Http\\Middleware\\HandleCors.php(49): Illuminate\\Pipeline\\Pipeline->{closure:{closure:Illuminate\\Pipeline\\Pipeline::carry():184}:185}(Object(Leantime\\Core\\Http\\IncomingRequest))
#66 C:\\laragon\\www\\dentvira\\public\\leantime\\vendor\\laravel\\framework\\src\\Illuminate\\Pipeline\\Pipeline.php(209): Illuminate\\Http\\Middleware\\HandleCors->handle(Object(Leantime\\Core\\Http\\IncomingRequest), Object(Closure))
#67 C:\\laragon\\www\\dentvira\\public\\leantime\\app\\Core\\Middleware\\RequestRateLimiter.php(55): Illuminate\\Pipeline\\Pipeline->{closure:{closure:Illuminate\\Pipeline\\Pipeline::carry():184}:185}(Object(Leantime\\Core\\Http\\IncomingRequest))
#68 C:\\laragon\\www\\dentvira\\public\\leantime\\vendor\\laravel\\framework\\src\\Illuminate\\Pipeline\\Pipeline.php(209): Leantime\\Core\\Middleware\\RequestRateLimiter->handle(Object(Leantime\\Core\\Http\\IncomingRequest), Object(Closure))
#69 C:\\laragon\\www\\dentvira\\public\\leantime\\app\\Core\\Middleware\\AuthenticateSession.php(34): Illuminate\\Pipeline\\Pipeline->{closure:{closure:Illuminate\\Pipeline\\Pipeline::carry():184}:185}(Object(Leantime\\Core\\Http\\IncomingRequest))
#70 C:\\laragon\\www\\dentvira\\public\\leantime\\vendor\\laravel\\framework\\src\\Illuminate\\Pipeline\\Pipeline.php(209): Leantime\\Core\\Middleware\\AuthenticateSession->handle(Object(Leantime\\Core\\Http\\IncomingRequest), Object(Closure))
#71 C:\\laragon\\www\\dentvira\\public\\leantime\\app\\Core\\Middleware\\AuthCheck.php(62): Illuminate\\Pipeline\\Pipeline->{closure:{closure:Illuminate\\Pipeline\\Pipeline::carry():184}:185}(Object(Leantime\\Core\\Http\\IncomingRequest))
#72 C:\\laragon\\www\\dentvira\\public\\leantime\\vendor\\laravel\\framework\\src\\Illuminate\\Pipeline\\Pipeline.php(209): Leantime\\Core\\Middleware\\AuthCheck->handle(Object(Leantime\\Core\\Http\\IncomingRequest), Object(Closure))
#73 C:\\laragon\\www\\dentvira\\public\\leantime\\app\\Core\\Middleware\\InitialHeaders.php(24): Illuminate\\Pipeline\\Pipeline->{closure:{closure:Illuminate\\Pipeline\\Pipeline::carry():184}:185}(Object(Leantime\\Core\\Http\\IncomingRequest))
#74 C:\\laragon\\www\\dentvira\\public\\leantime\\vendor\\laravel\\framework\\src\\Illuminate\\Pipeline\\Pipeline.php(209): Leantime\\Core\\Middleware\\InitialHeaders->handle(Object(Leantime\\Core\\Http\\IncomingRequest), Object(Closure))
#75 C:\\laragon\\www\\dentvira\\public\\leantime\\app\\Core\\Middleware\\LoadPlugins.php(32): Illuminate\\Pipeline\\Pipeline->{closure:{closure:Illuminate\\Pipeline\\Pipeline::carry():184}:185}(Object(Leantime\\Core\\Http\\IncomingRequest))
#76 C:\\laragon\\www\\dentvira\\public\\leantime\\vendor\\laravel\\framework\\src\\Illuminate\\Pipeline\\Pipeline.php(209): Leantime\\Core\\Middleware\\LoadPlugins->handle(Object(Leantime\\Core\\Http\\IncomingRequest), Object(Closure))
#77 C:\\laragon\\www\\dentvira\\public\\leantime\\app\\Core\\Middleware\\Updated.php(67): Illuminate\\Pipeline\\Pipeline->{closure:{closure:Illuminate\\Pipeline\\Pipeline::carry():184}:185}(Object(Leantime\\Core\\Http\\IncomingRequest))
#78 C:\\laragon\\www\\dentvira\\public\\leantime\\vendor\\laravel\\framework\\src\\Illuminate\\Pipeline\\Pipeline.php(209): Leantime\\Core\\Middleware\\Updated->handle(Object(Leantime\\Core\\Http\\IncomingRequest), Object(Closure))
#79 C:\\laragon\\www\\dentvira\\public\\leantime\\app\\Core\\Middleware\\Installed.php(39): Illuminate\\Pipeline\\Pipeline->{closure:{closure:Illuminate\\Pipeline\\Pipeline::carry():184}:185}(Object(Leantime\\Core\\Http\\IncomingRequest))
#80 C:\\laragon\\www\\dentvira\\public\\leantime\\vendor\\laravel\\framework\\src\\Illuminate\\Pipeline\\Pipeline.php(209): Leantime\\Core\\Middleware\\Installed->handle(Object(Leantime\\Core\\Http\\IncomingRequest), Object(Closure))
#81 C:\\laragon\\www\\dentvira\\public\\leantime\\app\\Core\\Middleware\\StartSession.php(134): Illuminate\\Pipeline\\Pipeline->{closure:{closure:Illuminate\\Pipeline\\Pipeline::carry():184}:185}(Object(Leantime\\Core\\Http\\IncomingRequest))
#82 C:\\laragon\\www\\dentvira\\public\\leantime\\app\\Core\\Middleware\\StartSession.php(83): Leantime\\Core\\Middleware\\StartSession->handleOptimisticRequest(Object(Leantime\\Core\\Http\\IncomingRequest), Object(Illuminate\\Session\\Store), Object(Closure))
#83 C:\\laragon\\www\\dentvira\\public\\leantime\\vendor\\laravel\\framework\\src\\Illuminate\\Pipeline\\Pipeline.php(209): Leantime\\Core\\Middleware\\StartSession->handle(Object(Leantime\\Core\\Http\\IncomingRequest), Object(Closure))
#84 C:\\laragon\\www\\dentvira\\public\\leantime\\app\\Core\\Middleware\\TrustProxies.php(65): Illuminate\\Pipeline\\Pipeline->{closure:{closure:Illuminate\\Pipeline\\Pipeline::carry():184}:185}(Object(Leantime\\Core\\Http\\IncomingRequest))
#85 C:\\laragon\\www\\dentvira\\public\\leantime\\vendor\\laravel\\framework\\src\\Illuminate\\Pipeline\\Pipeline.php(209): Leantime\\Core\\Middleware\\TrustProxies->handle(Object(Leantime\\Core\\Http\\IncomingRequest), Object(Closure))
#86 C:\\laragon\\www\\dentvira\\public\\leantime\\vendor\\laravel\\framework\\src\\Illuminate\\Pipeline\\Pipeline.php(127): Illuminate\\Pipeline\\Pipeline->{closure:{closure:Illuminate\\Pipeline\\Pipeline::carry():184}:185}(Object(Leantime\\Core\\Http\\IncomingRequest))
#87 C:\\laragon\\www\\dentvira\\public\\leantime\\app\\Core\\Http\\HttpKernel.php(164): Illuminate\\Pipeline\\Pipeline->then(Object(Closure))
#88 C:\\laragon\\www\\dentvira\\public\\leantime\\app\\Core\\Http\\HttpKernel.php(121): Leantime\\Core\\Http\\HttpKernel->sendRequestThroughRouter(Object(Leantime\\Core\\Http\\IncomingRequest))
#89 C:\\laragon\\www\\dentvira\\public\\leantime\\app\\Core\\Bootloader.php(79): Leantime\\Core\\Http\\HttpKernel->handle(Object(Leantime\\Core\\Http\\IncomingRequest))
#90 C:\\laragon\\www\\dentvira\\public\\leantime\\app\\Core\\Bootloader.php(60): Leantime\\Core\\Bootloader->handleRequest(Object(Leantime\\Core\\Http\\IncomingRequest))
#91 C:\\laragon\\www\\dentvira\\public\\leantime\\public\\index.php(20): Leantime\\Core\\Bootloader->boot(Object(Leantime\\Core\\Application))
#92 {main}

[previous exception] [object] (PDOException(code: 42S02): SQLSTATE[42S02]: Base table or view not found: 1146 Table 'dentvira_leantime.zp_user' doesn't exist at C:\\laragon\\www\\dentvira\\public\\leantime\\vendor\\laravel\\framework\\src\\Illuminate\\Database\\Connection.php:412)
[stacktrace]
#0 C:\\laragon\\www\\dentvira\\public\\leantime\\vendor\\laravel\\framework\\src\\Illuminate\\Database\\Connection.php(412): PDOStatement->execute()
#1 C:\\laragon\\www\\dentvira\\public\\leantime\\vendor\\laravel\\framework\\src\\Illuminate\\Database\\Connection.php(812): Illuminate\\Database\\Connection->{closure:Illuminate\\Database\\Connection::select():398}('select count(*)...', Array)
#2 C:\\laragon\\www\\dentvira\\public\\leantime\\vendor\\laravel\\framework\\src\\Illuminate\\Database\\Connection.php(779): Illuminate\\Database\\Connection->runQueryCallback('select count(*)...', Array, Object(Closure))
#3 C:\\laragon\\www\\dentvira\\public\\leantime\\vendor\\laravel\\framework\\src\\Illuminate\\Database\\Connection.php(398): Illuminate\\Database\\Connection->run('select count(*)...', Array, Object(Closure))
#4 C:\\laragon\\www\\dentvira\\public\\leantime\\vendor\\laravel\\framework\\src\\Illuminate\\Database\\Query\\Builder.php(3106): Illuminate\\Database\\Connection->select('select count(*)...', Array, true)
#5 C:\\laragon\\www\\dentvira\\public\\leantime\\vendor\\laravel\\framework\\src\\Illuminate\\Database\\Query\\Builder.php(3091): Illuminate\\Database\\Query\\Builder->runSelect()
#6 C:\\laragon\\www\\dentvira\\public\\leantime\\vendor\\laravel\\framework\\src\\Illuminate\\Database\\Query\\Builder.php(3676): Illuminate\\Database\\Query\\Builder->{closure:Illuminate\\Database\\Query\\Builder::get():3090}()
#7 C:\\laragon\\www\\dentvira\\public\\leantime\\vendor\\laravel\\framework\\src\\Illuminate\\Database\\Query\\Builder.php(3090): Illuminate\\Database\\Query\\Builder->onceWithColumns(Array, Object(Closure))
#8 C:\\laragon\\www\\dentvira\\public\\leantime\\vendor\\laravel\\framework\\src\\Illuminate\\Database\\Query\\Builder.php(3603): Illuminate\\Database\\Query\\Builder->get(Array)
#9 C:\\laragon\\www\\dentvira\\public\\leantime\\vendor\\laravel\\framework\\src\\Illuminate\\Database\\Query\\Builder.php(3531): Illuminate\\Database\\Query\\Builder->aggregate('count', Array)
#10 C:\\laragon\\www\\dentvira\\public\\leantime\\app\\Domain\\Setting\\Repositories\\Setting.php(159): Illuminate\\Database\\Query\\Builder->count()
#11 C:\\laragon\\www\\dentvira\\public\\leantime\\app\\Domain\\Setting\\Repositories\\Setting.php(34): Leantime\\Domain\\Setting\\Repositories\\Setting->checkIfInstalled()
#12 C:\\laragon\\www\\dentvira\\public\\leantime\\app\\Core\\UI\\Theme.php(269): Leantime\\Domain\\Setting\\Repositories\\Setting->getSetting('companysettings...')
#13 C:\\laragon\\www\\dentvira\\public\\leantime\\app\\Core\\UI\\Theme.php(1028): Leantime\\Core\\UI\\Theme->getAvailableColorSchemes()
#14 C:\\laragon\\www\\dentvira\\public\\leantime\\app\\Views\\Composers\\Header.php(66): Leantime\\Core\\UI\\Theme->getPrimaryColor()
#15 C:\\laragon\\www\\dentvira\\public\\leantime\\app\\Core\\UI\\Composer.php(62): Leantime\\Views\\Composers\\Header->with()
#16 C:\\laragon\\www\\dentvira\\public\\leantime\\app\\Core\\UI\\Composer.php(52): Leantime\\Core\\UI\\Composer->merge()
#17 C:\\laragon\\www\\dentvira\\public\\leantime\\vendor\\laravel\\framework\\src\\Illuminate\\View\\Concerns\\ManagesEvents.php(124): Leantime\\Core\\UI\\Composer->compose(Object(Illuminate\\View\\View), Array)
#18 C:\\laragon\\www\\dentvira\\public\\leantime\\app\\Core\\Events\\EventDispatcher.php(707): Illuminate\\View\\Factory->{closure:Illuminate\\View\\Concerns\\ManagesEvents::buildClassEventCallback():123}(Object(Illuminate\\View\\View), Array)
#19 C:\\laragon\\www\\dentvira\\public\\leantime\\app\\Core\\Events\\EventDispatcher.php(413): Leantime\\Core\\Events\\EventDispatcher::{closure:Leantime\\Core\\Events\\EventDispatcher::makeListener():702}('composing: glob...', Array)
#20 C:\\laragon\\www\\dentvira\\public\\leantime\\app\\Core\\Events\\EventDispatcher.php(196): Leantime\\Core\\Events\\EventDispatcher::executeHandlers(Array, 'events', 'composing: glob...', Array)
#21 C:\\laragon\\www\\dentvira\\public\\leantime\\app\\Core\\Events\\EventDispatcher.php(131): Leantime\\Core\\Events\\EventDispatcher::dispatch_event('composing: glob...', Array, '')
#22 C:\\laragon\\www\\dentvira\\public\\leantime\\vendor\\laravel\\framework\\src\\Illuminate\\View\\Concerns\\ManagesEvents.php(178): Leantime\\Core\\Events\\EventDispatcher->dispatch('composing: glob...', Array)
#23 C:\\laragon\\www\\dentvira\\public\\leantime\\vendor\\laravel\\framework\\src\\Illuminate\\View\\View.php(190): Illuminate\\View\\Factory->callComposer(Object(Illuminate\\View\\View))
#24 C:\\laragon\\www\\dentvira\\public\\leantime\\vendor\\laravel\\framework\\src\\Illuminate\\View\\View.php(161): Illuminate\\View\\View->renderContents()
#25 C:\\laragon\\www\\dentvira\\public\\leantime\\storage\\framework\\views\\f877dead5805cd1e774aec4dabcf4a1d.php(4): Illuminate\\View\\View->render()
#26 C:\\laragon\\www\\dentvira\\public\\leantime\\vendor\\laravel\\framework\\src\\Illuminate\\Filesystem\\Filesystem.php(123): require('C:\\\\laragon\\\\www\\\\...')
#27 C:\\laragon\\www\\dentvira\\public\\leantime\\vendor\\laravel\\framework\\src\\Illuminate\\Filesystem\\Filesystem.php(124): Illuminate\\Filesystem\\Filesystem::{closure:Illuminate\\Filesystem\\Filesystem::getRequire():120}()
#28 C:\\laragon\\www\\dentvira\\public\\leantime\\vendor\\laravel\\framework\\src\\Illuminate\\View\\Engines\\PhpEngine.php(58): Illuminate\\Filesystem\\Filesystem->getRequire('C:\\\\laragon\\\\www\\\\...', Array)
#29 C:\\laragon\\www\\dentvira\\public\\leantime\\vendor\\laravel\\framework\\src\\Illuminate\\View\\Engines\\CompilerEngine.php(75): Illuminate\\View\\Engines\\PhpEngine->evaluatePath('C:\\\\laragon\\\\www\\\\...', Array)
#30 C:\\laragon\\www\\dentvira\\public\\leantime\\vendor\\laravel\\framework\\src\\Illuminate\\View\\View.php(209): Illuminate\\View\\Engines\\CompilerEngine->get('C:\\\\laragon\\\\www\\\\...', Array)
#31 C:\\laragon\\www\\dentvira\\public\\leantime\\vendor\\laravel\\framework\\src\\Illuminate\\View\\View.php(192): Illuminate\\View\\View->getContents()
#32 C:\\laragon\\www\\dentvira\\public\\leantime\\vendor\\laravel\\framework\\src\\Illuminate\\View\\View.php(161): Illuminate\\View\\View->renderContents()
#33 C:\\laragon\\www\\dentvira\\public\\leantime\\storage\\framework\\views\\1a3a8b64c6c5b3edbb32a652600f7969.php(127): Illuminate\\View\\View->render()
#34 C:\\laragon\\www\\dentvira\\public\\leantime\\vendor\\laravel\\framework\\src\\Illuminate\\Filesystem\\Filesystem.php(123): require('C:\\\\laragon\\\\www\\\\...')
#35 C:\\laragon\\www\\dentvira\\public\\leantime\\vendor\\laravel\\framework\\src\\Illuminate\\Filesystem\\Filesystem.php(124): Illuminate\\Filesystem\\Filesystem::{closure:Illuminate\\Filesystem\\Filesystem::getRequire():120}()
#36 C:\\laragon\\www\\dentvira\\public\\leantime\\vendor\\laravel\\framework\\src\\Illuminate\\View\\Engines\\PhpEngine.php(58): Illuminate\\Filesystem\\Filesystem->getRequire('C:\\\\laragon\\\\www\\\\...', Array)
#37 C:\\laragon\\www\\dentvira\\public\\leantime\\vendor\\laravel\\framework\\src\\Illuminate\\View\\Engines\\CompilerEngine.php(75): Illuminate\\View\\Engines\\PhpEngine->evaluatePath('C:\\\\laragon\\\\www\\\\...', Array)
#38 C:\\laragon\\www\\dentvira\\public\\leantime\\vendor\\laravel\\framework\\src\\Illuminate\\View\\View.php(209): Illuminate\\View\\Engines\\CompilerEngine->get('C:\\\\laragon\\\\www\\\\...', Array)
#39 C:\\laragon\\www\\dentvira\\public\\leantime\\vendor\\laravel\\framework\\src\\Illuminate\\View\\View.php(192): Illuminate\\View\\View->getContents()
#40 C:\\laragon\\www\\dentvira\\public\\leantime\\vendor\\laravel\\framework\\src\\Illuminate\\View\\View.php(161): Illuminate\\View\\View->renderContents()
#41 C:\\laragon\\www\\dentvira\\public\\leantime\\app\\Core\\UI\\Template.php(322): Illuminate\\View\\View->render()
#42 C:\\laragon\\www\\dentvira\\public\\leantime\\app\\Domain\\Install\\Controllers\\Index.php(36): Leantime\\Core\\UI\\Template->display('install.new', 'global::layouts...')
#43 C:\\laragon\\www\\dentvira\\public\\leantime\\app\\Core\\Controller\\Controller.php(73): Leantime\\Domain\\Install\\Controllers\\Index->get(Array)
#44 C:\\laragon\\www\\dentvira\\public\\leantime\\app\\Core\\Controller\\Frontcontroller.php(172): Leantime\\Core\\Controller\\Controller->callAction('get', Array)
#45 C:\\laragon\\www\\dentvira\\public\\leantime\\app\\Core\\Controller\\Frontcontroller.php(65): Leantime\\Core\\Controller\\Frontcontroller->executeAction('Leantime\\\\Domain...', 'get')
#46 C:\\laragon\\www\\dentvira\\public\\leantime\\app\\Core\\Controller\\Frontcontroller.php(75): Leantime\\Core\\Controller\\Frontcontroller->dispatch(Object(Leantime\\Core\\Http\\IncomingRequest))
#47 C:\\laragon\\www\\dentvira\\public\\leantime\\app\\Core\\Http\\HttpKernel.php(216): Leantime\\Core\\Controller\\Frontcontroller::dispatch_request(Object(Leantime\\Core\\Http\\IncomingRequest))
#48 C:\\laragon\\www\\dentvira\\public\\leantime\\app\\Core\\Http\\HttpKernel.php(173): Leantime\\Core\\Http\\HttpKernel->findAndDispatchToRouter(Object(Leantime\\Core\\Http\\IncomingRequest))
#49 C:\\laragon\\www\\dentvira\\public\\leantime\\vendor\\laravel\\framework\\src\\Illuminate\\Pipeline\\Pipeline.php(170): Leantime\\Core\\Http\\HttpKernel->{closure:{closure:Leantime\\Core\\Http\\HttpKernel::sendRequestThroughRouter():164}:173}(Object(Leantime\\Core\\Http\\IncomingRequest))
#50 C:\\laragon\\www\\dentvira\\public\\leantime\\vendor\\laravel\\framework\\src\\Illuminate\\Pipeline\\Pipeline.php(127): Illuminate\\Pipeline\\Pipeline->{closure:Illuminate\\Pipeline\\Pipeline::prepareDestination():168}(Object(Leantime\\Core\\Http\\IncomingRequest))
#51 C:\\laragon\\www\\dentvira\\public\\leantime\\app\\Core\\Http\\HttpKernel.php(173): Illuminate\\Pipeline\\Pipeline->then(Object(Closure))
#52 C:\\laragon\\www\\dentvira\\public\\leantime\\vendor\\laravel\\framework\\src\\Illuminate\\Pipeline\\Pipeline.php(170): Leantime\\Core\\Http\\HttpKernel->{closure:Leantime\\Core\\Http\\HttpKernel::sendRequestThroughRouter():164}(Object(Leantime\\Core\\Http\\IncomingRequest))
#53 C:\\laragon\\www\\dentvira\\public\\leantime\\app\\Domain\\Projects\\Middleware\\CurrentProject.php(41): Illuminate\\Pipeline\\Pipeline->{closure:Illuminate\\Pipeline\\Pipeline::prepareDestination():168}(Object(Leantime\\Core\\Http\\IncomingRequest))
#54 C:\\laragon\\www\\dentvira\\public\\leantime\\vendor\\laravel\\framework\\src\\Illuminate\\Pipeline\\Pipeline.php(209): Leantime\\Domain\\Projects\\Middleware\\CurrentProject->handle(Object(Leantime\\Core\\Http\\IncomingRequest), Object(Closure))
#55 C:\\laragon\\www\\dentvira\\public\\leantime\\app\\Core\\Middleware\\Localization.php(78): Illuminate\\Pipeline\\Pipeline->{closure:{closure:Illuminate\\Pipeline\\Pipeline::carry():184}:185}(Object(Leantime\\Core\\Http\\IncomingRequest))
#56 C:\\laragon\\www\\dentvira\\public\\leantime\\vendor\\laravel\\framework\\src\\Illuminate\\Pipeline\\Pipeline.php(209): Leantime\\Core\\Middleware\\Localization->handle(Object(Leantime\\Core\\Http\\IncomingRequest), Object(Closure))
#57 C:\\laragon\\www\\dentvira\\public\\leantime\\app\\Core\\Middleware\\SetCacheHeaders.php(49): Illuminate\\Pipeline\\Pipeline->{closure:{closure:Illuminate\\Pipeline\\Pipeline::carry():184}:185}(Object(Leantime\\Core\\Http\\IncomingRequest))
#58 C:\\laragon\\www\\dentvira\\public\\leantime\\vendor\\laravel\\framework\\src\\Illuminate\\Pipeline\\Pipeline.php(209): Leantime\\Core\\Middleware\\SetCacheHeaders->handle(Object(Leantime\\Core\\Http\\IncomingRequest), Object(Closure))
#59 C:\\laragon\\www\\dentvira\\public\\leantime\\vendor\\laravel\\framework\\src\\Illuminate\\Foundation\\Http\\Middleware\\TransformsRequest.php(21): Illuminate\\Pipeline\\Pipeline->{closure:{closure:Illuminate\\Pipeline\\Pipeline::carry():184}:185}(Object(Leantime\\Core\\Http\\IncomingRequest))
#60 C:\\laragon\\www\\dentvira\\public\\leantime\\vendor\\laravel\\framework\\src\\Illuminate\\Foundation\\Http\\Middleware\\ConvertEmptyStringsToNull.php(31): Illuminate\\Foundation\\Http\\Middleware\\TransformsRequest->handle(Object(Leantime\\Core\\Http\\IncomingRequest), Object(Closure))
#61 C:\\laragon\\www\\dentvira\\public\\leantime\\vendor\\laravel\\framework\\src\\Illuminate\\Pipeline\\Pipeline.php(209): Illuminate\\Foundation\\Http\\Middleware\\ConvertEmptyStringsToNull->handle(Object(Leantime\\Core\\Http\\IncomingRequest), Object(Closure))
#62 C:\\laragon\\www\\dentvira\\public\\leantime\\vendor\\laravel\\framework\\src\\Illuminate\\Foundation\\Http\\Middleware\\TransformsRequest.php(21): Illuminate\\Pipeline\\Pipeline->{closure:{closure:Illuminate\\Pipeline\\Pipeline::carry():184}:185}(Object(Leantime\\Core\\Http\\IncomingRequest))
#63 C:\\laragon\\www\\dentvira\\public\\leantime\\vendor\\laravel\\framework\\src\\Illuminate\\Foundation\\Http\\Middleware\\TrimStrings.php(51): Illuminate\\Foundation\\Http\\Middleware\\TransformsRequest->handle(Object(Leantime\\Core\\Http\\IncomingRequest), Object(Closure))
#64 C:\\laragon\\www\\dentvira\\public\\leantime\\vendor\\laravel\\framework\\src\\Illuminate\\Pipeline\\Pipeline.php(209): Illuminate\\Foundation\\Http\\Middleware\\TrimStrings->handle(Object(Leantime\\Core\\Http\\IncomingRequest), Object(Closure))
#65 C:\\laragon\\www\\dentvira\\public\\leantime\\vendor\\laravel\\framework\\src\\Illuminate\\Http\\Middleware\\ValidatePostSize.php(27): Illuminate\\Pipeline\\Pipeline->{closure:{closure:Illuminate\\Pipeline\\Pipeline::carry():184}:185}(Object(Leantime\\Core\\Http\\IncomingRequest))
#66 C:\\laragon\\www\\dentvira\\public\\leantime\\vendor\\laravel\\framework\\src\\Illuminate\\Pipeline\\Pipeline.php(209): Illuminate\\Http\\Middleware\\ValidatePostSize->handle(Object(Leantime\\Core\\Http\\IncomingRequest), Object(Closure))
#67 C:\\laragon\\www\\dentvira\\public\\leantime\\vendor\\laravel\\framework\\src\\Illuminate\\Http\\Middleware\\HandleCors.php(49): Illuminate\\Pipeline\\Pipeline->{closure:{closure:Illuminate\\Pipeline\\Pipeline::carry():184}:185}(Object(Leantime\\Core\\Http\\IncomingRequest))
#68 C:\\laragon\\www\\dentvira\\public\\leantime\\vendor\\laravel\\framework\\src\\Illuminate\\Pipeline\\Pipeline.php(209): Illuminate\\Http\\Middleware\\HandleCors->handle(Object(Leantime\\Core\\Http\\IncomingRequest), Object(Closure))
#69 C:\\laragon\\www\\dentvira\\public\\leantime\\app\\Core\\Middleware\\RequestRateLimiter.php(55): Illuminate\\Pipeline\\Pipeline->{closure:{closure:Illuminate\\Pipeline\\Pipeline::carry():184}:185}(Object(Leantime\\Core\\Http\\IncomingRequest))
#70 C:\\laragon\\www\\dentvira\\public\\leantime\\vendor\\laravel\\framework\\src\\Illuminate\\Pipeline\\Pipeline.php(209): Leantime\\Core\\Middleware\\RequestRateLimiter->handle(Object(Leantime\\Core\\Http\\IncomingRequest), Object(Closure))
#71 C:\\laragon\\www\\dentvira\\public\\leantime\\app\\Core\\Middleware\\AuthenticateSession.php(34): Illuminate\\Pipeline\\Pipeline->{closure:{closure:Illuminate\\Pipeline\\Pipeline::carry():184}:185}(Object(Leantime\\Core\\Http\\IncomingRequest))
#72 C:\\laragon\\www\\dentvira\\public\\leantime\\vendor\\laravel\\framework\\src\\Illuminate\\Pipeline\\Pipeline.php(209): Leantime\\Core\\Middleware\\AuthenticateSession->handle(Object(Leantime\\Core\\Http\\IncomingRequest), Object(Closure))
#73 C:\\laragon\\www\\dentvira\\public\\leantime\\app\\Core\\Middleware\\AuthCheck.php(62): Illuminate\\Pipeline\\Pipeline->{closure:{closure:Illuminate\\Pipeline\\Pipeline::carry():184}:185}(Object(Leantime\\Core\\Http\\IncomingRequest))
#74 C:\\laragon\\www\\dentvira\\public\\leantime\\vendor\\laravel\\framework\\src\\Illuminate\\Pipeline\\Pipeline.php(209): Leantime\\Core\\Middleware\\AuthCheck->handle(Object(Leantime\\Core\\Http\\IncomingRequest), Object(Closure))
#75 C:\\laragon\\www\\dentvira\\public\\leantime\\app\\Core\\Middleware\\InitialHeaders.php(24): Illuminate\\Pipeline\\Pipeline->{closure:{closure:Illuminate\\Pipeline\\Pipeline::carry():184}:185}(Object(Leantime\\Core\\Http\\IncomingRequest))
#76 C:\\laragon\\www\\dentvira\\public\\leantime\\vendor\\laravel\\framework\\src\\Illuminate\\Pipeline\\Pipeline.php(209): Leantime\\Core\\Middleware\\InitialHeaders->handle(Object(Leantime\\Core\\Http\\IncomingRequest), Object(Closure))
#77 C:\\laragon\\www\\dentvira\\public\\leantime\\app\\Core\\Middleware\\LoadPlugins.php(32): Illuminate\\Pipeline\\Pipeline->{closure:{closure:Illuminate\\Pipeline\\Pipeline::carry():184}:185}(Object(Leantime\\Core\\Http\\IncomingRequest))
#78 C:\\laragon\\www\\dentvira\\public\\leantime\\vendor\\laravel\\framework\\src\\Illuminate\\Pipeline\\Pipeline.php(209): Leantime\\Core\\Middleware\\LoadPlugins->handle(Object(Leantime\\Core\\Http\\IncomingRequest), Object(Closure))
#79 C:\\laragon\\www\\dentvira\\public\\leantime\\app\\Core\\Middleware\\Updated.php(67): Illuminate\\Pipeline\\Pipeline->{closure:{closure:Illuminate\\Pipeline\\Pipeline::carry():184}:185}(Object(Leantime\\Core\\Http\\IncomingRequest))
#80 C:\\laragon\\www\\dentvira\\public\\leantime\\vendor\\laravel\\framework\\src\\Illuminate\\Pipeline\\Pipeline.php(209): Leantime\\Core\\Middleware\\Updated->handle(Object(Leantime\\Core\\Http\\IncomingRequest), Object(Closure))
#81 C:\\laragon\\www\\dentvira\\public\\leantime\\app\\Core\\Middleware\\Installed.php(39): Illuminate\\Pipeline\\Pipeline->{closure:{closure:Illuminate\\Pipeline\\Pipeline::carry():184}:185}(Object(Leantime\\Core\\Http\\IncomingRequest))
#82 C:\\laragon\\www\\dentvira\\public\\leantime\\vendor\\laravel\\framework\\src\\Illuminate\\Pipeline\\Pipeline.php(209): Leantime\\Core\\Middleware\\Installed->handle(Object(Leantime\\Core\\Http\\IncomingRequest), Object(Closure))
#83 C:\\laragon\\www\\dentvira\\public\\leantime\\app\\Core\\Middleware\\StartSession.php(134): Illuminate\\Pipeline\\Pipeline->{closure:{closure:Illuminate\\Pipeline\\Pipeline::carry():184}:185}(Object(Leantime\\Core\\Http\\IncomingRequest))
#84 C:\\laragon\\www\\dentvira\\public\\leantime\\app\\Core\\Middleware\\StartSession.php(83): Leantime\\Core\\Middleware\\StartSession->handleOptimisticRequest(Object(Leantime\\Core\\Http\\IncomingRequest), Object(Illuminate\\Session\\Store), Object(Closure))
#85 C:\\laragon\\www\\dentvira\\public\\leantime\\vendor\\laravel\\framework\\src\\Illuminate\\Pipeline\\Pipeline.php(209): Leantime\\Core\\Middleware\\StartSession->handle(Object(Leantime\\Core\\Http\\IncomingRequest), Object(Closure))
#86 C:\\laragon\\www\\dentvira\\public\\leantime\\app\\Core\\Middleware\\TrustProxies.php(65): Illuminate\\Pipeline\\Pipeline->{closure:{closure:Illuminate\\Pipeline\\Pipeline::carry():184}:185}(Object(Leantime\\Core\\Http\\IncomingRequest))
#87 C:\\laragon\\www\\dentvira\\public\\leantime\\vendor\\laravel\\framework\\src\\Illuminate\\Pipeline\\Pipeline.php(209): Leantime\\Core\\Middleware\\TrustProxies->handle(Object(Leantime\\Core\\Http\\IncomingRequest), Object(Closure))
#88 C:\\laragon\\www\\dentvira\\public\\leantime\\vendor\\laravel\\framework\\src\\Illuminate\\Pipeline\\Pipeline.php(127): Illuminate\\Pipeline\\Pipeline->{closure:{closure:Illuminate\\Pipeline\\Pipeline::carry():184}:185}(Object(Leantime\\Core\\Http\\IncomingRequest))
#89 C:\\laragon\\www\\dentvira\\public\\leantime\\app\\Core\\Http\\HttpKernel.php(164): Illuminate\\Pipeline\\Pipeline->then(Object(Closure))
#90 C:\\laragon\\www\\dentvira\\public\\leantime\\app\\Core\\Http\\HttpKernel.php(121): Leantime\\Core\\Http\\HttpKernel->sendRequestThroughRouter(Object(Leantime\\Core\\Http\\IncomingRequest))
#91 C:\\laragon\\www\\dentvira\\public\\leantime\\app\\Core\\Bootloader.php(79): Leantime\\Core\\Http\\HttpKernel->handle(Object(Leantime\\Core\\Http\\IncomingRequest))
#92 C:\\laragon\\www\\dentvira\\public\\leantime\\app\\Core\\Bootloader.php(60): Leantime\\Core\\Bootloader->handleRequest(Object(Leantime\\Core\\Http\\IncomingRequest))
#93 C:\\laragon\\www\\dentvira\\public\\leantime\\public\\index.php(20): Leantime\\Core\\Bootloader->boot(Object(Leantime\\Core\\Application))
#94 {main}
"} 
[2026-10-02 13:50:30] production.ERROR: SQLSTATE[42S02]: Base table or view not found: 1146 Table 'dentvira_leantime.zp_user' doesn't exist (Connection: mysql, SQL: select count(*) as aggregate from `zp_user`) {"exception":"[object] (Illuminate\\Database\\QueryException(code: 42S02): SQLSTATE[42S02]: Base table or view not found: 1146 Table 'dentvira_leantime.zp_user' doesn't exist (Connection: mysql, SQL: select count(*) as aggregate from `zp_user`) at C:\\laragon\\www\\dentvira\\public\\leantime\\vendor\\laravel\\framework\\src\\Illuminate\\Database\\Connection.php:825)
[stacktrace]
#0 C:\\laragon\\www\\dentvira\\public\\leantime\\vendor\\laravel\\framework\\src\\Illuminate\\Database\\Connection.php(779): Illuminate\\Database\\Connection->runQueryCallback('select count(*)...', Array, Object(Closure))
#1 C:\\laragon\\www\\dentvira\\public\\leantime\\vendor\\laravel\\framework\\src\\Illuminate\\Database\\Connection.php(398): Illuminate\\Database\\Connection->run('select count(*)...', Array, Object(Closure))
#2 C:\\laragon\\www\\dentvira\\public\\leantime\\vendor\\laravel\\framework\\src\\Illuminate\\Database\\Query\\Builder.php(3106): Illuminate\\Database\\Connection->select('select count(*)...', Array, true)
#3 C:\\laragon\\www\\dentvira\\public\\leantime\\vendor\\laravel\\framework\\src\\Illuminate\\Database\\Query\\Builder.php(3091): Illuminate\\Database\\Query\\Builder->runSelect()
#4 C:\\laragon\\www\\dentvira\\public\\leantime\\vendor\\laravel\\framework\\src\\Illuminate\\Database\\Query\\Builder.php(3676): Illuminate\\Database\\Query\\Builder->{closure:Illuminate\\Database\\Query\\Builder::get():3090}()
#5 C:\\laragon\\www\\dentvira\\public\\leantime\\vendor\\laravel\\framework\\src\\Illuminate\\Database\\Query\\Builder.php(3090): Illuminate\\Database\\Query\\Builder->onceWithColumns(Array, Object(Closure))
#6 C:\\laragon\\www\\dentvira\\public\\leantime\\vendor\\laravel\\framework\\src\\Illuminate\\Database\\Query\\Builder.php(3603): Illuminate\\Database\\Query\\Builder->get(Array)
#7 C:\\laragon\\www\\dentvira\\public\\leantime\\vendor\\laravel\\framework\\src\\Illuminate\\Database\\Query\\Builder.php(3531): Illuminate\\Database\\Query\\Builder->aggregate('count', Array)
#8 C:\\laragon\\www\\dentvira\\public\\leantime\\app\\Domain\\Setting\\Repositories\\Setting.php(159): Illuminate\\Database\\Query\\Builder->count()
#9 C:\\laragon\\www\\dentvira\\public\\leantime\\app\\Domain\\Setting\\Repositories\\Setting.php(34): Leantime\\Domain\\Setting\\Repositories\\Setting->checkIfInstalled()
#10 C:\\laragon\\www\\dentvira\\public\\leantime\\app\\Core\\UI\\Theme.php(268): Leantime\\Domain\\Setting\\Repositories\\Setting->getSetting('companysettings...')
#11 C:\\laragon\\www\\dentvira\\public\\leantime\\app\\Core\\UI\\Theme.php(1028): Leantime\\Core\\UI\\Theme->getAvailableColorSchemes()
#12 C:\\laragon\\www\\dentvira\\public\\leantime\\app\\Views\\Composers\\Header.php(86): Leantime\\Core\\UI\\Theme->getPrimaryColor()
#13 C:\\laragon\\www\\dentvira\\public\\leantime\\app\\Core\\UI\\Composer.php(62): Leantime\\Views\\Composers\\Header->with()
#14 C:\\laragon\\www\\dentvira\\public\\leantime\\app\\Core\\UI\\Composer.php(52): Leantime\\Core\\UI\\Composer->merge()
#15 C:\\laragon\\www\\dentvira\\public\\leantime\\vendor\\laravel\\framework\\src\\Illuminate\\View\\Concerns\\ManagesEvents.php(124): Leantime\\Core\\UI\\Composer->compose(Object(Illuminate\\View\\View), Array)
#16 C:\\laragon\\www\\dentvira\\public\\leantime\\app\\Core\\Events\\EventDispatcher.php(707): Illuminate\\View\\Factory->{closure:Illuminate\\View\\Concerns\\ManagesEvents::buildClassEventCallback():123}(Object(Illuminate\\View\\View), Array)
#17 C:\\laragon\\www\\dentvira\\public\\leantime\\app\\Core\\Events\\EventDispatcher.php(413): Leantime\\Core\\Events\\EventDispatcher::{closure:Leantime\\Core\\Events\\EventDispatcher::makeListener():702}('composing: glob...', Array)
#18 C:\\laragon\\www\\dentvira\\public\\leantime\\app\\Core\\Events\\EventDispatcher.php(196): Leantime\\Core\\Events\\EventDispatcher::executeHandlers(Array, 'events', 'composing: glob...', Array)
#19 C:\\laragon\\www\\dentvira\\public\\leantime\\app\\Core\\Events\\EventDispatcher.php(131): Leantime\\Core\\Events\\EventDispatcher::dispatch_event('composing: glob...', Array, '')
#20 C:\\laragon\\www\\dentvira\\public\\leantime\\vendor\\laravel\\framework\\src\\Illuminate\\View\\Concerns\\ManagesEvents.php(178): Leantime\\Core\\Events\\EventDispatcher->dispatch('composing: glob...', Array)
#21 C:\\laragon\\www\\dentvira\\public\\leantime\\vendor\\laravel\\framework\\src\\Illuminate\\View\\View.php(190): Illuminate\\View\\Factory->callComposer(Object(Illuminate\\View\\View))
#22 C:\\laragon\\www\\dentvira\\public\\leantime\\vendor\\laravel\\framework\\src\\Illuminate\\View\\View.php(161): Illuminate\\View\\View->renderContents()
#23 C:\\laragon\\www\\dentvira\\public\\leantime\\storage\\framework\\views\\f877dead5805cd1e774aec4dabcf4a1d.php(4): Illuminate\\View\\View->render()
#24 C:\\laragon\\www\\dentvira\\public\\leantime\\vendor\\laravel\\framework\\src\\Illuminate\\Filesystem\\Filesystem.php(123): require('C:\\\\laragon\\\\www\\\\...')
#25 C:\\laragon\\www\\dentvira\\public\\leantime\\vendor\\laravel\\framework\\src\\Illuminate\\Filesystem\\Filesystem.php(124): Illuminate\\Filesystem\\Filesystem::{closure:Illuminate\\Filesystem\\Filesystem::getRequire():120}()
#26 C:\\laragon\\www\\dentvira\\public\\leantime\\vendor\\laravel\\framework\\src\\Illuminate\\View\\Engines\\PhpEngine.php(58): Illuminate\\Filesystem\\Filesystem->getRequire('C:\\\\laragon\\\\www\\\\...', Array)
#27 C:\\laragon\\www\\dentvira\\public\\leantime\\vendor\\laravel\\framework\\src\\Illuminate\\View\\Engines\\CompilerEngine.php(75): Illuminate\\View\\Engines\\PhpEngine->evaluatePath('C:\\\\laragon\\\\www\\\\...', Array)
#28 C:\\laragon\\www\\dentvira\\public\\leantime\\vendor\\laravel\\framework\\src\\Illuminate\\View\\View.php(209): Illuminate\\View\\Engines\\CompilerEngine->get('C:\\\\laragon\\\\www\\\\...', Array)
#29 C:\\laragon\\www\\dentvira\\public\\leantime\\vendor\\laravel\\framework\\src\\Illuminate\\View\\View.php(192): Illuminate\\View\\View->getContents()
#30 C:\\laragon\\www\\dentvira\\public\\leantime\\vendor\\laravel\\framework\\src\\Illuminate\\View\\View.php(161): Illuminate\\View\\View->renderContents()
#31 C:\\laragon\\www\\dentvira\\public\\leantime\\storage\\framework\\views\\1a3a8b64c6c5b3edbb32a652600f7969.php(127): Illuminate\\View\\View->render()
#32 C:\\laragon\\www\\dentvira\\public\\leantime\\vendor\\laravel\\framework\\src\\Illuminate\\Filesystem\\Filesystem.php(123): require('C:\\\\laragon\\\\www\\\\...')
#33 C:\\laragon\\www\\dentvira\\public\\leantime\\vendor\\laravel\\framework\\src\\Illuminate\\Filesystem\\Filesystem.php(124): Illuminate\\Filesystem\\Filesystem::{closure:Illuminate\\Filesystem\\Filesystem::getRequire():120}()
#34 C:\\laragon\\www\\dentvira\\public\\leantime\\vendor\\laravel\\framework\\src\\Illuminate\\View\\Engines\\PhpEngine.php(58): Illuminate\\Filesystem\\Filesystem->getRequire('C:\\\\laragon\\\\www\\\\...', Array)
#35 C:\\laragon\\www\\dentvira\\public\\leantime\\vendor\\laravel\\framework\\src\\Illuminate\\View\\Engines\\CompilerEngine.php(75): Illuminate\\View\\Engines\\PhpEngine->evaluatePath('C:\\\\laragon\\\\www\\\\...', Array)
#36 C:\\laragon\\www\\dentvira\\public\\leantime\\vendor\\laravel\\framework\\src\\Illuminate\\View\\View.php(209): Illuminate\\View\\Engines\\CompilerEngine->get('C:\\\\laragon\\\\www\\\\...', Array)
#37 C:\\laragon\\www\\dentvira\\public\\leantime\\vendor\\laravel\\framework\\src\\Illuminate\\View\\View.php(192): Illuminate\\View\\View->getContents()
#38 C:\\laragon\\www\\dentvira\\public\\leantime\\vendor\\laravel\\framework\\src\\Illuminate\\View\\View.php(161): Illuminate\\View\\View->renderContents()
#39 C:\\laragon\\www\\dentvira\\public\\leantime\\app\\Core\\UI\\Template.php(322): Illuminate\\View\\View->render()
#40 C:\\laragon\\www\\dentvira\\public\\leantime\\app\\Domain\\Install\\Controllers\\Index.php(36): Leantime\\Core\\UI\\Template->display('install.new', 'global::layouts...')
#41 C:\\laragon\\www\\dentvira\\public\\leantime\\app\\Core\\Controller\\Controller.php(73): Leantime\\Domain\\Install\\Controllers\\Index->get(Array)
#42 C:\\laragon\\www\\dentvira\\public\\leantime\\app\\Core\\Controller\\Frontcontroller.php(172): Leantime\\Core\\Controller\\Controller->callAction('get', Array)
#43 C:\\laragon\\www\\dentvira\\public\\leantime\\app\\Core\\Controller\\Frontcontroller.php(65): Leantime\\Core\\Controller\\Frontcontroller->executeAction('Leantime\\\\Domain...', 'get')
#44 C:\\laragon\\www\\dentvira\\public\\leantime\\app\\Core\\Controller\\Frontcontroller.php(75): Leantime\\Core\\Controller\\Frontcontroller->dispatch(Object(Leantime\\Core\\Http\\IncomingRequest))
#45 C:\\laragon\\www\\dentvira\\public\\leantime\\app\\Core\\Http\\HttpKernel.php(216): Leantime\\Core\\Controller\\Frontcontroller::dispatch_request(Object(Leantime\\Core\\Http\\IncomingRequest))
#46 C:\\laragon\\www\\dentvira\\public\\leantime\\app\\Core\\Http\\HttpKernel.php(173): Leantime\\Core\\Http\\HttpKernel->findAndDispatchToRouter(Object(Leantime\\Core\\Http\\IncomingRequest))
#47 C:\\laragon\\www\\dentvira\\public\\leantime\\vendor\\laravel\\framework\\src\\Illuminate\\Pipeline\\Pipeline.php(170): Leantime\\Core\\Http\\HttpKernel->{closure:{closure:Leantime\\Core\\Http\\HttpKernel::sendRequestThroughRouter():164}:173}(Object(Leantime\\Core\\Http\\IncomingRequest))
#48 C:\\laragon\\www\\dentvira\\public\\leantime\\vendor\\laravel\\framework\\src\\Illuminate\\Pipeline\\Pipeline.php(127): Illuminate\\Pipeline\\Pipeline->{closure:Illuminate\\Pipeline\\Pipeline::prepareDestination():168}(Object(Leantime\\Core\\Http\\IncomingRequest))
#49 C:\\laragon\\www\\dentvira\\public\\leantime\\app\\Core\\Http\\HttpKernel.php(173): Illuminate\\Pipeline\\Pipeline->then(Object(Closure))
#50 C:\\laragon\\www\\dentvira\\public\\leantime\\vendor\\laravel\\framework\\src\\Illuminate\\Pipeline\\Pipeline.php(170): Leantime\\Core\\Http\\HttpKernel->{closure:Leantime\\Core\\Http\\HttpKernel::sendRequestThroughRouter():164}(Object(Leantime\\Core\\Http\\IncomingRequest))
#51 C:\\laragon\\www\\dentvira\\public\\leantime\\app\\Domain\\Projects\\Middleware\\CurrentProject.php(41): Illuminate\\Pipeline\\Pipeline->{closure:Illuminate\\Pipeline\\Pipeline::prepareDestination():168}(Object(Leantime\\Core\\Http\\IncomingRequest))
#52 C:\\laragon\\www\\dentvira\\public\\leantime\\vendor\\laravel\\framework\\src\\Illuminate\\Pipeline\\Pipeline.php(209): Leantime\\Domain\\Projects\\Middleware\\CurrentProject->handle(Object(Leantime\\Core\\Http\\IncomingRequest), Object(Closure))
#53 C:\\laragon\\www\\dentvira\\public\\leantime\\app\\Core\\Middleware\\Localization.php(78): Illuminate\\Pipeline\\Pipeline->{closure:{closure:Illuminate\\Pipeline\\Pipeline::carry():184}:185}(Object(Leantime\\Core\\Http\\IncomingRequest))
#54 C:\\laragon\\www\\dentvira\\public\\leantime\\vendor\\laravel\\framework\\src\\Illuminate\\Pipeline\\Pipeline.php(209): Leantime\\Core\\Middleware\\Localization->handle(Object(Leantime\\Core\\Http\\IncomingRequest), Object(Closure))
#55 C:\\laragon\\www\\dentvira\\public\\leantime\\app\\Core\\Middleware\\SetCacheHeaders.php(49): Illuminate\\Pipeline\\Pipeline->{closure:{closure:Illuminate\\Pipeline\\Pipeline::carry():184}:185}(Object(Leantime\\Core\\Http\\IncomingRequest))
#56 C:\\laragon\\www\\dentvira\\public\\leantime\\vendor\\laravel\\framework\\src\\Illuminate\\Pipeline\\Pipeline.php(209): Leantime\\Core\\Middleware\\SetCacheHeaders->handle(Object(Leantime\\Core\\Http\\IncomingRequest), Object(Closure))
#57 C:\\laragon\\www\\dentvira\\public\\leantime\\vendor\\laravel\\framework\\src\\Illuminate\\Foundation\\Http\\Middleware\\TransformsRequest.php(21): Illuminate\\Pipeline\\Pipeline->{closure:{closure:Illuminate\\Pipeline\\Pipeline::carry():184}:185}(Object(Leantime\\Core\\Http\\IncomingRequest))
#58 C:\\laragon\\www\\dentvira\\public\\leantime\\vendor\\laravel\\framework\\src\\Illuminate\\Foundation\\Http\\Middleware\\ConvertEmptyStringsToNull.php(31): Illuminate\\Foundation\\Http\\Middleware\\TransformsRequest->handle(Object(Leantime\\Core\\Http\\IncomingRequest), Object(Closure))
#59 C:\\laragon\\www\\dentvira\\public\\leantime\\vendor\\laravel\\framework\\src\\Illuminate\\Pipeline\\Pipeline.php(209): Illuminate\\Foundation\\Http\\Middleware\\ConvertEmptyStringsToNull->handle(Object(Leantime\\Core\\Http\\IncomingRequest), Object(Closure))
#60 C:\\laragon\\www\\dentvira\\public\\leantime\\vendor\\laravel\\framework\\src\\Illuminate\\Foundation\\Http\\Middleware\\TransformsRequest.php(21): Illuminate\\Pipeline\\Pipeline->{closure:{closure:Illuminate\\Pipeline\\Pipeline::carry():184}:185}(Object(Leantime\\Core\\Http\\IncomingRequest))
#61 C:\\laragon\\www\\dentvira\\public\\leantime\\vendor\\laravel\\framework\\src\\Illuminate\\Foundation\\Http\\Middleware\\TrimStrings.php(51): Illuminate\\Foundation\\Http\\Middleware\\TransformsRequest->handle(Object(Leantime\\Core\\Http\\IncomingRequest), Object(Closure))
#62 C:\\laragon\\www\\dentvira\\public\\leantime\\vendor\\laravel\\framework\\src\\Illuminate\\Pipeline\\Pipeline.php(209): Illuminate\\Foundation\\Http\\Middleware\\TrimStrings->handle(Object(Leantime\\Core\\Http\\IncomingRequest), Object(Closure))
#63 C:\\laragon\\www\\dentvira\\public\\leantime\\vendor\\laravel\\framework\\src\\Illuminate\\Http\\Middleware\\ValidatePostSize.php(27): Illuminate\\Pipeline\\Pipeline->{closure:{closure:Illuminate\\Pipeline\\Pipeline::carry():184}:185}(Object(Leantime\\Core\\Http\\IncomingRequest))
#64 C:\\laragon\\www\\dentvira\\public\\leantime\\vendor\\laravel\\framework\\src\\Illuminate\\Pipeline\\Pipeline.php(209): Illuminate\\Http\\Middleware\\ValidatePostSize->handle(Object(Leantime\\Core\\Http\\IncomingRequest), Object(Closure))
#65 C:\\laragon\\www\\dentvira\\public\\leantime\\vendor\\laravel\\framework\\src\\Illuminate\\Http\\Middleware\\HandleCors.php(49): Illuminate\\Pipeline\\Pipeline->{closure:{closure:Illuminate\\Pipeline\\Pipeline::carry():184}:185}(Object(Leantime\\Core\\Http\\IncomingRequest))
#66 C:\\laragon\\www\\dentvira\\public\\leantime\\vendor\\laravel\\framework\\src\\Illuminate\\Pipeline\\Pipeline.php(209): Illuminate\\Http\\Middleware\\HandleCors->handle(Object(Leantime\\Core\\Http\\IncomingRequest), Object(Closure))
#67 C:\\laragon\\www\\dentvira\\public\\leantime\\app\\Core\\Middleware\\RequestRateLimiter.php(55): Illuminate\\Pipeline\\Pipeline->{closure:{closure:Illuminate\\Pipeline\\Pipeline::carry():184}:185}(Object(Leantime\\Core\\Http\\IncomingRequest))
#68 C:\\laragon\\www\\dentvira\\public\\leantime\\vendor\\laravel\\framework\\src\\Illuminate\\Pipeline\\Pipeline.php(209): Leantime\\Core\\Middleware\\RequestRateLimiter->handle(Object(Leantime\\Core\\Http\\IncomingRequest), Object(Closure))
#69 C:\\laragon\\www\\dentvira\\public\\leantime\\app\\Core\\Middleware\\AuthenticateSession.php(34): Illuminate\\Pipeline\\Pipeline->{closure:{closure:Illuminate\\Pipeline\\Pipeline::carry():184}:185}(Object(Leantime\\Core\\Http\\IncomingRequest))
#70 C:\\laragon\\www\\dentvira\\public\\leantime\\vendor\\laravel\\framework\\src\\Illuminate\\Pipeline\\Pipeline.php(209): Leantime\\Core\\Middleware\\AuthenticateSession->handle(Object(Leantime\\Core\\Http\\IncomingRequest), Object(Closure))
#71 C:\\laragon\\www\\dentvira\\public\\leantime\\app\\Core\\Middleware\\AuthCheck.php(62): Illuminate\\Pipeline\\Pipeline->{closure:{closure:Illuminate\\Pipeline\\Pipeline::carry():184}:185}(Object(Leantime\\Core\\Http\\IncomingRequest))
#72 C:\\laragon\\www\\dentvira\\public\\leantime\\vendor\\laravel\\framework\\src\\Illuminate\\Pipeline\\Pipeline.php(209): Leantime\\Core\\Middleware\\AuthCheck->handle(Object(Leantime\\Core\\Http\\IncomingRequest), Object(Closure))
#73 C:\\laragon\\www\\dentvira\\public\\leantime\\app\\Core\\Middleware\\InitialHeaders.php(24): Illuminate\\Pipeline\\Pipeline->{closure:{closure:Illuminate\\Pipeline\\Pipeline::carry():184}:185}(Object(Leantime\\Core\\Http\\IncomingRequest))
#74 C:\\laragon\\www\\dentvira\\public\\leantime\\vendor\\laravel\\framework\\src\\Illuminate\\Pipeline\\Pipeline.php(209): Leantime\\Core\\Middleware\\InitialHeaders->handle(Object(Leantime\\Core\\Http\\IncomingRequest), Object(Closure))
#75 C:\\laragon\\www\\dentvira\\public\\leantime\\app\\Core\\Middleware\\LoadPlugins.php(32): Illuminate\\Pipeline\\Pipeline->{closure:{closure:Illuminate\\Pipeline\\Pipeline::carry():184}:185}(Object(Leantime\\Core\\Http\\IncomingRequest))
#76 C:\\laragon\\www\\dentvira\\public\\leantime\\vendor\\laravel\\framework\\src\\Illuminate\\Pipeline\\Pipeline.php(209): Leantime\\Core\\Middleware\\LoadPlugins->handle(Object(Leantime\\Core\\Http\\IncomingRequest), Object(Closure))
#77 C:\\laragon\\www\\dentvira\\public\\leantime\\app\\Core\\Middleware\\Updated.php(67): Illuminate\\Pipeline\\Pipeline->{closure:{closure:Illuminate\\Pipeline\\Pipeline::carry():184}:185}(Object(Leantime\\Core\\Http\\IncomingRequest))
#78 C:\\laragon\\www\\dentvira\\public\\leantime\\vendor\\laravel\\framework\\src\\Illuminate\\Pipeline\\Pipeline.php(209): Leantime\\Core\\Middleware\\Updated->handle(Object(Leantime\\Core\\Http\\IncomingRequest), Object(Closure))
#79 C:\\laragon\\www\\dentvira\\public\\leantime\\app\\Core\\Middleware\\Installed.php(39): Illuminate\\Pipeline\\Pipeline->{closure:{closure:Illuminate\\Pipeline\\Pipeline::carry():184}:185}(Object(Leantime\\Core\\Http\\IncomingRequest))
#80 C:\\laragon\\www\\dentvira\\public\\leantime\\vendor\\laravel\\framework\\src\\Illuminate\\Pipeline\\Pipeline.php(209): Leantime\\Core\\Middleware\\Installed->handle(Object(Leantime\\Core\\Http\\IncomingRequest), Object(Closure))
#81 C:\\laragon\\www\\dentvira\\public\\leantime\\app\\Core\\Middleware\\StartSession.php(134): Illuminate\\Pipeline\\Pipeline->{closure:{closure:Illuminate\\Pipeline\\Pipeline::carry():184}:185}(Object(Leantime\\Core\\Http\\IncomingRequest))
#82 C:\\laragon\\www\\dentvira\\public\\leantime\\app\\Core\\Middleware\\StartSession.php(83): Leantime\\Core\\Middleware\\StartSession->handleOptimisticRequest(Object(Leantime\\Core\\Http\\IncomingRequest), Object(Illuminate\\Session\\Store), Object(Closure))
#83 C:\\laragon\\www\\dentvira\\public\\leantime\\vendor\\laravel\\framework\\src\\Illuminate\\Pipeline\\Pipeline.php(209): Leantime\\Core\\Middleware\\StartSession->handle(Object(Leantime\\Core\\Http\\IncomingRequest), Object(Closure))
#84 C:\\laragon\\www\\dentvira\\public\\leantime\\app\\Core\\Middleware\\TrustProxies.php(65): Illuminate\\Pipeline\\Pipeline->{closure:{closure:Illuminate\\Pipeline\\Pipeline::carry():184}:185}(Object(Leantime\\Core\\Http\\IncomingRequest))
#85 C:\\laragon\\www\\dentvira\\public\\leantime\\vendor\\laravel\\framework\\src\\Illuminate\\Pipeline\\Pipeline.php(209): Leantime\\Core\\Middleware\\TrustProxies->handle(Object(Leantime\\Core\\Http\\IncomingRequest), Object(Closure))
#86 C:\\laragon\\www\\dentvira\\public\\leantime\\vendor\\laravel\\framework\\src\\Illuminate\\Pipeline\\Pipeline.php(127): Illuminate\\Pipeline\\Pipeline->{closure:{closure:Illuminate\\Pipeline\\Pipeline::carry():184}:185}(Object(Leantime\\Core\\Http\\IncomingRequest))
#87 C:\\laragon\\www\\dentvira\\public\\leantime\\app\\Core\\Http\\HttpKernel.php(164): Illuminate\\Pipeline\\Pipeline->then(Object(Closure))
#88 C:\\laragon\\www\\dentvira\\public\\leantime\\app\\Core\\Http\\HttpKernel.php(121): Leantime\\Core\\Http\\HttpKernel->sendRequestThroughRouter(Object(Leantime\\Core\\Http\\IncomingRequest))
#89 C:\\laragon\\www\\dentvira\\public\\leantime\\app\\Core\\Bootloader.php(79): Leantime\\Core\\Http\\HttpKernel->handle(Object(Leantime\\Core\\Http\\IncomingRequest))
#90 C:\\laragon\\www\\dentvira\\public\\leantime\\app\\Core\\Bootloader.php(60): Leantime\\Core\\Bootloader->handleRequest(Object(Leantime\\Core\\Http\\IncomingRequest))
#91 C:\\laragon\\www\\dentvira\\public\\leantime\\public\\index.php(20): Leantime\\Core\\Bootloader->boot(Object(Leantime\\Core\\Application))
#92 {main}

[previous exception] [object] (PDOException(code: 42S02): SQLSTATE[42S02]: Base table or view not found: 1146 Table 'dentvira_leantime.zp_user' doesn't exist at C:\\laragon\\www\\dentvira\\public\\leantime\\vendor\\laravel\\framework\\src\\Illuminate\\Database\\Connection.php:412)
[stacktrace]
#0 C:\\laragon\\www\\dentvira\\public\\leantime\\vendor\\laravel\\framework\\src\\Illuminate\\Database\\Connection.php(412): PDOStatement->execute()
#1 C:\\laragon\\www\\dentvira\\public\\leantime\\vendor\\laravel\\framework\\src\\Illuminate\\Database\\Connection.php(812): Illuminate\\Database\\Connection->{closure:Illuminate\\Database\\Connection::select():398}('select count(*)...', Array)
#2 C:\\laragon\\www\\dentvira\\public\\leantime\\vendor\\laravel\\framework\\src\\Illuminate\\Database\\Connection.php(779): Illuminate\\Database\\Connection->runQueryCallback('select count(*)...', Array, Object(Closure))
#3 C:\\laragon\\www\\dentvira\\public\\leantime\\vendor\\laravel\\framework\\src\\Illuminate\\Database\\Connection.php(398): Illuminate\\Database\\Connection->run('select count(*)...', Array, Object(Closure))
#4 C:\\laragon\\www\\dentvira\\public\\leantime\\vendor\\laravel\\framework\\src\\Illuminate\\Database\\Query\\Builder.php(3106): Illuminate\\Database\\Connection->select('select count(*)...', Array, true)
#5 C:\\laragon\\www\\dentvira\\public\\leantime\\vendor\\laravel\\framework\\src\\Illuminate\\Database\\Query\\Builder.php(3091): Illuminate\\Database\\Query\\Builder->runSelect()
#6 C:\\laragon\\www\\dentvira\\public\\leantime\\vendor\\laravel\\framework\\src\\Illuminate\\Database\\Query\\Builder.php(3676): Illuminate\\Database\\Query\\Builder->{closure:Illuminate\\Database\\Query\\Builder::get():3090}()
#7 C:\\laragon\\www\\dentvira\\public\\leantime\\vendor\\laravel\\framework\\src\\Illuminate\\Database\\Query\\Builder.php(3090): Illuminate\\Database\\Query\\Builder->onceWithColumns(Array, Object(Closure))
#8 C:\\laragon\\www\\dentvira\\public\\leantime\\vendor\\laravel\\framework\\src\\Illuminate\\Database\\Query\\Builder.php(3603): Illuminate\\Database\\Query\\Builder->get(Array)
#9 C:\\laragon\\www\\dentvira\\public\\leantime\\vendor\\laravel\\framework\\src\\Illuminate\\Database\\Query\\Builder.php(3531): Illuminate\\Database\\Query\\Builder->aggregate('count', Array)
#10 C:\\laragon\\www\\dentvira\\public\\leantime\\app\\Domain\\Setting\\Repositories\\Setting.php(159): Illuminate\\Database\\Query\\Builder->count()
#11 C:\\laragon\\www\\dentvira\\public\\leantime\\app\\Domain\\Setting\\Repositories\\Setting.php(34): Leantime\\Domain\\Setting\\Repositories\\Setting->checkIfInstalled()
#12 C:\\laragon\\www\\dentvira\\public\\leantime\\app\\Core\\UI\\Theme.php(268): Leantime\\Domain\\Setting\\Repositories\\Setting->getSetting('companysettings...')
#13 C:\\laragon\\www\\dentvira\\public\\leantime\\app\\Core\\UI\\Theme.php(1028): Leantime\\Core\\UI\\Theme->getAvailableColorSchemes()
#14 C:\\laragon\\www\\dentvira\\public\\leantime\\app\\Views\\Composers\\Header.php(86): Leantime\\Core\\UI\\Theme->getPrimaryColor()
#15 C:\\laragon\\www\\dentvira\\public\\leantime\\app\\Core\\UI\\Composer.php(62): Leantime\\Views\\Composers\\Header->with()
#16 C:\\laragon\\www\\dentvira\\public\\leantime\\app\\Core\\UI\\Composer.php(52): Leantime\\Core\\UI\\Composer->merge()
#17 C:\\laragon\\www\\dentvira\\public\\leantime\\vendor\\laravel\\framework\\src\\Illuminate\\View\\Concerns\\ManagesEvents.php(124): Leantime\\Core\\UI\\Composer->compose(Object(Illuminate\\View\\View), Array)
#18 C:\\laragon\\www\\dentvira\\public\\leantime\\app\\Core\\Events\\EventDispatcher.php(707): Illuminate\\View\\Factory->{closure:Illuminate\\View\\Concerns\\ManagesEvents::buildClassEventCallback():123}(Object(Illuminate\\View\\View), Array)
#19 C:\\laragon\\www\\dentvira\\public\\leantime\\app\\Core\\Events\\EventDispatcher.php(413): Leantime\\Core\\Events\\EventDispatcher::{closure:Leantime\\Core\\Events\\EventDispatcher::makeListener():702}('composing: glob...', Array)
#20 C:\\laragon\\www\\dentvira\\public\\leantime\\app\\Core\\Events\\EventDispatcher.php(196): Leantime\\Core\\Events\\EventDispatcher::executeHandlers(Array, 'events', 'composing: glob...', Array)
#21 C:\\laragon\\www\\dentvira\\public\\leantime\\app\\Core\\Events\\EventDispatcher.php(131): Leantime\\Core\\Events\\EventDispatcher::dispatch_event('composing: glob...', Array, '')
#22 C:\\laragon\\www\\dentvira\\public\\leantime\\vendor\\laravel\\framework\\src\\Illuminate\\View\\Concerns\\ManagesEvents.php(178): Leantime\\Core\\Events\\EventDispatcher->dispatch('composing: glob...', Array)
#23 C:\\laragon\\www\\dentvira\\public\\leantime\\vendor\\laravel\\framework\\src\\Illuminate\\View\\View.php(190): Illuminate\\View\\Factory->callComposer(Object(Illuminate\\View\\View))
#24 C:\\laragon\\www\\dentvira\\public\\leantime\\vendor\\laravel\\framework\\src\\Illuminate\\View\\View.php(161): Illuminate\\View\\View->renderContents()
#25 C:\\laragon\\www\\dentvira\\public\\leantime\\storage\\framework\\views\\f877dead5805cd1e774aec4dabcf4a1d.php(4): Illuminate\\View\\View->render()
#26 C:\\laragon\\www\\dentvira\\public\\leantime\\vendor\\laravel\\framework\\src\\Illuminate\\Filesystem\\Filesystem.php(123): require('C:\\\\laragon\\\\www\\\\...')
#27 C:\\laragon\\www\\dentvira\\public\\leantime\\vendor\\laravel\\framework\\src\\Illuminate\\Filesystem\\Filesystem.php(124): Illuminate\\Filesystem\\Filesystem::{closure:Illuminate\\Filesystem\\Filesystem::getRequire():120}()
#28 C:\\laragon\\www\\dentvira\\public\\leantime\\vendor\\laravel\\framework\\src\\Illuminate\\View\\Engines\\PhpEngine.php(58): Illuminate\\Filesystem\\Filesystem->getRequire('C:\\\\laragon\\\\www\\\\...', Array)
#29 C:\\laragon\\www\\dentvira\\public\\leantime\\vendor\\laravel\\framework\\src\\Illuminate\\View\\Engines\\CompilerEngine.php(75): Illuminate\\View\\Engines\\PhpEngine->evaluatePath('C:\\\\laragon\\\\www\\\\...', Array)
#30 C:\\laragon\\www\\dentvira\\public\\leantime\\vendor\\laravel\\framework\\src\\Illuminate\\View\\View.php(209): Illuminate\\View\\Engines\\CompilerEngine->get('C:\\\\laragon\\\\www\\\\...', Array)
#31 C:\\laragon\\www\\dentvira\\public\\leantime\\vendor\\laravel\\framework\\src\\Illuminate\\View\\View.php(192): Illuminate\\View\\View->getContents()
#32 C:\\laragon\\www\\dentvira\\public\\leantime\\vendor\\laravel\\framework\\src\\Illuminate\\View\\View.php(161): Illuminate\\View\\View->renderContents()
#33 C:\\laragon\\www\\dentvira\\public\\leantime\\storage\\framework\\views\\1a3a8b64c6c5b3edbb32a652600f7969.php(127): Illuminate\\View\\View->render()
#34 C:\\laragon\\www\\dentvira\\public\\leantime\\vendor\\laravel\\framework\\src\\Illuminate\\Filesystem\\Filesystem.php(123): require('C:\\\\laragon\\\\www\\\\...')
#35 C:\\laragon\\www\\dentvira\\public\\leantime\\vendor\\laravel\\framework\\src\\Illuminate\\Filesystem\\Filesystem.php(124): Illuminate\\Filesystem\\Filesystem::{closure:Illuminate\\Filesystem\\Filesystem::getRequire():120}()
#36 C:\\laragon\\www\\dentvira\\public\\leantime\\vendor\\laravel\\framework\\src\\Illuminate\\View\\Engines\\PhpEngine.php(58): Illuminate\\Filesystem\\Filesystem->getRequire('C:\\\\laragon\\\\www\\\\...', Array)
#37 C:\\laragon\\www\\dentvira\\public\\leantime\\vendor\\laravel\\framework\\src\\Illuminate\\View\\Engines\\CompilerEngine.php(75): Illuminate\\View\\Engines\\PhpEngine->evaluatePath('C:\\\\laragon\\\\www\\\\...', Array)
#38 C:\\laragon\\www\\dentvira\\public\\leantime\\vendor\\laravel\\framework\\src\\Illuminate\\View\\View.php(209): Illuminate\\View\\Engines\\CompilerEngine->get('C:\\\\laragon\\\\www\\\\...', Array)
#39 C:\\laragon\\www\\dentvira\\public\\leantime\\vendor\\laravel\\framework\\src\\Illuminate\\View\\View.php(192): Illuminate\\View\\View->getContents()
#40 C:\\laragon\\www\\dentvira\\public\\leantime\\vendor\\laravel\\framework\\src\\Illuminate\\View\\View.php(161): Illuminate\\View\\View->renderContents()
#41 C:\\laragon\\www\\dentvira\\public\\leantime\\app\\Core\\UI\\Template.php(322): Illuminate\\View\\View->render()
#42 C:\\laragon\\www\\dentvira\\public\\leantime\\app\\Domain\\Install\\Controllers\\Index.php(36): Leantime\\Core\\UI\\Template->display('install.new', 'global::layouts...')
#43 C:\\laragon\\www\\dentvira\\public\\leantime\\app\\Core\\Controller\\Controller.php(73): Leantime\\Domain\\Install\\Controllers\\Index->get(Array)
#44 C:\\laragon\\www\\dentvira\\public\\leantime\\app\\Core\\Controller\\Frontcontroller.php(172): Leantime\\Core\\Controller\\Controller->callAction('get', Array)
#45 C:\\laragon\\www\\dentvira\\public\\leantime\\app\\Core\\Controller\\Frontcontroller.php(65): Leantime\\Core\\Controller\\Frontcontroller->executeAction('Leantime\\\\Domain...', 'get')
#46 C:\\laragon\\www\\dentvira\\public\\leantime\\app\\Core\\Controller\\Frontcontroller.php(75): Leantime\\Core\\Controller\\Frontcontroller->dispatch(Object(Leantime\\Core\\Http\\IncomingRequest))
#47 C:\\laragon\\www\\dentvira\\public\\leantime\\app\\Core\\Http\\HttpKernel.php(216): Leantime\\Core\\Controller\\Frontcontroller::dispatch_request(Object(Leantime\\Core\\Http\\IncomingRequest))
#48 C:\\laragon\\www\\dentvira\\public\\leantime\\app\\Core\\Http\\HttpKernel.php(173): Leantime\\Core\\Http\\HttpKernel->findAndDispatchToRouter(Object(Leantime\\Core\\Http\\IncomingRequest))
#49 C:\\laragon\\www\\dentvira\\public\\leantime\\vendor\\laravel\\framework\\src\\Illuminate\\Pipeline\\Pipeline.php(170): Leantime\\Core\\Http\\HttpKernel->{closure:{closure:Leantime\\Core\\Http\\HttpKernel::sendRequestThroughRouter():164}:173}(Object(Leantime\\Core\\Http\\IncomingRequest))
#50 C:\\laragon\\www\\dentvira\\public\\leantime\\vendor\\laravel\\framework\\src\\Illuminate\\Pipeline\\Pipeline.php(127): Illuminate\\Pipeline\\Pipeline->{closure:Illuminate\\Pipeline\\Pipeline::prepareDestination():168}(Object(Leantime\\Core\\Http\\IncomingRequest))
#51 C:\\laragon\\www\\dentvira\\public\\leantime\\app\\Core\\Http\\HttpKernel.php(173): Illuminate\\Pipeline\\Pipeline->then(Object(Closure))
#52 C:\\laragon\\www\\dentvira\\public\\leantime\\vendor\\laravel\\framework\\src\\Illuminate\\Pipeline\\Pipeline.php(170): Leantime\\Core\\Http\\HttpKernel->{closure:Leantime\\Core\\Http\\HttpKernel::sendRequestThroughRouter():164}(Object(Leantime\\Core\\Http\\IncomingRequest))
#53 C:\\laragon\\www\\dentvira\\public\\leantime\\app\\Domain\\Projects\\Middleware\\CurrentProject.php(41): Illuminate\\Pipeline\\Pipeline->{closure:Illuminate\\Pipeline\\Pipeline::prepareDestination():168}(Object(Leantime\\Core\\Http\\IncomingRequest))
#54 C:\\laragon\\www\\dentvira\\public\\leantime\\vendor\\laravel\\framework\\src\\Illuminate\\Pipeline\\Pipeline.php(209): Leantime\\Domain\\Projects\\Middleware\\CurrentProject->handle(Object(Leantime\\Core\\Http\\IncomingRequest), Object(Closure))
#55 C:\\laragon\\www\\dentvira\\public\\leantime\\app\\Core\\Middleware\\Localization.php(78): Illuminate\\Pipeline\\Pipeline->{closure:{closure:Illuminate\\Pipeline\\Pipeline::carry():184}:185}(Object(Leantime\\Core\\Http\\IncomingRequest))
#56 C:\\laragon\\www\\dentvira\\public\\leantime\\vendor\\laravel\\framework\\src\\Illuminate\\Pipeline\\Pipeline.php(209): Leantime\\Core\\Middleware\\Localization->handle(Object(Leantime\\Core\\Http\\IncomingRequest), Object(Closure))
#57 C:\\laragon\\www\\dentvira\\public\\leantime\\app\\Core\\Middleware\\SetCacheHeaders.php(49): Illuminate\\Pipeline\\Pipeline->{closure:{closure:Illuminate\\Pipeline\\Pipeline::carry():184}:185}(Object(Leantime\\Core\\Http\\IncomingRequest))
#58 C:\\laragon\\www\\dentvira\\public\\leantime\\vendor\\laravel\\framework\\src\\Illuminate\\Pipeline\\Pipeline.php(209): Leantime\\Core\\Middleware\\SetCacheHeaders->handle(Object(Leantime\\Core\\Http\\IncomingRequest), Object(Closure))
#59 C:\\laragon\\www\\dentvira\\public\\leantime\\vendor\\laravel\\framework\\src\\Illuminate\\Foundation\\Http\\Middleware\\TransformsRequest.php(21): Illuminate\\Pipeline\\Pipeline->{closure:{closure:Illuminate\\Pipeline\\Pipeline::carry():184}:185}(Object(Leantime\\Core\\Http\\IncomingRequest))
#60 C:\\laragon\\www\\dentvira\\public\\leantime\\vendor\\laravel\\framework\\src\\Illuminate\\Foundation\\Http\\Middleware\\ConvertEmptyStringsToNull.php(31): Illuminate\\Foundation\\Http\\Middleware\\TransformsRequest->handle(Object(Leantime\\Core\\Http\\IncomingRequest), Object(Closure))
#61 C:\\laragon\\www\\dentvira\\public\\leantime\\vendor\\laravel\\framework\\src\\Illuminate\\Pipeline\\Pipeline.php(209): Illuminate\\Foundation\\Http\\Middleware\\ConvertEmptyStringsToNull->handle(Object(Leantime\\Core\\Http\\IncomingRequest), Object(Closure))
#62 C:\\laragon\\www\\dentvira\\public\\leantime\\vendor\\laravel\\framework\\src\\Illuminate\\Foundation\\Http\\Middleware\\TransformsRequest.php(21): Illuminate\\Pipeline\\Pipeline->{closure:{closure:Illuminate\\Pipeline\\Pipeline::carry():184}:185}(Object(Leantime\\Core\\Http\\IncomingRequest))
#63 C:\\laragon\\www\\dentvira\\public\\leantime\\vendor\\laravel\\framework\\src\\Illuminate\\Foundation\\Http\\Middleware\\TrimStrings.php(51): Illuminate\\Foundation\\Http\\Middleware\\TransformsRequest->handle(Object(Leantime\\Core\\Http\\IncomingRequest), Object(Closure))
#64 C:\\laragon\\www\\dentvira\\public\\leantime\\vendor\\laravel\\framework\\src\\Illuminate\\Pipeline\\Pipeline.php(209): Illuminate\\Foundation\\Http\\Middleware\\TrimStrings->handle(Object(Leantime\\Core\\Http\\IncomingRequest), Object(Closure))
#65 C:\\laragon\\www\\dentvira\\public\\leantime\\vendor\\laravel\\framework\\src\\Illuminate\\Http\\Middleware\\ValidatePostSize.php(27): Illuminate\\Pipeline\\Pipeline->{closure:{closure:Illuminate\\Pipeline\\Pipeline::carry():184}:185}(Object(Leantime\\Core\\Http\\IncomingRequest))
#66 C:\\laragon\\www\\dentvira\\public\\leantime\\vendor\\laravel\\framework\\src\\Illuminate\\Pipeline\\Pipeline.php(209): Illuminate\\Http\\Middleware\\ValidatePostSize->handle(Object(Leantime\\Core\\Http\\IncomingRequest), Object(Closure))
#67 C:\\laragon\\www\\dentvira\\public\\leantime\\vendor\\laravel\\framework\\src\\Illuminate\\Http\\Middleware\\HandleCors.php(49): Illuminate\\Pipeline\\Pipeline->{closure:{closure:Illuminate\\Pipeline\\Pipeline::carry():184}:185}(Object(Leantime\\Core\\Http\\IncomingRequest))
#68 C:\\laragon\\www\\dentvira\\public\\leantime\\vendor\\laravel\\framework\\src\\Illuminate\\Pipeline\\Pipeline.php(209): Illuminate\\Http\\Middleware\\HandleCors->handle(Object(Leantime\\Core\\Http\\IncomingRequest), Object(Closure))
#69 C:\\laragon\\www\\dentvira\\public\\leantime\\app\\Core\\Middleware\\RequestRateLimiter.php(55): Illuminate\\Pipeline\\Pipeline->{closure:{closure:Illuminate\\Pipeline\\Pipeline::carry():184}:185}(Object(Leantime\\Core\\Http\\IncomingRequest))
#70 C:\\laragon\\www\\dentvira\\public\\leantime\\vendor\\laravel\\framework\\src\\Illuminate\\Pipeline\\Pipeline.php(209): Leantime\\Core\\Middleware\\RequestRateLimiter->handle(Object(Leantime\\Core\\Http\\IncomingRequest), Object(Closure))
#71 C:\\laragon\\www\\dentvira\\public\\leantime\\app\\Core\\Middleware\\AuthenticateSession.php(34): Illuminate\\Pipeline\\Pipeline->{closure:{closure:Illuminate\\Pipeline\\Pipeline::carry():184}:185}(Object(Leantime\\Core\\Http\\IncomingRequest))
#72 C:\\laragon\\www\\dentvira\\public\\leantime\\vendor\\laravel\\framework\\src\\Illuminate\\Pipeline\\Pipeline.php(209): Leantime\\Core\\Middleware\\AuthenticateSession->handle(Object(Leantime\\Core\\Http\\IncomingRequest), Object(Closure))
#73 C:\\laragon\\www\\dentvira\\public\\leantime\\app\\Core\\Middleware\\AuthCheck.php(62): Illuminate\\Pipeline\\Pipeline->{closure:{closure:Illuminate\\Pipeline\\Pipeline::carry():184}:185}(Object(Leantime\\Core\\Http\\IncomingRequest))
#74 C:\\laragon\\www\\dentvira\\public\\leantime\\vendor\\laravel\\framework\\src\\Illuminate\\Pipeline\\Pipeline.php(209): Leantime\\Core\\Middleware\\AuthCheck->handle(Object(Leantime\\Core\\Http\\IncomingRequest), Object(Closure))
#75 C:\\laragon\\www\\dentvira\\public\\leantime\\app\\Core\\Middleware\\InitialHeaders.php(24): Illuminate\\Pipeline\\Pipeline->{closure:{closure:Illuminate\\Pipeline\\Pipeline::carry():184}:185}(Object(Leantime\\Core\\Http\\IncomingRequest))
#76 C:\\laragon\\www\\dentvira\\public\\leantime\\vendor\\laravel\\framework\\src\\Illuminate\\Pipeline\\Pipeline.php(209): Leantime\\Core\\Middleware\\InitialHeaders->handle(Object(Leantime\\Core\\Http\\IncomingRequest), Object(Closure))
#77 C:\\laragon\\www\\dentvira\\public\\leantime\\app\\Core\\Middleware\\LoadPlugins.php(32): Illuminate\\Pipeline\\Pipeline->{closure:{closure:Illuminate\\Pipeline\\Pipeline::carry():184}:185}(Object(Leantime\\Core\\Http\\IncomingRequest))
#78 C:\\laragon\\www\\dentvira\\public\\leantime\\vendor\\laravel\\framework\\src\\Illuminate\\Pipeline\\Pipeline.php(209): Leantime\\Core\\Middleware\\LoadPlugins->handle(Object(Leantime\\Core\\Http\\IncomingRequest), Object(Closure))
#79 C:\\laragon\\www\\dentvira\\public\\leantime\\app\\Core\\Middleware\\Updated.php(67): Illuminate\\Pipeline\\Pipeline->{closure:{closure:Illuminate\\Pipeline\\Pipeline::carry():184}:185}(Object(Leantime\\Core\\Http\\IncomingRequest))
#80 C:\\laragon\\www\\dentvira\\public\\leantime\\vendor\\laravel\\framework\\src\\Illuminate\\Pipeline\\Pipeline.php(209): Leantime\\Core\\Middleware\\Updated->handle(Object(Leantime\\Core\\Http\\IncomingRequest), Object(Closure))
#81 C:\\laragon\\www\\dentvira\\public\\leantime\\app\\Core\\Middleware\\Installed.php(39): Illuminate\\Pipeline\\Pipeline->{closure:{closure:Illuminate\\Pipeline\\Pipeline::carry():184}:185}(Object(Leantime\\Core\\Http\\IncomingRequest))
#82 C:\\laragon\\www\\dentvira\\public\\leantime\\vendor\\laravel\\framework\\src\\Illuminate\\Pipeline\\Pipeline.php(209): Leantime\\Core\\Middleware\\Installed->handle(Object(Leantime\\Core\\Http\\IncomingRequest), Object(Closure))
#83 C:\\laragon\\www\\dentvira\\public\\leantime\\app\\Core\\Middleware\\StartSession.php(134): Illuminate\\Pipeline\\Pipeline->{closure:{closure:Illuminate\\Pipeline\\Pipeline::carry():184}:185}(Object(Leantime\\Core\\Http\\IncomingRequest))
#84 C:\\laragon\\www\\dentvira\\public\\leantime\\app\\Core\\Middleware\\StartSession.php(83): Leantime\\Core\\Middleware\\StartSession->handleOptimisticRequest(Object(Leantime\\Core\\Http\\IncomingRequest), Object(Illuminate\\Session\\Store), Object(Closure))
#85 C:\\laragon\\www\\dentvira\\public\\leantime\\vendor\\laravel\\framework\\src\\Illuminate\\Pipeline\\Pipeline.php(209): Leantime\\Core\\Middleware\\StartSession->handle(Object(Leantime\\Core\\Http\\IncomingRequest), Object(Closure))
#86 C:\\laragon\\www\\dentvira\\public\\leantime\\app\\Core\\Middleware\\TrustProxies.php(65): Illuminate\\Pipeline\\Pipeline->{closure:{closure:Illuminate\\Pipeline\\Pipeline::carry():184}:185}(Object(Leantime\\Core\\Http\\IncomingRequest))
#87 C:\\laragon\\www\\dentvira\\public\\leantime\\vendor\\laravel\\framework\\src\\Illuminate\\Pipeline\\Pipeline.php(209): Leantime\\Core\\Middleware\\TrustProxies->handle(Object(Leantime\\Core\\Http\\IncomingRequest), Object(Closure))
#88 C:\\laragon\\www\\dentvira\\public\\leantime\\vendor\\laravel\\framework\\src\\Illuminate\\Pipeline\\Pipeline.php(127): Illuminate\\Pipeline\\Pipeline->{closure:{closure:Illuminate\\Pipeline\\Pipeline::carry():184}:185}(Object(Leantime\\Core\\Http\\IncomingRequest))
#89 C:\\laragon\\www\\dentvira\\public\\leantime\\app\\Core\\Http\\HttpKernel.php(164): Illuminate\\Pipeline\\Pipeline->then(Object(Closure))
#90 C:\\laragon\\www\\dentvira\\public\\leantime\\app\\Core\\Http\\HttpKernel.php(121): Leantime\\Core\\Http\\HttpKernel->sendRequestThroughRouter(Object(Leantime\\Core\\Http\\IncomingRequest))
#91 C:\\laragon\\www\\dentvira\\public\\leantime\\app\\Core\\Bootloader.php(79): Leantime\\Core\\Http\\HttpKernel->handle(Object(Leantime\\Core\\Http\\IncomingRequest))
#92 C:\\laragon\\www\\dentvira\\public\\leantime\\app\\Core\\Bootloader.php(60): Leantime\\Core\\Bootloader->handleRequest(Object(Leantime\\Core\\Http\\IncomingRequest))
#93 C:\\laragon\\www\\dentvira\\public\\leantime\\public\\index.php(20): Leantime\\Core\\Bootloader->boot(Object(Leantime\\Core\\Application))
#94 {main}
"} 
[2026-10-02 13:50:30] production.ERROR: SQLSTATE[42S02]: Base table or view not found: 1146 Table 'dentvira_leantime.zp_user' doesn't exist (Connection: mysql, SQL: select count(*) as aggregate from `zp_user`) {"exception":"[object] (Illuminate\\Database\\QueryException(code: 42S02): SQLSTATE[42S02]: Base table or view not found: 1146 Table 'dentvira_leantime.zp_user' doesn't exist (Connection: mysql, SQL: select count(*) as aggregate from `zp_user`) at C:\\laragon\\www\\dentvira\\public\\leantime\\vendor\\laravel\\framework\\src\\Illuminate\\Database\\Connection.php:825)
[stacktrace]
#0 C:\\laragon\\www\\dentvira\\public\\leantime\\vendor\\laravel\\framework\\src\\Illuminate\\Database\\Connection.php(779): Illuminate\\Database\\Connection->runQueryCallback('select count(*)...', Array, Object(Closure))
#1 C:\\laragon\\www\\dentvira\\public\\leantime\\vendor\\laravel\\framework\\src\\Illuminate\\Database\\Connection.php(398): Illuminate\\Database\\Connection->run('select count(*)...', Array, Object(Closure))
#2 C:\\laragon\\www\\dentvira\\public\\leantime\\vendor\\laravel\\framework\\src\\Illuminate\\Database\\Query\\Builder.php(3106): Illuminate\\Database\\Connection->select('select count(*)...', Array, true)
#3 C:\\laragon\\www\\dentvira\\public\\leantime\\vendor\\laravel\\framework\\src\\Illuminate\\Database\\Query\\Builder.php(3091): Illuminate\\Database\\Query\\Builder->runSelect()
#4 C:\\laragon\\www\\dentvira\\public\\leantime\\vendor\\laravel\\framework\\src\\Illuminate\\Database\\Query\\Builder.php(3676): Illuminate\\Database\\Query\\Builder->{closure:Illuminate\\Database\\Query\\Builder::get():3090}()
#5 C:\\laragon\\www\\dentvira\\public\\leantime\\vendor\\laravel\\framework\\src\\Illuminate\\Database\\Query\\Builder.php(3090): Illuminate\\Database\\Query\\Builder->onceWithColumns(Array, Object(Closure))
#6 C:\\laragon\\www\\dentvira\\public\\leantime\\vendor\\laravel\\framework\\src\\Illuminate\\Database\\Query\\Builder.php(3603): Illuminate\\Database\\Query\\Builder->get(Array)
#7 C:\\laragon\\www\\dentvira\\public\\leantime\\vendor\\laravel\\framework\\src\\Illuminate\\Database\\Query\\Builder.php(3531): Illuminate\\Database\\Query\\Builder->aggregate('count', Array)
#8 C:\\laragon\\www\\dentvira\\public\\leantime\\app\\Domain\\Setting\\Repositories\\Setting.php(159): Illuminate\\Database\\Query\\Builder->count()
#9 C:\\laragon\\www\\dentvira\\public\\leantime\\app\\Domain\\Setting\\Repositories\\Setting.php(34): Leantime\\Domain\\Setting\\Repositories\\Setting->checkIfInstalled()
#10 C:\\laragon\\www\\dentvira\\public\\leantime\\app\\Core\\UI\\Theme.php(269): Leantime\\Domain\\Setting\\Repositories\\Setting->getSetting('companysettings...')
#11 C:\\laragon\\www\\dentvira\\public\\leantime\\app\\Core\\UI\\Theme.php(1028): Leantime\\Core\\UI\\Theme->getAvailableColorSchemes()
#12 C:\\laragon\\www\\dentvira\\public\\leantime\\app\\Views\\Composers\\Header.php(86): Leantime\\Core\\UI\\Theme->getPrimaryColor()
#13 C:\\laragon\\www\\dentvira\\public\\leantime\\app\\Core\\UI\\Composer.php(62): Leantime\\Views\\Composers\\Header->with()
#14 C:\\laragon\\www\\dentvira\\public\\leantime\\app\\Core\\UI\\Composer.php(52): Leantime\\Core\\UI\\Composer->merge()
#15 C:\\laragon\\www\\dentvira\\public\\leantime\\vendor\\laravel\\framework\\src\\Illuminate\\View\\Concerns\\ManagesEvents.php(124): Leantime\\Core\\UI\\Composer->compose(Object(Illuminate\\View\\View), Array)
#16 C:\\laragon\\www\\dentvira\\public\\leantime\\app\\Core\\Events\\EventDispatcher.php(707): Illuminate\\View\\Factory->{closure:Illuminate\\View\\Concerns\\ManagesEvents::buildClassEventCallback():123}(Object(Illuminate\\View\\View), Array)
#17 C:\\laragon\\www\\dentvira\\public\\leantime\\app\\Core\\Events\\EventDispatcher.php(413): Leantime\\Core\\Events\\EventDispatcher::{closure:Leantime\\Core\\Events\\EventDispatcher::makeListener():702}('composing: glob...', Array)
#18 C:\\laragon\\www\\dentvira\\public\\leantime\\app\\Core\\Events\\EventDispatcher.php(196): Leantime\\Core\\Events\\EventDispatcher::executeHandlers(Array, 'events', 'composing: glob...', Array)
#19 C:\\laragon\\www\\dentvira\\public\\leantime\\app\\Core\\Events\\EventDispatcher.php(131): Leantime\\Core\\Events\\EventDispatcher::dispatch_event('composing: glob...', Array, '')
#20 C:\\laragon\\www\\dentvira\\public\\leantime\\vendor\\laravel\\framework\\src\\Illuminate\\View\\Concerns\\ManagesEvents.php(178): Leantime\\Core\\Events\\EventDispatcher->dispatch('composing: glob...', Array)
#21 C:\\laragon\\www\\dentvira\\public\\leantime\\vendor\\laravel\\framework\\src\\Illuminate\\View\\View.php(190): Illuminate\\View\\Factory->callComposer(Object(Illuminate\\View\\View))
#22 C:\\laragon\\www\\dentvira\\public\\leantime\\vendor\\laravel\\framework\\src\\Illuminate\\View\\View.php(161): Illuminate\\View\\View->renderContents()
#23 C:\\laragon\\www\\dentvira\\public\\leantime\\storage\\framework\\views\\f877dead5805cd1e774aec4dabcf4a1d.php(4): Illuminate\\View\\View->render()
#24 C:\\laragon\\www\\dentvira\\public\\leantime\\vendor\\laravel\\framework\\src\\Illuminate\\Filesystem\\Filesystem.php(123): require('C:\\\\laragon\\\\www\\\\...')
#25 C:\\laragon\\www\\dentvira\\public\\leantime\\vendor\\laravel\\framework\\src\\Illuminate\\Filesystem\\Filesystem.php(124): Illuminate\\Filesystem\\Filesystem::{closure:Illuminate\\Filesystem\\Filesystem::getRequire():120}()
#26 C:\\laragon\\www\\dentvira\\public\\leantime\\vendor\\laravel\\framework\\src\\Illuminate\\View\\Engines\\PhpEngine.php(58): Illuminate\\Filesystem\\Filesystem->getRequire('C:\\\\laragon\\\\www\\\\...', Array)
#27 C:\\laragon\\www\\dentvira\\public\\leantime\\vendor\\laravel\\framework\\src\\Illuminate\\View\\Engines\\CompilerEngine.php(75): Illuminate\\View\\Engines\\PhpEngine->evaluatePath('C:\\\\laragon\\\\www\\\\...', Array)
#28 C:\\laragon\\www\\dentvira\\public\\leantime\\vendor\\laravel\\framework\\src\\Illuminate\\View\\View.php(209): Illuminate\\View\\Engines\\CompilerEngine->get('C:\\\\laragon\\\\www\\\\...', Array)
#29 C:\\laragon\\www\\dentvira\\public\\leantime\\vendor\\laravel\\framework\\src\\Illuminate\\View\\View.php(192): Illuminate\\View\\View->getContents()
#30 C:\\laragon\\www\\dentvira\\public\\leantime\\vendor\\laravel\\framework\\src\\Illuminate\\View\\View.php(161): Illuminate\\View\\View->renderContents()
#31 C:\\laragon\\www\\dentvira\\public\\leantime\\storage\\framework\\views\\1a3a8b64c6c5b3edbb32a652600f7969.php(127): Illuminate\\View\\View->render()
#32 C:\\laragon\\www\\dentvira\\public\\leantime\\vendor\\laravel\\framework\\src\\Illuminate\\Filesystem\\Filesystem.php(123): require('C:\\\\laragon\\\\www\\\\...')
#33 C:\\laragon\\www\\dentvira\\public\\leantime\\vendor\\laravel\\framework\\src\\Illuminate\\Filesystem\\Filesystem.php(124): Illuminate\\Filesystem\\Filesystem::{closure:Illuminate\\Filesystem\\Filesystem::getRequire():120}()
#34 C:\\laragon\\www\\dentvira\\public\\leantime\\vendor\\laravel\\framework\\src\\Illuminate\\View\\Engines\\PhpEngine.php(58): Illuminate\\Filesystem\\Filesystem->getRequire('C:\\\\laragon\\\\www\\\\...', Array)
#35 C:\\laragon\\www\\dentvira\\public\\leantime\\vendor\\laravel\\framework\\src\\Illuminate\\View\\Engines\\CompilerEngine.php(75): Illuminate\\View\\Engines\\PhpEngine->evaluatePath('C:\\\\laragon\\\\www\\\\...', Array)
#36 C:\\laragon\\www\\dentvira\\public\\leantime\\vendor\\laravel\\framework\\src\\Illuminate\\View\\View.php(209): Illuminate\\View\\Engines\\CompilerEngine->get('C:\\\\laragon\\\\www\\\\...', Array)
#37 C:\\laragon\\www\\dentvira\\public\\leantime\\vendor\\laravel\\framework\\src\\Illuminate\\View\\View.php(192): Illuminate\\View\\View->getContents()
#38 C:\\laragon\\www\\dentvira\\public\\leantime\\vendor\\laravel\\framework\\src\\Illuminate\\View\\View.php(161): Illuminate\\View\\View->renderContents()
#39 C:\\laragon\\www\\dentvira\\public\\leantime\\app\\Core\\UI\\Template.php(322): Illuminate\\View\\View->render()
#40 C:\\laragon\\www\\dentvira\\public\\leantime\\app\\Domain\\Install\\Controllers\\Index.php(36): Leantime\\Core\\UI\\Template->display('install.new', 'global::layouts...')
#41 C:\\laragon\\www\\dentvira\\public\\leantime\\app\\Core\\Controller\\Controller.php(73): Leantime\\Domain\\Install\\Controllers\\Index->get(Array)
#42 C:\\laragon\\www\\dentvira\\public\\leantime\\app\\Core\\Controller\\Frontcontroller.php(172): Leantime\\Core\\Controller\\Controller->callAction('get', Array)
#43 C:\\laragon\\www\\dentvira\\public\\leantime\\app\\Core\\Controller\\Frontcontroller.php(65): Leantime\\Core\\Controller\\Frontcontroller->executeAction('Leantime\\\\Domain...', 'get')
#44 C:\\laragon\\www\\dentvira\\public\\leantime\\app\\Core\\Controller\\Frontcontroller.php(75): Leantime\\Core\\Controller\\Frontcontroller->dispatch(Object(Leantime\\Core\\Http\\IncomingRequest))
#45 C:\\laragon\\www\\dentvira\\public\\leantime\\app\\Core\\Http\\HttpKernel.php(216): Leantime\\Core\\Controller\\Frontcontroller::dispatch_request(Object(Leantime\\Core\\Http\\IncomingRequest))
#46 C:\\laragon\\www\\dentvira\\public\\leantime\\app\\Core\\Http\\HttpKernel.php(173): Leantime\\Core\\Http\\HttpKernel->findAndDispatchToRouter(Object(Leantime\\Core\\Http\\IncomingRequest))
#47 C:\\laragon\\www\\dentvira\\public\\leantime\\vendor\\laravel\\framework\\src\\Illuminate\\Pipeline\\Pipeline.php(170): Leantime\\Core\\Http\\HttpKernel->{closure:{closure:Leantime\\Core\\Http\\HttpKernel::sendRequestThroughRouter():164}:173}(Object(Leantime\\Core\\Http\\IncomingRequest))
#48 C:\\laragon\\www\\dentvira\\public\\leantime\\vendor\\laravel\\framework\\src\\Illuminate\\Pipeline\\Pipeline.php(127): Illuminate\\Pipeline\\Pipeline->{closure:Illuminate\\Pipeline\\Pipeline::prepareDestination():168}(Object(Leantime\\Core\\Http\\IncomingRequest))
#49 C:\\laragon\\www\\dentvira\\public\\leantime\\app\\Core\\Http\\HttpKernel.php(173): Illuminate\\Pipeline\\Pipeline->then(Object(Closure))
#50 C:\\laragon\\www\\dentvira\\public\\leantime\\vendor\\laravel\\framework\\src\\Illuminate\\Pipeline\\Pipeline.php(170): Leantime\\Core\\Http\\HttpKernel->{closure:Leantime\\Core\\Http\\HttpKernel::sendRequestThroughRouter():164}(Object(Leantime\\Core\\Http\\IncomingRequest))
#51 C:\\laragon\\www\\dentvira\\public\\leantime\\app\\Domain\\Projects\\Middleware\\CurrentProject.php(41): Illuminate\\Pipeline\\Pipeline->{closure:Illuminate\\Pipeline\\Pipeline::prepareDestination():168}(Object(Leantime\\Core\\Http\\IncomingRequest))
#52 C:\\laragon\\www\\dentvira\\public\\leantime\\vendor\\laravel\\framework\\src\\Illuminate\\Pipeline\\Pipeline.php(209): Leantime\\Domain\\Projects\\Middleware\\CurrentProject->handle(Object(Leantime\\Core\\Http\\IncomingRequest), Object(Closure))
#53 C:\\laragon\\www\\dentvira\\public\\leantime\\app\\Core\\Middleware\\Localization.php(78): Illuminate\\Pipeline\\Pipeline->{closure:{closure:Illuminate\\Pipeline\\Pipeline::carry():184}:185}(Object(Leantime\\Core\\Http\\IncomingRequest))
#54 C:\\laragon\\www\\dentvira\\public\\leantime\\vendor\\laravel\\framework\\src\\Illuminate\\Pipeline\\Pipeline.php(209): Leantime\\Core\\Middleware\\Localization->handle(Object(Leantime\\Core\\Http\\IncomingRequest), Object(Closure))
#55 C:\\laragon\\www\\dentvira\\public\\leantime\\app\\Core\\Middleware\\SetCacheHeaders.php(49): Illuminate\\Pipeline\\Pipeline->{closure:{closure:Illuminate\\Pipeline\\Pipeline::carry():184}:185}(Object(Leantime\\Core\\Http\\IncomingRequest))
#56 C:\\laragon\\www\\dentvira\\public\\leantime\\vendor\\laravel\\framework\\src\\Illuminate\\Pipeline\\Pipeline.php(209): Leantime\\Core\\Middleware\\SetCacheHeaders->handle(Object(Leantime\\Core\\Http\\IncomingRequest), Object(Closure))
#57 C:\\laragon\\www\\dentvira\\public\\leantime\\vendor\\laravel\\framework\\src\\Illuminate\\Foundation\\Http\\Middleware\\TransformsRequest.php(21): Illuminate\\Pipeline\\Pipeline->{closure:{closure:Illuminate\\Pipeline\\Pipeline::carry():184}:185}(Object(Leantime\\Core\\Http\\IncomingRequest))
#58 C:\\laragon\\www\\dentvira\\public\\leantime\\vendor\\laravel\\framework\\src\\Illuminate\\Foundation\\Http\\Middleware\\ConvertEmptyStringsToNull.php(31): Illuminate\\Foundation\\Http\\Middleware\\TransformsRequest->handle(Object(Leantime\\Core\\Http\\IncomingRequest), Object(Closure))
#59 C:\\laragon\\www\\dentvira\\public\\leantime\\vendor\\laravel\\framework\\src\\Illuminate\\Pipeline\\Pipeline.php(209): Illuminate\\Foundation\\Http\\Middleware\\ConvertEmptyStringsToNull->handle(Object(Leantime\\Core\\Http\\IncomingRequest), Object(Closure))
#60 C:\\laragon\\www\\dentvira\\public\\leantime\\vendor\\laravel\\framework\\src\\Illuminate\\Foundation\\Http\\Middleware\\TransformsRequest.php(21): Illuminate\\Pipeline\\Pipeline->{closure:{closure:Illuminate\\Pipeline\\Pipeline::carry():184}:185}(Object(Leantime\\Core\\Http\\IncomingRequest))
#61 C:\\laragon\\www\\dentvira\\public\\leantime\\vendor\\laravel\\framework\\src\\Illuminate\\Foundation\\Http\\Middleware\\TrimStrings.php(51): Illuminate\\Foundation\\Http\\Middleware\\TransformsRequest->handle(Object(Leantime\\Core\\Http\\IncomingRequest), Object(Closure))
#62 C:\\laragon\\www\\dentvira\\public\\leantime\\vendor\\laravel\\framework\\src\\Illuminate\\Pipeline\\Pipeline.php(209): Illuminate\\Foundation\\Http\\Middleware\\TrimStrings->handle(Object(Leantime\\Core\\Http\\IncomingRequest), Object(Closure))
#63 C:\\laragon\\www\\dentvira\\public\\leantime\\vendor\\laravel\\framework\\src\\Illuminate\\Http\\Middleware\\ValidatePostSize.php(27): Illuminate\\Pipeline\\Pipeline->{closure:{closure:Illuminate\\Pipeline\\Pipeline::carry():184}:185}(Object(Leantime\\Core\\Http\\IncomingRequest))
#64 C:\\laragon\\www\\dentvira\\public\\leantime\\vendor\\laravel\\framework\\src\\Illuminate\\Pipeline\\Pipeline.php(209): Illuminate\\Http\\Middleware\\ValidatePostSize->handle(Object(Leantime\\Core\\Http\\IncomingRequest), Object(Closure))
#65 C:\\laragon\\www\\dentvira\\public\\leantime\\vendor\\laravel\\framework\\src\\Illuminate\\Http\\Middleware\\HandleCors.php(49): Illuminate\\Pipeline\\Pipeline->{closure:{closure:Illuminate\\Pipeline\\Pipeline::carry():184}:185}(Object(Leantime\\Core\\Http\\IncomingRequest))
#66 C:\\laragon\\www\\dentvira\\public\\leantime\\vendor\\laravel\\framework\\src\\Illuminate\\Pipeline\\Pipeline.php(209): Illuminate\\Http\\Middleware\\HandleCors->handle(Object(Leantime\\Core\\Http\\IncomingRequest), Object(Closure))
#67 C:\\laragon\\www\\dentvira\\public\\leantime\\app\\Core\\Middleware\\RequestRateLimiter.php(55): Illuminate\\Pipeline\\Pipeline->{closure:{closure:Illuminate\\Pipeline\\Pipeline::carry():184}:185}(Object(Leantime\\Core\\Http\\IncomingRequest))
#68 C:\\laragon\\www\\dentvira\\public\\leantime\\vendor\\laravel\\framework\\src\\Illuminate\\Pipeline\\Pipeline.php(209): Leantime\\Core\\Middleware\\RequestRateLimiter->handle(Object(Leantime\\Core\\Http\\IncomingRequest), Object(Closure))
#69 C:\\laragon\\www\\dentvira\\public\\leantime\\app\\Core\\Middleware\\AuthenticateSession.php(34): Illuminate\\Pipeline\\Pipeline->{closure:{closure:Illuminate\\Pipeline\\Pipeline::carry():184}:185}(Object(Leantime\\Core\\Http\\IncomingRequest))
#70 C:\\laragon\\www\\dentvira\\public\\leantime\\vendor\\laravel\\framework\\src\\Illuminate\\Pipeline\\Pipeline.php(209): Leantime\\Core\\Middleware\\AuthenticateSession->handle(Object(Leantime\\Core\\Http\\IncomingRequest), Object(Closure))
#71 C:\\laragon\\www\\dentvira\\public\\leantime\\app\\Core\\Middleware\\AuthCheck.php(62): Illuminate\\Pipeline\\Pipeline->{closure:{closure:Illuminate\\Pipeline\\Pipeline::carry():184}:185}(Object(Leantime\\Core\\Http\\IncomingRequest))
#72 C:\\laragon\\www\\dentvira\\public\\leantime\\vendor\\laravel\\framework\\src\\Illuminate\\Pipeline\\Pipeline.php(209): Leantime\\Core\\Middleware\\AuthCheck->handle(Object(Leantime\\Core\\Http\\IncomingRequest), Object(Closure))
#73 C:\\laragon\\www\\dentvira\\public\\leantime\\app\\Core\\Middleware\\InitialHeaders.php(24): Illuminate\\Pipeline\\Pipeline->{closure:{closure:Illuminate\\Pipeline\\Pipeline::carry():184}:185}(Object(Leantime\\Core\\Http\\IncomingRequest))
#74 C:\\laragon\\www\\dentvira\\public\\leantime\\vendor\\laravel\\framework\\src\\Illuminate\\Pipeline\\Pipeline.php(209): Leantime\\Core\\Middleware\\InitialHeaders->handle(Object(Leantime\\Core\\Http\\IncomingRequest), Object(Closure))
#75 C:\\laragon\\www\\dentvira\\public\\leantime\\app\\Core\\Middleware\\LoadPlugins.php(32): Illuminate\\Pipeline\\Pipeline->{closure:{closure:Illuminate\\Pipeline\\Pipeline::carry():184}:185}(Object(Leantime\\Core\\Http\\IncomingRequest))
#76 C:\\laragon\\www\\dentvira\\public\\leantime\\vendor\\laravel\\framework\\src\\Illuminate\\Pipeline\\Pipeline.php(209): Leantime\\Core\\Middleware\\LoadPlugins->handle(Object(Leantime\\Core\\Http\\IncomingRequest), Object(Closure))
#77 C:\\laragon\\www\\dentvira\\public\\leantime\\app\\Core\\Middleware\\Updated.php(67): Illuminate\\Pipeline\\Pipeline->{closure:{closure:Illuminate\\Pipeline\\Pipeline::carry():184}:185}(Object(Leantime\\Core\\Http\\IncomingRequest))
#78 C:\\laragon\\www\\dentvira\\public\\leantime\\vendor\\laravel\\framework\\src\\Illuminate\\Pipeline\\Pipeline.php(209): Leantime\\Core\\Middleware\\Updated->handle(Object(Leantime\\Core\\Http\\IncomingRequest), Object(Closure))
#79 C:\\laragon\\www\\dentvira\\public\\leantime\\app\\Core\\Middleware\\Installed.php(39): Illuminate\\Pipeline\\Pipeline->{closure:{closure:Illuminate\\Pipeline\\Pipeline::carry():184}:185}(Object(Leantime\\Core\\Http\\IncomingRequest))
#80 C:\\laragon\\www\\dentvira\\public\\leantime\\vendor\\laravel\\framework\\src\\Illuminate\\Pipeline\\Pipeline.php(209): Leantime\\Core\\Middleware\\Installed->handle(Object(Leantime\\Core\\Http\\IncomingRequest), Object(Closure))
#81 C:\\laragon\\www\\dentvira\\public\\leantime\\app\\Core\\Middleware\\StartSession.php(134): Illuminate\\Pipeline\\Pipeline->{closure:{closure:Illuminate\\Pipeline\\Pipeline::carry():184}:185}(Object(Leantime\\Core\\Http\\IncomingRequest))
#82 C:\\laragon\\www\\dentvira\\public\\leantime\\app\\Core\\Middleware\\StartSession.php(83): Leantime\\Core\\Middleware\\StartSession->handleOptimisticRequest(Object(Leantime\\Core\\Http\\IncomingRequest), Object(Illuminate\\Session\\Store), Object(Closure))
#83 C:\\laragon\\www\\dentvira\\public\\leantime\\vendor\\laravel\\framework\\src\\Illuminate\\Pipeline\\Pipeline.php(209): Leantime\\Core\\Middleware\\StartSession->handle(Object(Leantime\\Core\\Http\\IncomingRequest), Object(Closure))
#84 C:\\laragon\\www\\dentvira\\public\\leantime\\app\\Core\\Middleware\\TrustProxies.php(65): Illuminate\\Pipeline\\Pipeline->{closure:{closure:Illuminate\\Pipeline\\Pipeline::carry():184}:185}(Object(Leantime\\Core\\Http\\IncomingRequest))
#85 C:\\laragon\\www\\dentvira\\public\\leantime\\vendor\\laravel\\framework\\src\\Illuminate\\Pipeline\\Pipeline.php(209): Leantime\\Core\\Middleware\\TrustProxies->handle(Object(Leantime\\Core\\Http\\IncomingRequest), Object(Closure))
#86 C:\\laragon\\www\\dentvira\\public\\leantime\\vendor\\laravel\\framework\\src\\Illuminate\\Pipeline\\Pipeline.php(127): Illuminate\\Pipeline\\Pipeline->{closure:{closure:Illuminate\\Pipeline\\Pipeline::carry():184}:185}(Object(Leantime\\Core\\Http\\IncomingRequest))
#87 C:\\laragon\\www\\dentvira\\public\\leantime\\app\\Core\\Http\\HttpKernel.php(164): Illuminate\\Pipeline\\Pipeline->then(Object(Closure))
#88 C:\\laragon\\www\\dentvira\\public\\leantime\\app\\Core\\Http\\HttpKernel.php(121): Leantime\\Core\\Http\\HttpKernel->sendRequestThroughRouter(Object(Leantime\\Core\\Http\\IncomingRequest))
#89 C:\\laragon\\www\\dentvira\\public\\leantime\\app\\Core\\Bootloader.php(79): Leantime\\Core\\Http\\HttpKernel->handle(Object(Leantime\\Core\\Http\\IncomingRequest))
#90 C:\\laragon\\www\\dentvira\\public\\leantime\\app\\Core\\Bootloader.php(60): Leantime\\Core\\Bootloader->handleRequest(Object(Leantime\\Core\\Http\\IncomingRequest))
#91 C:\\laragon\\www\\dentvira\\public\\leantime\\public\\index.php(20): Leantime\\Core\\Bootloader->boot(Object(Leantime\\Core\\Application))
#92 {main}

[previous exception] [object] (PDOException(code: 42S02): SQLSTATE[42S02]: Base table or view not found: 1146 Table 'dentvira_leantime.zp_user' doesn't exist at C:\\laragon\\www\\dentvira\\public\\leantime\\vendor\\laravel\\framework\\src\\Illuminate\\Database\\Connection.php:412)
[stacktrace]
#0 C:\\laragon\\www\\dentvira\\public\\leantime\\vendor\\laravel\\framework\\src\\Illuminate\\Database\\Connection.php(412): PDOStatement->execute()
#1 C:\\laragon\\www\\dentvira\\public\\leantime\\vendor\\laravel\\framework\\src\\Illuminate\\Database\\Connection.php(812): Illuminate\\Database\\Connection->{closure:Illuminate\\Database\\Connection::select():398}('select count(*)...', Array)
#2 C:\\laragon\\www\\dentvira\\public\\leantime\\vendor\\laravel\\framework\\src\\Illuminate\\Database\\Connection.php(779): Illuminate\\Database\\Connection->runQueryCallback('select count(*)...', Array, Object(Closure))
#3 C:\\laragon\\www\\dentvira\\public\\leantime\\vendor\\laravel\\framework\\src\\Illuminate\\Database\\Connection.php(398): Illuminate\\Database\\Connection->run('select count(*)...', Array, Object(Closure))
#4 C:\\laragon\\www\\dentvira\\public\\leantime\\vendor\\laravel\\framework\\src\\Illuminate\\Database\\Query\\Builder.php(3106): Illuminate\\Database\\Connection->select('select count(*)...', Array, true)
#5 C:\\laragon\\www\\dentvira\\public\\leantime\\vendor\\laravel\\framework\\src\\Illuminate\\Database\\Query\\Builder.php(3091): Illuminate\\Database\\Query\\Builder->runSelect()
#6 C:\\laragon\\www\\dentvira\\public\\leantime\\vendor\\laravel\\framework\\src\\Illuminate\\Database\\Query\\Builder.php(3676): Illuminate\\Database\\Query\\Builder->{closure:Illuminate\\Database\\Query\\Builder::get():3090}()
#7 C:\\laragon\\www\\dentvira\\public\\leantime\\vendor\\laravel\\framework\\src\\Illuminate\\Database\\Query\\Builder.php(3090): Illuminate\\Database\\Query\\Builder->onceWithColumns(Array, Object(Closure))
#8 C:\\laragon\\www\\dentvira\\public\\leantime\\vendor\\laravel\\framework\\src\\Illuminate\\Database\\Query\\Builder.php(3603): Illuminate\\Database\\Query\\Builder->get(Array)
#9 C:\\laragon\\www\\dentvira\\public\\leantime\\vendor\\laravel\\framework\\src\\Illuminate\\Database\\Query\\Builder.php(3531): Illuminate\\Database\\Query\\Builder->aggregate('count', Array)
#10 C:\\laragon\\www\\dentvira\\public\\leantime\\app\\Domain\\Setting\\Repositories\\Setting.php(159): Illuminate\\Database\\Query\\Builder->count()
#11 C:\\laragon\\www\\dentvira\\public\\leantime\\app\\Domain\\Setting\\Repositories\\Setting.php(34): Leantime\\Domain\\Setting\\Repositories\\Setting->checkIfInstalled()
#12 C:\\laragon\\www\\dentvira\\public\\leantime\\app\\Core\\UI\\Theme.php(269): Leantime\\Domain\\Setting\\Repositories\\Setting->getSetting('companysettings...')
#13 C:\\laragon\\www\\dentvira\\public\\leantime\\app\\Core\\UI\\Theme.php(1028): Leantime\\Core\\UI\\Theme->getAvailableColorSchemes()
#14 C:\\laragon\\www\\dentvira\\public\\leantime\\app\\Views\\Composers\\Header.php(86): Leantime\\Core\\UI\\Theme->getPrimaryColor()
#15 C:\\laragon\\www\\dentvira\\public\\leantime\\app\\Core\\UI\\Composer.php(62): Leantime\\Views\\Composers\\Header->with()
#16 C:\\laragon\\www\\dentvira\\public\\leantime\\app\\Core\\UI\\Composer.php(52): Leantime\\Core\\UI\\Composer->merge()
#17 C:\\laragon\\www\\dentvira\\public\\leantime\\vendor\\laravel\\framework\\src\\Illuminate\\View\\Concerns\\ManagesEvents.php(124): Leantime\\Core\\UI\\Composer->compose(Object(Illuminate\\View\\View), Array)
#18 C:\\laragon\\www\\dentvira\\public\\leantime\\app\\Core\\Events\\EventDispatcher.php(707): Illuminate\\View\\Factory->{closure:Illuminate\\View\\Concerns\\ManagesEvents::buildClassEventCallback():123}(Object(Illuminate\\View\\View), Array)
#19 C:\\laragon\\www\\dentvira\\public\\leantime\\app\\Core\\Events\\EventDispatcher.php(413): Leantime\\Core\\Events\\EventDispatcher::{closure:Leantime\\Core\\Events\\EventDispatcher::makeListener():702}('composing: glob...', Array)
#20 C:\\laragon\\www\\dentvira\\public\\leantime\\app\\Core\\Events\\EventDispatcher.php(196): Leantime\\Core\\Events\\EventDispatcher::executeHandlers(Array, 'events', 'composing: glob...', Array)
#21 C:\\laragon\\www\\dentvira\\public\\leantime\\app\\Core\\Events\\EventDispatcher.php(131): Leantime\\Core\\Events\\EventDispatcher::dispatch_event('composing: glob...', Array, '')
#22 C:\\laragon\\www\\dentvira\\public\\leantime\\vendor\\laravel\\framework\\src\\Illuminate\\View\\Concerns\\ManagesEvents.php(178): Leantime\\Core\\Events\\EventDispatcher->dispatch('composing: glob...', Array)
#23 C:\\laragon\\www\\dentvira\\public\\leantime\\vendor\\laravel\\framework\\src\\Illuminate\\View\\View.php(190): Illuminate\\View\\Factory->callComposer(Object(Illuminate\\View\\View))
#24 C:\\laragon\\www\\dentvira\\public\\leantime\\vendor\\laravel\\framework\\src\\Illuminate\\View\\View.php(161): Illuminate\\View\\View->renderContents()
#25 C:\\laragon\\www\\dentvira\\public\\leantime\\storage\\framework\\views\\f877dead5805cd1e774aec4dabcf4a1d.php(4): Illuminate\\View\\View->render()
#26 C:\\laragon\\www\\dentvira\\public\\leantime\\vendor\\laravel\\framework\\src\\Illuminate\\Filesystem\\Filesystem.php(123): require('C:\\\\laragon\\\\www\\\\...')
#27 C:\\laragon\\www\\dentvira\\public\\leantime\\vendor\\laravel\\framework\\src\\Illuminate\\Filesystem\\Filesystem.php(124): Illuminate\\Filesystem\\Filesystem::{closure:Illuminate\\Filesystem\\Filesystem::getRequire():120}()
#28 C:\\laragon\\www\\dentvira\\public\\leantime\\vendor\\laravel\\framework\\src\\Illuminate\\View\\Engines\\PhpEngine.php(58): Illuminate\\Filesystem\\Filesystem->getRequire('C:\\\\laragon\\\\www\\\\...', Array)
#29 C:\\laragon\\www\\dentvira\\public\\leantime\\vendor\\laravel\\framework\\src\\Illuminate\\View\\Engines\\CompilerEngine.php(75): Illuminate\\View\\Engines\\PhpEngine->evaluatePath('C:\\\\laragon\\\\www\\\\...', Array)
#30 C:\\laragon\\www\\dentvira\\public\\leantime\\vendor\\laravel\\framework\\src\\Illuminate\\View\\View.php(209): Illuminate\\View\\Engines\\CompilerEngine->get('C:\\\\laragon\\\\www\\\\...', Array)
#31 C:\\laragon\\www\\dentvira\\public\\leantime\\vendor\\laravel\\framework\\src\\Illuminate\\View\\View.php(192): Illuminate\\View\\View->getContents()
#32 C:\\laragon\\www\\dentvira\\public\\leantime\\vendor\\laravel\\framework\\src\\Illuminate\\View\\View.php(161): Illuminate\\View\\View->renderContents()
#33 C:\\laragon\\www\\dentvira\\public\\leantime\\storage\\framework\\views\\1a3a8b64c6c5b3edbb32a652600f7969.php(127): Illuminate\\View\\View->render()
#34 C:\\laragon\\www\\dentvira\\public\\leantime\\vendor\\laravel\\framework\\src\\Illuminate\\Filesystem\\Filesystem.php(123): require('C:\\\\laragon\\\\www\\\\...')
#35 C:\\laragon\\www\\dentvira\\public\\leantime\\vendor\\laravel\\framework\\src\\Illuminate\\Filesystem\\Filesystem.php(124): Illuminate\\Filesystem\\Filesystem::{closure:Illuminate\\Filesystem\\Filesystem::getRequire():120}()
#36 C:\\laragon\\www\\dentvira\\public\\leantime\\vendor\\laravel\\framework\\src\\Illuminate\\View\\Engines\\PhpEngine.php(58): Illuminate\\Filesystem\\Filesystem->getRequire('C:\\\\laragon\\\\www\\\\...', Array)
#37 C:\\laragon\\www\\dentvira\\public\\leantime\\vendor\\laravel\\framework\\src\\Illuminate\\View\\Engines\\CompilerEngine.php(75): Illuminate\\View\\Engines\\PhpEngine->evaluatePath('C:\\\\laragon\\\\www\\\\...', Array)
#38 C:\\laragon\\www\\dentvira\\public\\leantime\\vendor\\laravel\\framework\\src\\Illuminate\\View\\View.php(209): Illuminate\\View\\Engines\\CompilerEngine->get('C:\\\\laragon\\\\www\\\\...', Array)
#39 C:\\laragon\\www\\dentvira\\public\\leantime\\vendor\\laravel\\framework\\src\\Illuminate\\View\\View.php(192): Illuminate\\View\\View->getContents()
#40 C:\\laragon\\www\\dentvira\\public\\leantime\\vendor\\laravel\\framework\\src\\Illuminate\\View\\View.php(161): Illuminate\\View\\View->renderContents()
#41 C:\\laragon\\www\\dentvira\\public\\leantime\\app\\Core\\UI\\Template.php(322): Illuminate\\View\\View->render()
#42 C:\\laragon\\www\\dentvira\\public\\leantime\\app\\Domain\\Install\\Controllers\\Index.php(36): Leantime\\Core\\UI\\Template->display('install.new', 'global::layouts...')
#43 C:\\laragon\\www\\dentvira\\public\\leantime\\app\\Core\\Controller\\Controller.php(73): Leantime\\Domain\\Install\\Controllers\\Index->get(Array)
#44 C:\\laragon\\www\\dentvira\\public\\leantime\\app\\Core\\Controller\\Frontcontroller.php(172): Leantime\\Core\\Controller\\Controller->callAction('get', Array)
#45 C:\\laragon\\www\\dentvira\\public\\leantime\\app\\Core\\Controller\\Frontcontroller.php(65): Leantime\\Core\\Controller\\Frontcontroller->executeAction('Leantime\\\\Domain...', 'get')
#46 C:\\laragon\\www\\dentvira\\public\\leantime\\app\\Core\\Controller\\Frontcontroller.php(75): Leantime\\Core\\Controller\\Frontcontroller->dispatch(Object(Leantime\\Core\\Http\\IncomingRequest))
#47 C:\\laragon\\www\\dentvira\\public\\leantime\\app\\Core\\Http\\HttpKernel.php(216): Leantime\\Core\\Controller\\Frontcontroller::dispatch_request(Object(Leantime\\Core\\Http\\IncomingRequest))
#48 C:\\laragon\\www\\dentvira\\public\\leantime\\app\\Core\\Http\\HttpKernel.php(173): Leantime\\Core\\Http\\HttpKernel->findAndDispatchToRouter(Object(Leantime\\Core\\Http\\IncomingRequest))
#49 C:\\laragon\\www\\dentvira\\public\\leantime\\vendor\\laravel\\framework\\src\\Illuminate\\Pipeline\\Pipeline.php(170): Leantime\\Core\\Http\\HttpKernel->{closure:{closure:Leantime\\Core\\Http\\HttpKernel::sendRequestThroughRouter():164}:173}(Object(Leantime\\Core\\Http\\IncomingRequest))
#50 C:\\laragon\\www\\dentvira\\public\\leantime\\vendor\\laravel\\framework\\src\\Illuminate\\Pipeline\\Pipeline.php(127): Illuminate\\Pipeline\\Pipeline->{closure:Illuminate\\Pipeline\\Pipeline::prepareDestination():168}(Object(Leantime\\Core\\Http\\IncomingRequest))
#51 C:\\laragon\\www\\dentvira\\public\\leantime\\app\\Core\\Http\\HttpKernel.php(173): Illuminate\\Pipeline\\Pipeline->then(Object(Closure))
#52 C:\\laragon\\www\\dentvira\\public\\leantime\\vendor\\laravel\\framework\\src\\Illuminate\\Pipeline\\Pipeline.php(170): Leantime\\Core\\Http\\HttpKernel->{closure:Leantime\\Core\\Http\\HttpKernel::sendRequestThroughRouter():164}(Object(Leantime\\Core\\Http\\IncomingRequest))
#53 C:\\laragon\\www\\dentvira\\public\\leantime\\app\\Domain\\Projects\\Middleware\\CurrentProject.php(41): Illuminate\\Pipeline\\Pipeline->{closure:Illuminate\\Pipeline\\Pipeline::prepareDestination():168}(Object(Leantime\\Core\\Http\\IncomingRequest))
#54 C:\\laragon\\www\\dentvira\\public\\leantime\\vendor\\laravel\\framework\\src\\Illuminate\\Pipeline\\Pipeline.php(209): Leantime\\Domain\\Projects\\Middleware\\CurrentProject->handle(Object(Leantime\\Core\\Http\\IncomingRequest), Object(Closure))
#55 C:\\laragon\\www\\dentvira\\public\\leantime\\app\\Core\\Middleware\\Localization.php(78): Illuminate\\Pipeline\\Pipeline->{closure:{closure:Illuminate\\Pipeline\\Pipeline::carry():184}:185}(Object(Leantime\\Core\\Http\\IncomingRequest))
#56 C:\\laragon\\www\\dentvira\\public\\leantime\\vendor\\laravel\\framework\\src\\Illuminate\\Pipeline\\Pipeline.php(209): Leantime\\Core\\Middleware\\Localization->handle(Object(Leantime\\Core\\Http\\IncomingRequest), Object(Closure))
#57 C:\\laragon\\www\\dentvira\\public\\leantime\\app\\Core\\Middleware\\SetCacheHeaders.php(49): Illuminate\\Pipeline\\Pipeline->{closure:{closure:Illuminate\\Pipeline\\Pipeline::carry():184}:185}(Object(Leantime\\Core\\Http\\IncomingRequest))
#58 C:\\laragon\\www\\dentvira\\public\\leantime\\vendor\\laravel\\framework\\src\\Illuminate\\Pipeline\\Pipeline.php(209): Leantime\\Core\\Middleware\\SetCacheHeaders->handle(Object(Leantime\\Core\\Http\\IncomingRequest), Object(Closure))
#59 C:\\laragon\\www\\dentvira\\public\\leantime\\vendor\\laravel\\framework\\src\\Illuminate\\Foundation\\Http\\Middleware\\TransformsRequest.php(21): Illuminate\\Pipeline\\Pipeline->{closure:{closure:Illuminate\\Pipeline\\Pipeline::carry():184}:185}(Object(Leantime\\Core\\Http\\IncomingRequest))
#60 C:\\laragon\\www\\dentvira\\public\\leantime\\vendor\\laravel\\framework\\src\\Illuminate\\Foundation\\Http\\Middleware\\ConvertEmptyStringsToNull.php(31): Illuminate\\Foundation\\Http\\Middleware\\TransformsRequest->handle(Object(Leantime\\Core\\Http\\IncomingRequest), Object(Closure))
#61 C:\\laragon\\www\\dentvira\\public\\leantime\\vendor\\laravel\\framework\\src\\Illuminate\\Pipeline\\Pipeline.php(209): Illuminate\\Foundation\\Http\\Middleware\\ConvertEmptyStringsToNull->handle(Object(Leantime\\Core\\Http\\IncomingRequest), Object(Closure))
#62 C:\\laragon\\www\\dentvira\\public\\leantime\\vendor\\laravel\\framework\\src\\Illuminate\\Foundation\\Http\\Middleware\\TransformsRequest.php(21): Illuminate\\Pipeline\\Pipeline->{closure:{closure:Illuminate\\Pipeline\\Pipeline::carry():184}:185}(Object(Leantime\\Core\\Http\\IncomingRequest))
#63 C:\\laragon\\www\\dentvira\\public\\leantime\\vendor\\laravel\\framework\\src\\Illuminate\\Foundation\\Http\\Middleware\\TrimStrings.php(51): Illuminate\\Foundation\\Http\\Middleware\\TransformsRequest->handle(Object(Leantime\\Core\\Http\\IncomingRequest), Object(Closure))
#64 C:\\laragon\\www\\dentvira\\public\\leantime\\vendor\\laravel\\framework\\src\\Illuminate\\Pipeline\\Pipeline.php(209): Illuminate\\Foundation\\Http\\Middleware\\TrimStrings->handle(Object(Leantime\\Core\\Http\\IncomingRequest), Object(Closure))
#65 C:\\laragon\\www\\dentvira\\public\\leantime\\vendor\\laravel\\framework\\src\\Illuminate\\Http\\Middleware\\ValidatePostSize.php(27): Illuminate\\Pipeline\\Pipeline->{closure:{closure:Illuminate\\Pipeline\\Pipeline::carry():184}:185}(Object(Leantime\\Core\\Http\\IncomingRequest))
#66 C:\\laragon\\www\\dentvira\\public\\leantime\\vendor\\laravel\\framework\\src\\Illuminate\\Pipeline\\Pipeline.php(209): Illuminate\\Http\\Middleware\\ValidatePostSize->handle(Object(Leantime\\Core\\Http\\IncomingRequest), Object(Closure))
#67 C:\\laragon\\www\\dentvira\\public\\leantime\\vendor\\laravel\\framework\\src\\Illuminate\\Http\\Middleware\\HandleCors.php(49): Illuminate\\Pipeline\\Pipeline->{closure:{closure:Illuminate\\Pipeline\\Pipeline::carry():184}:185}(Object(Leantime\\Core\\Http\\IncomingRequest))
#68 C:\\laragon\\www\\dentvira\\public\\leantime\\vendor\\laravel\\framework\\src\\Illuminate\\Pipeline\\Pipeline.php(209): Illuminate\\Http\\Middleware\\HandleCors->handle(Object(Leantime\\Core\\Http\\IncomingRequest), Object(Closure))
#69 C:\\laragon\\www\\dentvira\\public\\leantime\\app\\Core\\Middleware\\RequestRateLimiter.php(55): Illuminate\\Pipeline\\Pipeline->{closure:{closure:Illuminate\\Pipeline\\Pipeline::carry():184}:185}(Object(Leantime\\Core\\Http\\IncomingRequest))
#70 C:\\laragon\\www\\dentvira\\public\\leantime\\vendor\\laravel\\framework\\src\\Illuminate\\Pipeline\\Pipeline.php(209): Leantime\\Core\\Middleware\\RequestRateLimiter->handle(Object(Leantime\\Core\\Http\\IncomingRequest), Object(Closure))
#71 C:\\laragon\\www\\dentvira\\public\\leantime\\app\\Core\\Middleware\\AuthenticateSession.php(34): Illuminate\\Pipeline\\Pipeline->{closure:{closure:Illuminate\\Pipeline\\Pipeline::carry():184}:185}(Object(Leantime\\Core\\Http\\IncomingRequest))
#72 C:\\laragon\\www\\dentvira\\public\\leantime\\vendor\\laravel\\framework\\src\\Illuminate\\Pipeline\\Pipeline.php(209): Leantime\\Core\\Middleware\\AuthenticateSession->handle(Object(Leantime\\Core\\Http\\IncomingRequest), Object(Closure))
#73 C:\\laragon\\www\\dentvira\\public\\leantime\\app\\Core\\Middleware\\AuthCheck.php(62): Illuminate\\Pipeline\\Pipeline->{closure:{closure:Illuminate\\Pipeline\\Pipeline::carry():184}:185}(Object(Leantime\\Core\\Http\\IncomingRequest))
#74 C:\\laragon\\www\\dentvira\\public\\leantime\\vendor\\laravel\\framework\\src\\Illuminate\\Pipeline\\Pipeline.php(209): Leantime\\Core\\Middleware\\AuthCheck->handle(Object(Leantime\\Core\\Http\\IncomingRequest), Object(Closure))
#75 C:\\laragon\\www\\dentvira\\public\\leantime\\app\\Core\\Middleware\\InitialHeaders.php(24): Illuminate\\Pipeline\\Pipeline->{closure:{closure:Illuminate\\Pipeline\\Pipeline::carry():184}:185}(Object(Leantime\\Core\\Http\\IncomingRequest))
#76 C:\\laragon\\www\\dentvira\\public\\leantime\\vendor\\laravel\\framework\\src\\Illuminate\\Pipeline\\Pipeline.php(209): Leantime\\Core\\Middleware\\InitialHeaders->handle(Object(Leantime\\Core\\Http\\IncomingRequest), Object(Closure))
#77 C:\\laragon\\www\\dentvira\\public\\leantime\\app\\Core\\Middleware\\LoadPlugins.php(32): Illuminate\\Pipeline\\Pipeline->{closure:{closure:Illuminate\\Pipeline\\Pipeline::carry():184}:185}(Object(Leantime\\Core\\Http\\IncomingRequest))
#78 C:\\laragon\\www\\dentvira\\public\\leantime\\vendor\\laravel\\framework\\src\\Illuminate\\Pipeline\\Pipeline.php(209): Leantime\\Core\\Middleware\\LoadPlugins->handle(Object(Leantime\\Core\\Http\\IncomingRequest), Object(Closure))
#79 C:\\laragon\\www\\dentvira\\public\\leantime\\app\\Core\\Middleware\\Updated.php(67): Illuminate\\Pipeline\\Pipeline->{closure:{closure:Illuminate\\Pipeline\\Pipeline::carry():184}:185}(Object(Leantime\\Core\\Http\\IncomingRequest))
#80 C:\\laragon\\www\\dentvira\\public\\leantime\\vendor\\laravel\\framework\\src\\Illuminate\\Pipeline\\Pipeline.php(209): Leantime\\Core\\Middleware\\Updated->handle(Object(Leantime\\Core\\Http\\IncomingRequest), Object(Closure))
#81 C:\\laragon\\www\\dentvira\\public\\leantime\\app\\Core\\Middleware\\Installed.php(39): Illuminate\\Pipeline\\Pipeline->{closure:{closure:Illuminate\\Pipeline\\Pipeline::carry():184}:185}(Object(Leantime\\Core\\Http\\IncomingRequest))
#82 C:\\laragon\\www\\dentvira\\public\\leantime\\vendor\\laravel\\framework\\src\\Illuminate\\Pipeline\\Pipeline.php(209): Leantime\\Core\\Middleware\\Installed->handle(Object(Leantime\\Core\\Http\\IncomingRequest), Object(Closure))
#83 C:\\laragon\\www\\dentvira\\public\\leantime\\app\\Core\\Middleware\\StartSession.php(134): Illuminate\\Pipeline\\Pipeline->{closure:{closure:Illuminate\\Pipeline\\Pipeline::carry():184}:185}(Object(Leantime\\Core\\Http\\IncomingRequest))
#84 C:\\laragon\\www\\dentvira\\public\\leantime\\app\\Core\\Middleware\\StartSession.php(83): Leantime\\Core\\Middleware\\StartSession->handleOptimisticRequest(Object(Leantime\\Core\\Http\\IncomingRequest), Object(Illuminate\\Session\\Store), Object(Closure))
#85 C:\\laragon\\www\\dentvira\\public\\leantime\\vendor\\laravel\\framework\\src\\Illuminate\\Pipeline\\Pipeline.php(209): Leantime\\Core\\Middleware\\StartSession->handle(Object(Leantime\\Core\\Http\\IncomingRequest), Object(Closure))
#86 C:\\laragon\\www\\dentvira\\public\\leantime\\app\\Core\\Middleware\\TrustProxies.php(65): Illuminate\\Pipeline\\Pipeline->{closure:{closure:Illuminate\\Pipeline\\Pipeline::carry():184}:185}(Object(Leantime\\Core\\Http\\IncomingRequest))
#87 C:\\laragon\\www\\dentvira\\public\\leantime\\vendor\\laravel\\framework\\src\\Illuminate\\Pipeline\\Pipeline.php(209): Leantime\\Core\\Middleware\\TrustProxies->handle(Object(Leantime\\Core\\Http\\IncomingRequest), Object(Closure))
#88 C:\\laragon\\www\\dentvira\\public\\leantime\\vendor\\laravel\\framework\\src\\Illuminate\\Pipeline\\Pipeline.php(127): Illuminate\\Pipeline\\Pipeline->{closure:{closure:Illuminate\\Pipeline\\Pipeline::carry():184}:185}(Object(Leantime\\Core\\Http\\IncomingRequest))
#89 C:\\laragon\\www\\dentvira\\public\\leantime\\app\\Core\\Http\\HttpKernel.php(164): Illuminate\\Pipeline\\Pipeline->then(Object(Closure))
#90 C:\\laragon\\www\\dentvira\\public\\leantime\\app\\Core\\Http\\HttpKernel.php(121): Leantime\\Core\\Http\\HttpKernel->sendRequestThroughRouter(Object(Leantime\\Core\\Http\\IncomingRequest))
#91 C:\\laragon\\www\\dentvira\\public\\leantime\\app\\Core\\Bootloader.php(79): Leantime\\Core\\Http\\HttpKernel->handle(Object(Leantime\\Core\\Http\\IncomingRequest))
#92 C:\\laragon\\www\\dentvira\\public\\leantime\\app\\Core\\Bootloader.php(60): Leantime\\Core\\Bootloader->handleRequest(Object(Leantime\\Core\\Http\\IncomingRequest))
#93 C:\\laragon\\www\\dentvira\\public\\leantime\\public\\index.php(20): Leantime\\Core\\Bootloader->boot(Object(Leantime\\Core\\Application))
#94 {main}
"} 
[2026-10-02 13:50:30] production.ERROR: SQLSTATE[42S02]: Base table or view not found: 1146 Table 'dentvira_leantime.zp_user' doesn't exist (Connection: mysql, SQL: select count(*) as aggregate from `zp_user`) {"exception":"[object] (Illuminate\\Database\\QueryException(code: 42S02): SQLSTATE[42S02]: Base table or view not found: 1146 Table 'dentvira_leantime.zp_user' doesn't exist (Connection: mysql, SQL: select count(*) as aggregate from `zp_user`) at C:\\laragon\\www\\dentvira\\public\\leantime\\vendor\\laravel\\framework\\src\\Illuminate\\Database\\Connection.php:825)
[stacktrace]
#0 C:\\laragon\\www\\dentvira\\public\\leantime\\vendor\\laravel\\framework\\src\\Illuminate\\Database\\Connection.php(779): Illuminate\\Database\\Connection->runQueryCallback('select count(*)...', Array, Object(Closure))
#1 C:\\laragon\\www\\dentvira\\public\\leantime\\vendor\\laravel\\framework\\src\\Illuminate\\Database\\Connection.php(398): Illuminate\\Database\\Connection->run('select count(*)...', Array, Object(Closure))
#2 C:\\laragon\\www\\dentvira\\public\\leantime\\vendor\\laravel\\framework\\src\\Illuminate\\Database\\Query\\Builder.php(3106): Illuminate\\Database\\Connection->select('select count(*)...', Array, true)
#3 C:\\laragon\\www\\dentvira\\public\\leantime\\vendor\\laravel\\framework\\src\\Illuminate\\Database\\Query\\Builder.php(3091): Illuminate\\Database\\Query\\Builder->runSelect()
#4 C:\\laragon\\www\\dentvira\\public\\leantime\\vendor\\laravel\\framework\\src\\Illuminate\\Database\\Query\\Builder.php(3676): Illuminate\\Database\\Query\\Builder->{closure:Illuminate\\Database\\Query\\Builder::get():3090}()
#5 C:\\laragon\\www\\dentvira\\public\\leantime\\vendor\\laravel\\framework\\src\\Illuminate\\Database\\Query\\Builder.php(3090): Illuminate\\Database\\Query\\Builder->onceWithColumns(Array, Object(Closure))
#6 C:\\laragon\\www\\dentvira\\public\\leantime\\vendor\\laravel\\framework\\src\\Illuminate\\Database\\Query\\Builder.php(3603): Illuminate\\Database\\Query\\Builder->get(Array)
#7 C:\\laragon\\www\\dentvira\\public\\leantime\\vendor\\laravel\\framework\\src\\Illuminate\\Database\\Query\\Builder.php(3531): Illuminate\\Database\\Query\\Builder->aggregate('count', Array)
#8 C:\\laragon\\www\\dentvira\\public\\leantime\\app\\Domain\\Setting\\Repositories\\Setting.php(159): Illuminate\\Database\\Query\\Builder->count()
#9 C:\\laragon\\www\\dentvira\\public\\leantime\\app\\Domain\\Setting\\Repositories\\Setting.php(34): Leantime\\Domain\\Setting\\Repositories\\Setting->checkIfInstalled()
#10 C:\\laragon\\www\\dentvira\\public\\leantime\\app\\Core\\UI\\Theme.php(268): Leantime\\Domain\\Setting\\Repositories\\Setting->getSetting('companysettings...')
#11 C:\\laragon\\www\\dentvira\\public\\leantime\\app\\Core\\UI\\Theme.php(1060): Leantime\\Core\\UI\\Theme->getAvailableColorSchemes()
#12 C:\\laragon\\www\\dentvira\\public\\leantime\\app\\Views\\Composers\\Header.php(87): Leantime\\Core\\UI\\Theme->getSecondaryColor()
#13 C:\\laragon\\www\\dentvira\\public\\leantime\\app\\Core\\UI\\Composer.php(62): Leantime\\Views\\Composers\\Header->with()
#14 C:\\laragon\\www\\dentvira\\public\\leantime\\app\\Core\\UI\\Composer.php(52): Leantime\\Core\\UI\\Composer->merge()
#15 C:\\laragon\\www\\dentvira\\public\\leantime\\vendor\\laravel\\framework\\src\\Illuminate\\View\\Concerns\\ManagesEvents.php(124): Leantime\\Core\\UI\\Composer->compose(Object(Illuminate\\View\\View), Array)
#16 C:\\laragon\\www\\dentvira\\public\\leantime\\app\\Core\\Events\\EventDispatcher.php(707): Illuminate\\View\\Factory->{closure:Illuminate\\View\\Concerns\\ManagesEvents::buildClassEventCallback():123}(Object(Illuminate\\View\\View), Array)
#17 C:\\laragon\\www\\dentvira\\public\\leantime\\app\\Core\\Events\\EventDispatcher.php(413): Leantime\\Core\\Events\\EventDispatcher::{closure:Leantime\\Core\\Events\\EventDispatcher::makeListener():702}('composing: glob...', Array)
#18 C:\\laragon\\www\\dentvira\\public\\leantime\\app\\Core\\Events\\EventDispatcher.php(196): Leantime\\Core\\Events\\EventDispatcher::executeHandlers(Array, 'events', 'composing: glob...', Array)
#19 C:\\laragon\\www\\dentvira\\public\\leantime\\app\\Core\\Events\\EventDispatcher.php(131): Leantime\\Core\\Events\\EventDispatcher::dispatch_event('composing: glob...', Array, '')
#20 C:\\laragon\\www\\dentvira\\public\\leantime\\vendor\\laravel\\framework\\src\\Illuminate\\View\\Concerns\\ManagesEvents.php(178): Leantime\\Core\\Events\\EventDispatcher->dispatch('composing: glob...', Array)
#21 C:\\laragon\\www\\dentvira\\public\\leantime\\vendor\\laravel\\framework\\src\\Illuminate\\View\\View.php(190): Illuminate\\View\\Factory->callComposer(Object(Illuminate\\View\\View))
#22 C:\\laragon\\www\\dentvira\\public\\leantime\\vendor\\laravel\\framework\\src\\Illuminate\\View\\View.php(161): Illuminate\\View\\View->renderContents()
#23 C:\\laragon\\www\\dentvira\\public\\leantime\\storage\\framework\\views\\f877dead5805cd1e774aec4dabcf4a1d.php(4): Illuminate\\View\\View->render()
#24 C:\\laragon\\www\\dentvira\\public\\leantime\\vendor\\laravel\\framework\\src\\Illuminate\\Filesystem\\Filesystem.php(123): require('C:\\\\laragon\\\\www\\\\...')
#25 C:\\laragon\\www\\dentvira\\public\\leantime\\vendor\\laravel\\framework\\src\\Illuminate\\Filesystem\\Filesystem.php(124): Illuminate\\Filesystem\\Filesystem::{closure:Illuminate\\Filesystem\\Filesystem::getRequire():120}()
#26 C:\\laragon\\www\\dentvira\\public\\leantime\\vendor\\laravel\\framework\\src\\Illuminate\\View\\Engines\\PhpEngine.php(58): Illuminate\\Filesystem\\Filesystem->getRequire('C:\\\\laragon\\\\www\\\\...', Array)
#27 C:\\laragon\\www\\dentvira\\public\\leantime\\vendor\\laravel\\framework\\src\\Illuminate\\View\\Engines\\CompilerEngine.php(75): Illuminate\\View\\Engines\\PhpEngine->evaluatePath('C:\\\\laragon\\\\www\\\\...', Array)
#28 C:\\laragon\\www\\dentvira\\public\\leantime\\vendor\\laravel\\framework\\src\\Illuminate\\View\\View.php(209): Illuminate\\View\\Engines\\CompilerEngine->get('C:\\\\laragon\\\\www\\\\...', Array)
#29 C:\\laragon\\www\\dentvira\\public\\leantime\\vendor\\laravel\\framework\\src\\Illuminate\\View\\View.php(192): Illuminate\\View\\View->getContents()
#30 C:\\laragon\\www\\dentvira\\public\\leantime\\vendor\\laravel\\framework\\src\\Illuminate\\View\\View.php(161): Illuminate\\View\\View->renderContents()
#31 C:\\laragon\\www\\dentvira\\public\\leantime\\storage\\framework\\views\\1a3a8b64c6c5b3edbb32a652600f7969.php(127): Illuminate\\View\\View->render()
#32 C:\\laragon\\www\\dentvira\\public\\leantime\\vendor\\laravel\\framework\\src\\Illuminate\\Filesystem\\Filesystem.php(123): require('C:\\\\laragon\\\\www\\\\...')
#33 C:\\laragon\\www\\dentvira\\public\\leantime\\vendor\\laravel\\framework\\src\\Illuminate\\Filesystem\\Filesystem.php(124): Illuminate\\Filesystem\\Filesystem::{closure:Illuminate\\Filesystem\\Filesystem::getRequire():120}()
#34 C:\\laragon\\www\\dentvira\\public\\leantime\\vendor\\laravel\\framework\\src\\Illuminate\\View\\Engines\\PhpEngine.php(58): Illuminate\\Filesystem\\Filesystem->getRequire('C:\\\\laragon\\\\www\\\\...', Array)
#35 C:\\laragon\\www\\dentvira\\public\\leantime\\vendor\\laravel\\framework\\src\\Illuminate\\View\\Engines\\CompilerEngine.php(75): Illuminate\\View\\Engines\\PhpEngine->evaluatePath('C:\\\\laragon\\\\www\\\\...', Array)
#36 C:\\laragon\\www\\dentvira\\public\\leantime\\vendor\\laravel\\framework\\src\\Illuminate\\View\\View.php(209): Illuminate\\View\\Engines\\CompilerEngine->get('C:\\\\laragon\\\\www\\\\...', Array)
#37 C:\\laragon\\www\\dentvira\\public\\leantime\\vendor\\laravel\\framework\\src\\Illuminate\\View\\View.php(192): Illuminate\\View\\View->getContents()
#38 C:\\laragon\\www\\dentvira\\public\\leantime\\vendor\\laravel\\framework\\src\\Illuminate\\View\\View.php(161): Illuminate\\View\\View->renderContents()
#39 C:\\laragon\\www\\dentvira\\public\\leantime\\app\\Core\\UI\\Template.php(322): Illuminate\\View\\View->render()
#40 C:\\laragon\\www\\dentvira\\public\\leantime\\app\\Domain\\Install\\Controllers\\Index.php(36): Leantime\\Core\\UI\\Template->display('install.new', 'global::layouts...')
#41 C:\\laragon\\www\\dentvira\\public\\leantime\\app\\Core\\Controller\\Controller.php(73): Leantime\\Domain\\Install\\Controllers\\Index->get(Array)
#42 C:\\laragon\\www\\dentvira\\public\\leantime\\app\\Core\\Controller\\Frontcontroller.php(172): Leantime\\Core\\Controller\\Controller->callAction('get', Array)
#43 C:\\laragon\\www\\dentvira\\public\\leantime\\app\\Core\\Controller\\Frontcontroller.php(65): Leantime\\Core\\Controller\\Frontcontroller->executeAction('Leantime\\\\Domain...', 'get')
#44 C:\\laragon\\www\\dentvira\\public\\leantime\\app\\Core\\Controller\\Frontcontroller.php(75): Leantime\\Core\\Controller\\Frontcontroller->dispatch(Object(Leantime\\Core\\Http\\IncomingRequest))
#45 C:\\laragon\\www\\dentvira\\public\\leantime\\app\\Core\\Http\\HttpKernel.php(216): Leantime\\Core\\Controller\\Frontcontroller::dispatch_request(Object(Leantime\\Core\\Http\\IncomingRequest))
#46 C:\\laragon\\www\\dentvira\\public\\leantime\\app\\Core\\Http\\HttpKernel.php(173): Leantime\\Core\\Http\\HttpKernel->findAndDispatchToRouter(Object(Leantime\\Core\\Http\\IncomingRequest))
#47 C:\\laragon\\www\\dentvira\\public\\leantime\\vendor\\laravel\\framework\\src\\Illuminate\\Pipeline\\Pipeline.php(170): Leantime\\Core\\Http\\HttpKernel->{closure:{closure:Leantime\\Core\\Http\\HttpKernel::sendRequestThroughRouter():164}:173}(Object(Leantime\\Core\\Http\\IncomingRequest))
#48 C:\\laragon\\www\\dentvira\\public\\leantime\\vendor\\laravel\\framework\\src\\Illuminate\\Pipeline\\Pipeline.php(127): Illuminate\\Pipeline\\Pipeline->{closure:Illuminate\\Pipeline\\Pipeline::prepareDestination():168}(Object(Leantime\\Core\\Http\\IncomingRequest))
#49 C:\\laragon\\www\\dentvira\\public\\leantime\\app\\Core\\Http\\HttpKernel.php(173): Illuminate\\Pipeline\\Pipeline->then(Object(Closure))
#50 C:\\laragon\\www\\dentvira\\public\\leantime\\vendor\\laravel\\framework\\src\\Illuminate\\Pipeline\\Pipeline.php(170): Leantime\\Core\\Http\\HttpKernel->{closure:Leantime\\Core\\Http\\HttpKernel::sendRequestThroughRouter():164}(Object(Leantime\\Core\\Http\\IncomingRequest))
#51 C:\\laragon\\www\\dentvira\\public\\leantime\\app\\Domain\\Projects\\Middleware\\CurrentProject.php(41): Illuminate\\Pipeline\\Pipeline->{closure:Illuminate\\Pipeline\\Pipeline::prepareDestination():168}(Object(Leantime\\Core\\Http\\IncomingRequest))
#52 C:\\laragon\\www\\dentvira\\public\\leantime\\vendor\\laravel\\framework\\src\\Illuminate\\Pipeline\\Pipeline.php(209): Leantime\\Domain\\Projects\\Middleware\\CurrentProject->handle(Object(Leantime\\Core\\Http\\IncomingRequest), Object(Closure))
#53 C:\\laragon\\www\\dentvira\\public\\leantime\\app\\Core\\Middleware\\Localization.php(78): Illuminate\\Pipeline\\Pipeline->{closure:{closure:Illuminate\\Pipeline\\Pipeline::carry():184}:185}(Object(Leantime\\Core\\Http\\IncomingRequest))
#54 C:\\laragon\\www\\dentvira\\public\\leantime\\vendor\\laravel\\framework\\src\\Illuminate\\Pipeline\\Pipeline.php(209): Leantime\\Core\\Middleware\\Localization->handle(Object(Leantime\\Core\\Http\\IncomingRequest), Object(Closure))
#55 C:\\laragon\\www\\dentvira\\public\\leantime\\app\\Core\\Middleware\\SetCacheHeaders.php(49): Illuminate\\Pipeline\\Pipeline->{closure:{closure:Illuminate\\Pipeline\\Pipeline::carry():184}:185}(Object(Leantime\\Core\\Http\\IncomingRequest))
#56 C:\\laragon\\www\\dentvira\\public\\leantime\\vendor\\laravel\\framework\\src\\Illuminate\\Pipeline\\Pipeline.php(209): Leantime\\Core\\Middleware\\SetCacheHeaders->handle(Object(Leantime\\Core\\Http\\IncomingRequest), Object(Closure))
#57 C:\\laragon\\www\\dentvira\\public\\leantime\\vendor\\laravel\\framework\\src\\Illuminate\\Foundation\\Http\\Middleware\\TransformsRequest.php(21): Illuminate\\Pipeline\\Pipeline->{closure:{closure:Illuminate\\Pipeline\\Pipeline::carry():184}:185}(Object(Leantime\\Core\\Http\\IncomingRequest))
#58 C:\\laragon\\www\\dentvira\\public\\leantime\\vendor\\laravel\\framework\\src\\Illuminate\\Foundation\\Http\\Middleware\\ConvertEmptyStringsToNull.php(31): Illuminate\\Foundation\\Http\\Middleware\\TransformsRequest->handle(Object(Leantime\\Core\\Http\\IncomingRequest), Object(Closure))
#59 C:\\laragon\\www\\dentvira\\public\\leantime\\vendor\\laravel\\framework\\src\\Illuminate\\Pipeline\\Pipeline.php(209): Illuminate\\Foundation\\Http\\Middleware\\ConvertEmptyStringsToNull->handle(Object(Leantime\\Core\\Http\\IncomingRequest), Object(Closure))
#60 C:\\laragon\\www\\dentvira\\public\\leantime\\vendor\\laravel\\framework\\src\\Illuminate\\Foundation\\Http\\Middleware\\TransformsRequest.php(21): Illuminate\\Pipeline\\Pipeline->{closure:{closure:Illuminate\\Pipeline\\Pipeline::carry():184}:185}(Object(Leantime\\Core\\Http\\IncomingRequest))
#61 C:\\laragon\\www\\dentvira\\public\\leantime\\vendor\\laravel\\framework\\src\\Illuminate\\Foundation\\Http\\Middleware\\TrimStrings.php(51): Illuminate\\Foundation\\Http\\Middleware\\TransformsRequest->handle(Object(Leantime\\Core\\Http\\IncomingRequest), Object(Closure))
#62 C:\\laragon\\www\\dentvira\\public\\leantime\\vendor\\laravel\\framework\\src\\Illuminate\\Pipeline\\Pipeline.php(209): Illuminate\\Foundation\\Http\\Middleware\\TrimStrings->handle(Object(Leantime\\Core\\Http\\IncomingRequest), Object(Closure))
#63 C:\\laragon\\www\\dentvira\\public\\leantime\\vendor\\laravel\\framework\\src\\Illuminate\\Http\\Middleware\\ValidatePostSize.php(27): Illuminate\\Pipeline\\Pipeline->{closure:{closure:Illuminate\\Pipeline\\Pipeline::carry():184}:185}(Object(Leantime\\Core\\Http\\IncomingRequest))
#64 C:\\laragon\\www\\dentvira\\public\\leantime\\vendor\\laravel\\framework\\src\\Illuminate\\Pipeline\\Pipeline.php(209): Illuminate\\Http\\Middleware\\ValidatePostSize->handle(Object(Leantime\\Core\\Http\\IncomingRequest), Object(Closure))
#65 C:\\laragon\\www\\dentvira\\public\\leantime\\vendor\\laravel\\framework\\src\\Illuminate\\Http\\Middleware\\HandleCors.php(49): Illuminate\\Pipeline\\Pipeline->{closure:{closure:Illuminate\\Pipeline\\Pipeline::carry():184}:185}(Object(Leantime\\Core\\Http\\IncomingRequest))
#66 C:\\laragon\\www\\dentvira\\public\\leantime\\vendor\\laravel\\framework\\src\\Illuminate\\Pipeline\\Pipeline.php(209): Illuminate\\Http\\Middleware\\HandleCors->handle(Object(Leantime\\Core\\Http\\IncomingRequest), Object(Closure))
#67 C:\\laragon\\www\\dentvira\\public\\leantime\\app\\Core\\Middleware\\RequestRateLimiter.php(55): Illuminate\\Pipeline\\Pipeline->{closure:{closure:Illuminate\\Pipeline\\Pipeline::carry():184}:185}(Object(Leantime\\Core\\Http\\IncomingRequest))
#68 C:\\laragon\\www\\dentvira\\public\\leantime\\vendor\\laravel\\framework\\src\\Illuminate\\Pipeline\\Pipeline.php(209): Leantime\\Core\\Middleware\\RequestRateLimiter->handle(Object(Leantime\\Core\\Http\\IncomingRequest), Object(Closure))
#69 C:\\laragon\\www\\dentvira\\public\\leantime\\app\\Core\\Middleware\\AuthenticateSession.php(34): Illuminate\\Pipeline\\Pipeline->{closure:{closure:Illuminate\\Pipeline\\Pipeline::carry():184}:185}(Object(Leantime\\Core\\Http\\IncomingRequest))
#70 C:\\laragon\\www\\dentvira\\public\\leantime\\vendor\\laravel\\framework\\src\\Illuminate\\Pipeline\\Pipeline.php(209): Leantime\\Core\\Middleware\\AuthenticateSession->handle(Object(Leantime\\Core\\Http\\IncomingRequest), Object(Closure))
#71 C:\\laragon\\www\\dentvira\\public\\leantime\\app\\Core\\Middleware\\AuthCheck.php(62): Illuminate\\Pipeline\\Pipeline->{closure:{closure:Illuminate\\Pipeline\\Pipeline::carry():184}:185}(Object(Leantime\\Core\\Http\\IncomingRequest))
#72 C:\\laragon\\www\\dentvira\\public\\leantime\\vendor\\laravel\\framework\\src\\Illuminate\\Pipeline\\Pipeline.php(209): Leantime\\Core\\Middleware\\AuthCheck->handle(Object(Leantime\\Core\\Http\\IncomingRequest), Object(Closure))
#73 C:\\laragon\\www\\dentvira\\public\\leantime\\app\\Core\\Middleware\\InitialHeaders.php(24): Illuminate\\Pipeline\\Pipeline->{closure:{closure:Illuminate\\Pipeline\\Pipeline::carry():184}:185}(Object(Leantime\\Core\\Http\\IncomingRequest))
#74 C:\\laragon\\www\\dentvira\\public\\leantime\\vendor\\laravel\\framework\\src\\Illuminate\\Pipeline\\Pipeline.php(209): Leantime\\Core\\Middleware\\InitialHeaders->handle(Object(Leantime\\Core\\Http\\IncomingRequest), Object(Closure))
#75 C:\\laragon\\www\\dentvira\\public\\leantime\\app\\Core\\Middleware\\LoadPlugins.php(32): Illuminate\\Pipeline\\Pipeline->{closure:{closure:Illuminate\\Pipeline\\Pipeline::carry():184}:185}(Object(Leantime\\Core\\Http\\IncomingRequest))
#76 C:\\laragon\\www\\dentvira\\public\\leantime\\vendor\\laravel\\framework\\src\\Illuminate\\Pipeline\\Pipeline.php(209): Leantime\\Core\\Middleware\\LoadPlugins->handle(Object(Leantime\\Core\\Http\\IncomingRequest), Object(Closure))
#77 C:\\laragon\\www\\dentvira\\public\\leantime\\app\\Core\\Middleware\\Updated.php(67): Illuminate\\Pipeline\\Pipeline->{closure:{closure:Illuminate\\Pipeline\\Pipeline::carry():184}:185}(Object(Leantime\\Core\\Http\\IncomingRequest))
#78 C:\\laragon\\www\\dentvira\\public\\leantime\\vendor\\laravel\\framework\\src\\Illuminate\\Pipeline\\Pipeline.php(209): Leantime\\Core\\Middleware\\Updated->handle(Object(Leantime\\Core\\Http\\IncomingRequest), Object(Closure))
#79 C:\\laragon\\www\\dentvira\\public\\leantime\\app\\Core\\Middleware\\Installed.php(39): Illuminate\\Pipeline\\Pipeline->{closure:{closure:Illuminate\\Pipeline\\Pipeline::carry():184}:185}(Object(Leantime\\Core\\Http\\IncomingRequest))
#80 C:\\laragon\\www\\dentvira\\public\\leantime\\vendor\\laravel\\framework\\src\\Illuminate\\Pipeline\\Pipeline.php(209): Leantime\\Core\\Middleware\\Installed->handle(Object(Leantime\\Core\\Http\\IncomingRequest), Object(Closure))
#81 C:\\laragon\\www\\dentvira\\public\\leantime\\app\\Core\\Middleware\\StartSession.php(134): Illuminate\\Pipeline\\Pipeline->{closure:{closure:Illuminate\\Pipeline\\Pipeline::carry():184}:185}(Object(Leantime\\Core\\Http\\IncomingRequest))
#82 C:\\laragon\\www\\dentvira\\public\\leantime\\app\\Core\\Middleware\\StartSession.php(83): Leantime\\Core\\Middleware\\StartSession->handleOptimisticRequest(Object(Leantime\\Core\\Http\\IncomingRequest), Object(Illuminate\\Session\\Store), Object(Closure))
#83 C:\\laragon\\www\\dentvira\\public\\leantime\\vendor\\laravel\\framework\\src\\Illuminate\\Pipeline\\Pipeline.php(209): Leantime\\Core\\Middleware\\StartSession->handle(Object(Leantime\\Core\\Http\\IncomingRequest), Object(Closure))
#84 C:\\laragon\\www\\dentvira\\public\\leantime\\app\\Core\\Middleware\\TrustProxies.php(65): Illuminate\\Pipeline\\Pipeline->{closure:{closure:Illuminate\\Pipeline\\Pipeline::carry():184}:185}(Object(Leantime\\Core\\Http\\IncomingRequest))
#85 C:\\laragon\\www\\dentvira\\public\\leantime\\vendor\\laravel\\framework\\src\\Illuminate\\Pipeline\\Pipeline.php(209): Leantime\\Core\\Middleware\\TrustProxies->handle(Object(Leantime\\Core\\Http\\IncomingRequest), Object(Closure))
#86 C:\\laragon\\www\\dentvira\\public\\leantime\\vendor\\laravel\\framework\\src\\Illuminate\\Pipeline\\Pipeline.php(127): Illuminate\\Pipeline\\Pipeline->{closure:{closure:Illuminate\\Pipeline\\Pipeline::carry():184}:185}(Object(Leantime\\Core\\Http\\IncomingRequest))
#87 C:\\laragon\\www\\dentvira\\public\\leantime\\app\\Core\\Http\\HttpKernel.php(164): Illuminate\\Pipeline\\Pipeline->then(Object(Closure))
#88 C:\\laragon\\www\\dentvira\\public\\leantime\\app\\Core\\Http\\HttpKernel.php(121): Leantime\\Core\\Http\\HttpKernel->sendRequestThroughRouter(Object(Leantime\\Core\\Http\\IncomingRequest))
#89 C:\\laragon\\www\\dentvira\\public\\leantime\\app\\Core\\Bootloader.php(79): Leantime\\Core\\Http\\HttpKernel->handle(Object(Leantime\\Core\\Http\\IncomingRequest))
#90 C:\\laragon\\www\\dentvira\\public\\leantime\\app\\Core\\Bootloader.php(60): Leantime\\Core\\Bootloader->handleRequest(Object(Leantime\\Core\\Http\\IncomingRequest))
#91 C:\\laragon\\www\\dentvira\\public\\leantime\\public\\index.php(20): Leantime\\Core\\Bootloader->boot(Object(Leantime\\Core\\Application))
#92 {main}

[previous exception] [object] (PDOException(code: 42S02): SQLSTATE[42S02]: Base table or view not found: 1146 Table 'dentvira_leantime.zp_user' doesn't exist at C:\\laragon\\www\\dentvira\\public\\leantime\\vendor\\laravel\\framework\\src\\Illuminate\\Database\\Connection.php:412)
[stacktrace]
#0 C:\\laragon\\www\\dentvira\\public\\leantime\\vendor\\laravel\\framework\\src\\Illuminate\\Database\\Connection.php(412): PDOStatement->execute()
#1 C:\\laragon\\www\\dentvira\\public\\leantime\\vendor\\laravel\\framework\\src\\Illuminate\\Database\\Connection.php(812): Illuminate\\Database\\Connection->{closure:Illuminate\\Database\\Connection::select():398}('select count(*)...', Array)
#2 C:\\laragon\\www\\dentvira\\public\\leantime\\vendor\\laravel\\framework\\src\\Illuminate\\Database\\Connection.php(779): Illuminate\\Database\\Connection->runQueryCallback('select count(*)...', Array, Object(Closure))
#3 C:\\laragon\\www\\dentvira\\public\\leantime\\vendor\\laravel\\framework\\src\\Illuminate\\Database\\Connection.php(398): Illuminate\\Database\\Connection->run('select count(*)...', Array, Object(Closure))
#4 C:\\laragon\\www\\dentvira\\public\\leantime\\vendor\\laravel\\framework\\src\\Illuminate\\Database\\Query\\Builder.php(3106): Illuminate\\Database\\Connection->select('select count(*)...', Array, true)
#5 C:\\laragon\\www\\dentvira\\public\\leantime\\vendor\\laravel\\framework\\src\\Illuminate\\Database\\Query\\Builder.php(3091): Illuminate\\Database\\Query\\Builder->runSelect()
#6 C:\\laragon\\www\\dentvira\\public\\leantime\\vendor\\laravel\\framework\\src\\Illuminate\\Database\\Query\\Builder.php(3676): Illuminate\\Database\\Query\\Builder->{closure:Illuminate\\Database\\Query\\Builder::get():3090}()
#7 C:\\laragon\\www\\dentvira\\public\\leantime\\vendor\\laravel\\framework\\src\\Illuminate\\Database\\Query\\Builder.php(3090): Illuminate\\Database\\Query\\Builder->onceWithColumns(Array, Object(Closure))
#8 C:\\laragon\\www\\dentvira\\public\\leantime\\vendor\\laravel\\framework\\src\\Illuminate\\Database\\Query\\Builder.php(3603): Illuminate\\Database\\Query\\Builder->get(Array)
#9 C:\\laragon\\www\\dentvira\\public\\leantime\\vendor\\laravel\\framework\\src\\Illuminate\\Database\\Query\\Builder.php(3531): Illuminate\\Database\\Query\\Builder->aggregate('count', Array)
#10 C:\\laragon\\www\\dentvira\\public\\leantime\\app\\Domain\\Setting\\Repositories\\Setting.php(159): Illuminate\\Database\\Query\\Builder->count()
#11 C:\\laragon\\www\\dentvira\\public\\leantime\\app\\Domain\\Setting\\Repositories\\Setting.php(34): Leantime\\Domain\\Setting\\Repositories\\Setting->checkIfInstalled()
#12 C:\\laragon\\www\\dentvira\\public\\leantime\\app\\Core\\UI\\Theme.php(268): Leantime\\Domain\\Setting\\Repositories\\Setting->getSetting('companysettings...')
#13 C:\\laragon\\www\\dentvira\\public\\leantime\\app\\Core\\UI\\Theme.php(1060): Leantime\\Core\\UI\\Theme->getAvailableColorSchemes()
#14 C:\\laragon\\www\\dentvira\\public\\leantime\\app\\Views\\Composers\\Header.php(87): Leantime\\Core\\UI\\Theme->getSecondaryColor()
#15 C:\\laragon\\www\\dentvira\\public\\leantime\\app\\Core\\UI\\Composer.php(62): Leantime\\Views\\Composers\\Header->with()
#16 C:\\laragon\\www\\dentvira\\public\\leantime\\app\\Core\\UI\\Composer.php(52): Leantime\\Core\\UI\\Composer->merge()
#17 C:\\laragon\\www\\dentvira\\public\\leantime\\vendor\\laravel\\framework\\src\\Illuminate\\View\\Concerns\\ManagesEvents.php(124): Leantime\\Core\\UI\\Composer->compose(Object(Illuminate\\View\\View), Array)
#18 C:\\laragon\\www\\dentvira\\public\\leantime\\app\\Core\\Events\\EventDispatcher.php(707): Illuminate\\View\\Factory->{closure:Illuminate\\View\\Concerns\\ManagesEvents::buildClassEventCallback():123}(Object(Illuminate\\View\\View), Array)
#19 C:\\laragon\\www\\dentvira\\public\\leantime\\app\\Core\\Events\\EventDispatcher.php(413): Leantime\\Core\\Events\\EventDispatcher::{closure:Leantime\\Core\\Events\\EventDispatcher::makeListener():702}('composing: glob...', Array)
#20 C:\\laragon\\www\\dentvira\\public\\leantime\\app\\Core\\Events\\EventDispatcher.php(196): Leantime\\Core\\Events\\EventDispatcher::executeHandlers(Array, 'events', 'composing: glob...', Array)
#21 C:\\laragon\\www\\dentvira\\public\\leantime\\app\\Core\\Events\\EventDispatcher.php(131): Leantime\\Core\\Events\\EventDispatcher::dispatch_event('composing: glob...', Array, '')
#22 C:\\laragon\\www\\dentvira\\public\\leantime\\vendor\\laravel\\framework\\src\\Illuminate\\View\\Concerns\\ManagesEvents.php(178): Leantime\\Core\\Events\\EventDispatcher->dispatch('composing: glob...', Array)
#23 C:\\laragon\\www\\dentvira\\public\\leantime\\vendor\\laravel\\framework\\src\\Illuminate\\View\\View.php(190): Illuminate\\View\\Factory->callComposer(Object(Illuminate\\View\\View))
#24 C:\\laragon\\www\\dentvira\\public\\leantime\\vendor\\laravel\\framework\\src\\Illuminate\\View\\View.php(161): Illuminate\\View\\View->renderContents()
#25 C:\\laragon\\www\\dentvira\\public\\leantime\\storage\\framework\\views\\f877dead5805cd1e774aec4dabcf4a1d.php(4): Illuminate\\View\\View->render()
#26 C:\\laragon\\www\\dentvira\\public\\leantime\\vendor\\laravel\\framework\\src\\Illuminate\\Filesystem\\Filesystem.php(123): require('C:\\\\laragon\\\\www\\\\...')
#27 C:\\laragon\\www\\dentvira\\public\\leantime\\vendor\\laravel\\framework\\src\\Illuminate\\Filesystem\\Filesystem.php(124): Illuminate\\Filesystem\\Filesystem::{closure:Illuminate\\Filesystem\\Filesystem::getRequire():120}()
#28 C:\\laragon\\www\\dentvira\\public\\leantime\\vendor\\laravel\\framework\\src\\Illuminate\\View\\Engines\\PhpEngine.php(58): Illuminate\\Filesystem\\Filesystem->getRequire('C:\\\\laragon\\\\www\\\\...', Array)
#29 C:\\laragon\\www\\dentvira\\public\\leantime\\vendor\\laravel\\framework\\src\\Illuminate\\View\\Engines\\CompilerEngine.php(75): Illuminate\\View\\Engines\\PhpEngine->evaluatePath('C:\\\\laragon\\\\www\\\\...', Array)
#30 C:\\laragon\\www\\dentvira\\public\\leantime\\vendor\\laravel\\framework\\src\\Illuminate\\View\\View.php(209): Illuminate\\View\\Engines\\CompilerEngine->get('C:\\\\laragon\\\\www\\\\...', Array)
#31 C:\\laragon\\www\\dentvira\\public\\leantime\\vendor\\laravel\\framework\\src\\Illuminate\\View\\View.php(192): Illuminate\\View\\View->getContents()
#32 C:\\laragon\\www\\dentvira\\public\\leantime\\vendor\\laravel\\framework\\src\\Illuminate\\View\\View.php(161): Illuminate\\View\\View->renderContents()
#33 C:\\laragon\\www\\dentvira\\public\\leantime\\storage\\framework\\views\\1a3a8b64c6c5b3edbb32a652600f7969.php(127): Illuminate\\View\\View->render()
#34 C:\\laragon\\www\\dentvira\\public\\leantime\\vendor\\laravel\\framework\\src\\Illuminate\\Filesystem\\Filesystem.php(123): require('C:\\\\laragon\\\\www\\\\...')
#35 C:\\laragon\\www\\dentvira\\public\\leantime\\vendor\\laravel\\framework\\src\\Illuminate\\Filesystem\\Filesystem.php(124): Illuminate\\Filesystem\\Filesystem::{closure:Illuminate\\Filesystem\\Filesystem::getRequire():120}()
#36 C:\\laragon\\www\\dentvira\\public\\leantime\\vendor\\laravel\\framework\\src\\Illuminate\\View\\Engines\\PhpEngine.php(58): Illuminate\\Filesystem\\Filesystem->getRequire('C:\\\\laragon\\\\www\\\\...', Array)
#37 C:\\laragon\\www\\dentvira\\public\\leantime\\vendor\\laravel\\framework\\src\\Illuminate\\View\\Engines\\CompilerEngine.php(75): Illuminate\\View\\Engines\\PhpEngine->evaluatePath('C:\\\\laragon\\\\www\\\\...', Array)
#38 C:\\laragon\\www\\dentvira\\public\\leantime\\vendor\\laravel\\framework\\src\\Illuminate\\View\\View.php(209): Illuminate\\View\\Engines\\CompilerEngine->get('C:\\\\laragon\\\\www\\\\...', Array)
#39 C:\\laragon\\www\\dentvira\\public\\leantime\\vendor\\laravel\\framework\\src\\Illuminate\\View\\View.php(192): Illuminate\\View\\View->getContents()
#40 C:\\laragon\\www\\dentvira\\public\\leantime\\vendor\\laravel\\framework\\src\\Illuminate\\View\\View.php(161): Illuminate\\View\\View->renderContents()
#41 C:\\laragon\\www\\dentvira\\public\\leantime\\app\\Core\\UI\\Template.php(322): Illuminate\\View\\View->render()
#42 C:\\laragon\\www\\dentvira\\public\\leantime\\app\\Domain\\Install\\Controllers\\Index.php(36): Leantime\\Core\\UI\\Template->display('install.new', 'global::layouts...')
#43 C:\\laragon\\www\\dentvira\\public\\leantime\\app\\Core\\Controller\\Controller.php(73): Leantime\\Domain\\Install\\Controllers\\Index->get(Array)
#44 C:\\laragon\\www\\dentvira\\public\\leantime\\app\\Core\\Controller\\Frontcontroller.php(172): Leantime\\Core\\Controller\\Controller->callAction('get', Array)
#45 C:\\laragon\\www\\dentvira\\public\\leantime\\app\\Core\\Controller\\Frontcontroller.php(65): Leantime\\Core\\Controller\\Frontcontroller->executeAction('Leantime\\\\Domain...', 'get')
#46 C:\\laragon\\www\\dentvira\\public\\leantime\\app\\Core\\Controller\\Frontcontroller.php(75): Leantime\\Core\\Controller\\Frontcontroller->dispatch(Object(Leantime\\Core\\Http\\IncomingRequest))
#47 C:\\laragon\\www\\dentvira\\public\\leantime\\app\\Core\\Http\\HttpKernel.php(216): Leantime\\Core\\Controller\\Frontcontroller::dispatch_request(Object(Leantime\\Core\\Http\\IncomingRequest))
#48 C:\\laragon\\www\\dentvira\\public\\leantime\\app\\Core\\Http\\HttpKernel.php(173): Leantime\\Core\\Http\\HttpKernel->findAndDispatchToRouter(Object(Leantime\\Core\\Http\\IncomingRequest))
#49 C:\\laragon\\www\\dentvira\\public\\leantime\\vendor\\laravel\\framework\\src\\Illuminate\\Pipeline\\Pipeline.php(170): Leantime\\Core\\Http\\HttpKernel->{closure:{closure:Leantime\\Core\\Http\\HttpKernel::sendRequestThroughRouter():164}:173}(Object(Leantime\\Core\\Http\\IncomingRequest))
#50 C:\\laragon\\www\\dentvira\\public\\leantime\\vendor\\laravel\\framework\\src\\Illuminate\\Pipeline\\Pipeline.php(127): Illuminate\\Pipeline\\Pipeline->{closure:Illuminate\\Pipeline\\Pipeline::prepareDestination():168}(Object(Leantime\\Core\\Http\\IncomingRequest))
#51 C:\\laragon\\www\\dentvira\\public\\leantime\\app\\Core\\Http\\HttpKernel.php(173): Illuminate\\Pipeline\\Pipeline->then(Object(Closure))
#52 C:\\laragon\\www\\dentvira\\public\\leantime\\vendor\\laravel\\framework\\src\\Illuminate\\Pipeline\\Pipeline.php(170): Leantime\\Core\\Http\\HttpKernel->{closure:Leantime\\Core\\Http\\HttpKernel::sendRequestThroughRouter():164}(Object(Leantime\\Core\\Http\\IncomingRequest))
#53 C:\\laragon\\www\\dentvira\\public\\leantime\\app\\Domain\\Projects\\Middleware\\CurrentProject.php(41): Illuminate\\Pipeline\\Pipeline->{closure:Illuminate\\Pipeline\\Pipeline::prepareDestination():168}(Object(Leantime\\Core\\Http\\IncomingRequest))
#54 C:\\laragon\\www\\dentvira\\public\\leantime\\vendor\\laravel\\framework\\src\\Illuminate\\Pipeline\\Pipeline.php(209): Leantime\\Domain\\Projects\\Middleware\\CurrentProject->handle(Object(Leantime\\Core\\Http\\IncomingRequest), Object(Closure))
#55 C:\\laragon\\www\\dentvira\\public\\leantime\\app\\Core\\Middleware\\Localization.php(78): Illuminate\\Pipeline\\Pipeline->{closure:{closure:Illuminate\\Pipeline\\Pipeline::carry():184}:185}(Object(Leantime\\Core\\Http\\IncomingRequest))
#56 C:\\laragon\\www\\dentvira\\public\\leantime\\vendor\\laravel\\framework\\src\\Illuminate\\Pipeline\\Pipeline.php(209): Leantime\\Core\\Middleware\\Localization->handle(Object(Leantime\\Core\\Http\\IncomingRequest), Object(Closure))
#57 C:\\laragon\\www\\dentvira\\public\\leantime\\app\\Core\\Middleware\\SetCacheHeaders.php(49): Illuminate\\Pipeline\\Pipeline->{closure:{closure:Illuminate\\Pipeline\\Pipeline::carry():184}:185}(Object(Leantime\\Core\\Http\\IncomingRequest))
#58 C:\\laragon\\www\\dentvira\\public\\leantime\\vendor\\laravel\\framework\\src\\Illuminate\\Pipeline\\Pipeline.php(209): Leantime\\Core\\Middleware\\SetCacheHeaders->handle(Object(Leantime\\Core\\Http\\IncomingRequest), Object(Closure))
#59 C:\\laragon\\www\\dentvira\\public\\leantime\\vendor\\laravel\\framework\\src\\Illuminate\\Foundation\\Http\\Middleware\\TransformsRequest.php(21): Illuminate\\Pipeline\\Pipeline->{closure:{closure:Illuminate\\Pipeline\\Pipeline::carry():184}:185}(Object(Leantime\\Core\\Http\\IncomingRequest))
#60 C:\\laragon\\www\\dentvira\\public\\leantime\\vendor\\laravel\\framework\\src\\Illuminate\\Foundation\\Http\\Middleware\\ConvertEmptyStringsToNull.php(31): Illuminate\\Foundation\\Http\\Middleware\\TransformsRequest->handle(Object(Leantime\\Core\\Http\\IncomingRequest), Object(Closure))
#61 C:\\laragon\\www\\dentvira\\public\\leantime\\vendor\\laravel\\framework\\src\\Illuminate\\Pipeline\\Pipeline.php(209): Illuminate\\Foundation\\Http\\Middleware\\ConvertEmptyStringsToNull->handle(Object(Leantime\\Core\\Http\\IncomingRequest), Object(Closure))
#62 C:\\laragon\\www\\dentvira\\public\\leantime\\vendor\\laravel\\framework\\src\\Illuminate\\Foundation\\Http\\Middleware\\TransformsRequest.php(21): Illuminate\\Pipeline\\Pipeline->{closure:{closure:Illuminate\\Pipeline\\Pipeline::carry():184}:185}(Object(Leantime\\Core\\Http\\IncomingRequest))
#63 C:\\laragon\\www\\dentvira\\public\\leantime\\vendor\\laravel\\framework\\src\\Illuminate\\Foundation\\Http\\Middleware\\TrimStrings.php(51): Illuminate\\Foundation\\Http\\Middleware\\TransformsRequest->handle(Object(Leantime\\Core\\Http\\IncomingRequest), Object(Closure))
#64 C:\\laragon\\www\\dentvira\\public\\leantime\\vendor\\laravel\\framework\\src\\Illuminate\\Pipeline\\Pipeline.php(209): Illuminate\\Foundation\\Http\\Middleware\\TrimStrings->handle(Object(Leantime\\Core\\Http\\IncomingRequest), Object(Closure))
#65 C:\\laragon\\www\\dentvira\\public\\leantime\\vendor\\laravel\\framework\\src\\Illuminate\\Http\\Middleware\\ValidatePostSize.php(27): Illuminate\\Pipeline\\Pipeline->{closure:{closure:Illuminate\\Pipeline\\Pipeline::carry():184}:185}(Object(Leantime\\Core\\Http\\IncomingRequest))
#66 C:\\laragon\\www\\dentvira\\public\\leantime\\vendor\\laravel\\framework\\src\\Illuminate\\Pipeline\\Pipeline.php(209): Illuminate\\Http\\Middleware\\ValidatePostSize->handle(Object(Leantime\\Core\\Http\\IncomingRequest), Object(Closure))
#67 C:\\laragon\\www\\dentvira\\public\\leantime\\vendor\\laravel\\framework\\src\\Illuminate\\Http\\Middleware\\HandleCors.php(49): Illuminate\\Pipeline\\Pipeline->{closure:{closure:Illuminate\\Pipeline\\Pipeline::carry():184}:185}(Object(Leantime\\Core\\Http\\IncomingRequest))
#68 C:\\laragon\\www\\dentvira\\public\\leantime\\vendor\\laravel\\framework\\src\\Illuminate\\Pipeline\\Pipeline.php(209): Illuminate\\Http\\Middleware\\HandleCors->handle(Object(Leantime\\Core\\Http\\IncomingRequest), Object(Closure))
#69 C:\\laragon\\www\\dentvira\\public\\leantime\\app\\Core\\Middleware\\RequestRateLimiter.php(55): Illuminate\\Pipeline\\Pipeline->{closure:{closure:Illuminate\\Pipeline\\Pipeline::carry():184}:185}(Object(Leantime\\Core\\Http\\IncomingRequest))
#70 C:\\laragon\\www\\dentvira\\public\\leantime\\vendor\\laravel\\framework\\src\\Illuminate\\Pipeline\\Pipeline.php(209): Leantime\\Core\\Middleware\\RequestRateLimiter->handle(Object(Leantime\\Core\\Http\\IncomingRequest), Object(Closure))
#71 C:\\laragon\\www\\dentvira\\public\\leantime\\app\\Core\\Middleware\\AuthenticateSession.php(34): Illuminate\\Pipeline\\Pipeline->{closure:{closure:Illuminate\\Pipeline\\Pipeline::carry():184}:185}(Object(Leantime\\Core\\Http\\IncomingRequest))
#72 C:\\laragon\\www\\dentvira\\public\\leantime\\vendor\\laravel\\framework\\src\\Illuminate\\Pipeline\\Pipeline.php(209): Leantime\\Core\\Middleware\\AuthenticateSession->handle(Object(Leantime\\Core\\Http\\IncomingRequest), Object(Closure))
#73 C:\\laragon\\www\\dentvira\\public\\leantime\\app\\Core\\Middleware\\AuthCheck.php(62): Illuminate\\Pipeline\\Pipeline->{closure:{closure:Illuminate\\Pipeline\\Pipeline::carry():184}:185}(Object(Leantime\\Core\\Http\\IncomingRequest))
#74 C:\\laragon\\www\\dentvira\\public\\leantime\\vendor\\laravel\\framework\\src\\Illuminate\\Pipeline\\Pipeline.php(209): Leantime\\Core\\Middleware\\AuthCheck->handle(Object(Leantime\\Core\\Http\\IncomingRequest), Object(Closure))
#75 C:\\laragon\\www\\dentvira\\public\\leantime\\app\\Core\\Middleware\\InitialHeaders.php(24): Illuminate\\Pipeline\\Pipeline->{closure:{closure:Illuminate\\Pipeline\\Pipeline::carry():184}:185}(Object(Leantime\\Core\\Http\\IncomingRequest))
#76 C:\\laragon\\www\\dentvira\\public\\leantime\\vendor\\laravel\\framework\\src\\Illuminate\\Pipeline\\Pipeline.php(209): Leantime\\Core\\Middleware\\InitialHeaders->handle(Object(Leantime\\Core\\Http\\IncomingRequest), Object(Closure))
#77 C:\\laragon\\www\\dentvira\\public\\leantime\\app\\Core\\Middleware\\LoadPlugins.php(32): Illuminate\\Pipeline\\Pipeline->{closure:{closure:Illuminate\\Pipeline\\Pipeline::carry():184}:185}(Object(Leantime\\Core\\Http\\IncomingRequest))
#78 C:\\laragon\\www\\dentvira\\public\\leantime\\vendor\\laravel\\framework\\src\\Illuminate\\Pipeline\\Pipeline.php(209): Leantime\\Core\\Middleware\\LoadPlugins->handle(Object(Leantime\\Core\\Http\\IncomingRequest), Object(Closure))
#79 C:\\laragon\\www\\dentvira\\public\\leantime\\app\\Core\\Middleware\\Updated.php(67): Illuminate\\Pipeline\\Pipeline->{closure:{closure:Illuminate\\Pipeline\\Pipeline::carry():184}:185}(Object(Leantime\\Core\\Http\\IncomingRequest))
#80 C:\\laragon\\www\\dentvira\\public\\leantime\\vendor\\laravel\\framework\\src\\Illuminate\\Pipeline\\Pipeline.php(209): Leantime\\Core\\Middleware\\Updated->handle(Object(Leantime\\Core\\Http\\IncomingRequest), Object(Closure))
#81 C:\\laragon\\www\\dentvira\\public\\leantime\\app\\Core\\Middleware\\Installed.php(39): Illuminate\\Pipeline\\Pipeline->{closure:{closure:Illuminate\\Pipeline\\Pipeline::carry():184}:185}(Object(Leantime\\Core\\Http\\IncomingRequest))
#82 C:\\laragon\\www\\dentvira\\public\\leantime\\vendor\\laravel\\framework\\src\\Illuminate\\Pipeline\\Pipeline.php(209): Leantime\\Core\\Middleware\\Installed->handle(Object(Leantime\\Core\\Http\\IncomingRequest), Object(Closure))
#83 C:\\laragon\\www\\dentvira\\public\\leantime\\app\\Core\\Middleware\\StartSession.php(134): Illuminate\\Pipeline\\Pipeline->{closure:{closure:Illuminate\\Pipeline\\Pipeline::carry():184}:185}(Object(Leantime\\Core\\Http\\IncomingRequest))
#84 C:\\laragon\\www\\dentvira\\public\\leantime\\app\\Core\\Middleware\\StartSession.php(83): Leantime\\Core\\Middleware\\StartSession->handleOptimisticRequest(Object(Leantime\\Core\\Http\\IncomingRequest), Object(Illuminate\\Session\\Store), Object(Closure))
#85 C:\\laragon\\www\\dentvira\\public\\leantime\\vendor\\laravel\\framework\\src\\Illuminate\\Pipeline\\Pipeline.php(209): Leantime\\Core\\Middleware\\StartSession->handle(Object(Leantime\\Core\\Http\\IncomingRequest), Object(Closure))
#86 C:\\laragon\\www\\dentvira\\public\\leantime\\app\\Core\\Middleware\\TrustProxies.php(65): Illuminate\\Pipeline\\Pipeline->{closure:{closure:Illuminate\\Pipeline\\Pipeline::carry():184}:185}(Object(Leantime\\Core\\Http\\IncomingRequest))
#87 C:\\laragon\\www\\dentvira\\public\\leantime\\vendor\\laravel\\framework\\src\\Illuminate\\Pipeline\\Pipeline.php(209): Leantime\\Core\\Middleware\\TrustProxies->handle(Object(Leantime\\Core\\Http\\IncomingRequest), Object(Closure))
#88 C:\\laragon\\www\\dentvira\\public\\leantime\\vendor\\laravel\\framework\\src\\Illuminate\\Pipeline\\Pipeline.php(127): Illuminate\\Pipeline\\Pipeline->{closure:{closure:Illuminate\\Pipeline\\Pipeline::carry():184}:185}(Object(Leantime\\Core\\Http\\IncomingRequest))
#89 C:\\laragon\\www\\dentvira\\public\\leantime\\app\\Core\\Http\\HttpKernel.php(164): Illuminate\\Pipeline\\Pipeline->then(Object(Closure))
#90 C:\\laragon\\www\\dentvira\\public\\leantime\\app\\Core\\Http\\HttpKernel.php(121): Leantime\\Core\\Http\\HttpKernel->sendRequestThroughRouter(Object(Leantime\\Core\\Http\\IncomingRequest))
#91 C:\\laragon\\www\\dentvira\\public\\leantime\\app\\Core\\Bootloader.php(79): Leantime\\Core\\Http\\HttpKernel->handle(Object(Leantime\\Core\\Http\\IncomingRequest))
#92 C:\\laragon\\www\\dentvira\\public\\leantime\\app\\Core\\Bootloader.php(60): Leantime\\Core\\Bootloader->handleRequest(Object(Leantime\\Core\\Http\\IncomingRequest))
#93 C:\\laragon\\www\\dentvira\\public\\leantime\\public\\index.php(20): Leantime\\Core\\Bootloader->boot(Object(Leantime\\Core\\Application))
#94 {main}
"} 
[2026-10-02 13:50:30] production.ERROR: SQLSTATE[42S02]: Base table or view not found: 1146 Table 'dentvira_leantime.zp_user' doesn't exist (Connection: mysql, SQL: select count(*) as aggregate from `zp_user`) {"exception":"[object] (Illuminate\\Database\\QueryException(code: 42S02): SQLSTATE[42S02]: Base table or view not found: 1146 Table 'dentvira_leantime.zp_user' doesn't exist (Connection: mysql, SQL: select count(*) as aggregate from `zp_user`) at C:\\laragon\\www\\dentvira\\public\\leantime\\vendor\\laravel\\framework\\src\\Illuminate\\Database\\Connection.php:825)
[stacktrace]
#0 C:\\laragon\\www\\dentvira\\public\\leantime\\vendor\\laravel\\framework\\src\\Illuminate\\Database\\Connection.php(779): Illuminate\\Database\\Connection->runQueryCallback('select count(*)...', Array, Object(Closure))
#1 C:\\laragon\\www\\dentvira\\public\\leantime\\vendor\\laravel\\framework\\src\\Illuminate\\Database\\Connection.php(398): Illuminate\\Database\\Connection->run('select count(*)...', Array, Object(Closure))
#2 C:\\laragon\\www\\dentvira\\public\\leantime\\vendor\\laravel\\framework\\src\\Illuminate\\Database\\Query\\Builder.php(3106): Illuminate\\Database\\Connection->select('select count(*)...', Array, true)
#3 C:\\laragon\\www\\dentvira\\public\\leantime\\vendor\\laravel\\framework\\src\\Illuminate\\Database\\Query\\Builder.php(3091): Illuminate\\Database\\Query\\Builder->runSelect()
#4 C:\\laragon\\www\\dentvira\\public\\leantime\\vendor\\laravel\\framework\\src\\Illuminate\\Database\\Query\\Builder.php(3676): Illuminate\\Database\\Query\\Builder->{closure:Illuminate\\Database\\Query\\Builder::get():3090}()
#5 C:\\laragon\\www\\dentvira\\public\\leantime\\vendor\\laravel\\framework\\src\\Illuminate\\Database\\Query\\Builder.php(3090): Illuminate\\Database\\Query\\Builder->onceWithColumns(Array, Object(Closure))
#6 C:\\laragon\\www\\dentvira\\public\\leantime\\vendor\\laravel\\framework\\src\\Illuminate\\Database\\Query\\Builder.php(3603): Illuminate\\Database\\Query\\Builder->get(Array)
#7 C:\\laragon\\www\\dentvira\\public\\leantime\\vendor\\laravel\\framework\\src\\Illuminate\\Database\\Query\\Builder.php(3531): Illuminate\\Database\\Query\\Builder->aggregate('count', Array)
#8 C:\\laragon\\www\\dentvira\\public\\leantime\\app\\Domain\\Setting\\Repositories\\Setting.php(159): Illuminate\\Database\\Query\\Builder->count()
#9 C:\\laragon\\www\\dentvira\\public\\leantime\\app\\Domain\\Setting\\Repositories\\Setting.php(34): Leantime\\Domain\\Setting\\Repositories\\Setting->checkIfInstalled()
#10 C:\\laragon\\www\\dentvira\\public\\leantime\\app\\Core\\UI\\Theme.php(269): Leantime\\Domain\\Setting\\Repositories\\Setting->getSetting('companysettings...')
#11 C:\\laragon\\www\\dentvira\\public\\leantime\\app\\Core\\UI\\Theme.php(1060): Leantime\\Core\\UI\\Theme->getAvailableColorSchemes()
#12 C:\\laragon\\www\\dentvira\\public\\leantime\\app\\Views\\Composers\\Header.php(87): Leantime\\Core\\UI\\Theme->getSecondaryColor()
#13 C:\\laragon\\www\\dentvira\\public\\leantime\\app\\Core\\UI\\Composer.php(62): Leantime\\Views\\Composers\\Header->with()
#14 C:\\laragon\\www\\dentvira\\public\\leantime\\app\\Core\\UI\\Composer.php(52): Leantime\\Core\\UI\\Composer->merge()
#15 C:\\laragon\\www\\dentvira\\public\\leantime\\vendor\\laravel\\framework\\src\\Illuminate\\View\\Concerns\\ManagesEvents.php(124): Leantime\\Core\\UI\\Composer->compose(Object(Illuminate\\View\\View), Array)
#16 C:\\laragon\\www\\dentvira\\public\\leantime\\app\\Core\\Events\\EventDispatcher.php(707): Illuminate\\View\\Factory->{closure:Illuminate\\View\\Concerns\\ManagesEvents::buildClassEventCallback():123}(Object(Illuminate\\View\\View), Array)
#17 C:\\laragon\\www\\dentvira\\public\\leantime\\app\\Core\\Events\\EventDispatcher.php(413): Leantime\\Core\\Events\\EventDispatcher::{closure:Leantime\\Core\\Events\\EventDispatcher::makeListener():702}('composing: glob...', Array)
#18 C:\\laragon\\www\\dentvira\\public\\leantime\\app\\Core\\Events\\EventDispatcher.php(196): Leantime\\Core\\Events\\EventDispatcher::executeHandlers(Array, 'events', 'composing: glob...', Array)
#19 C:\\laragon\\www\\dentvira\\public\\leantime\\app\\Core\\Events\\EventDispatcher.php(131): Leantime\\Core\\Events\\EventDispatcher::dispatch_event('composing: glob...', Array, '')
#20 C:\\laragon\\www\\dentvira\\public\\leantime\\vendor\\laravel\\framework\\src\\Illuminate\\View\\Concerns\\ManagesEvents.php(178): Leantime\\Core\\Events\\EventDispatcher->dispatch('composing: glob...', Array)
#21 C:\\laragon\\www\\dentvira\\public\\leantime\\vendor\\laravel\\framework\\src\\Illuminate\\View\\View.php(190): Illuminate\\View\\Factory->callComposer(Object(Illuminate\\View\\View))
#22 C:\\laragon\\www\\dentvira\\public\\leantime\\vendor\\laravel\\framework\\src\\Illuminate\\View\\View.php(161): Illuminate\\View\\View->renderContents()
#23 C:\\laragon\\www\\dentvira\\public\\leantime\\storage\\framework\\views\\f877dead5805cd1e774aec4dabcf4a1d.php(4): Illuminate\\View\\View->render()
#24 C:\\laragon\\www\\dentvira\\public\\leantime\\vendor\\laravel\\framework\\src\\Illuminate\\Filesystem\\Filesystem.php(123): require('C:\\\\laragon\\\\www\\\\...')
#25 C:\\laragon\\www\\dentvira\\public\\leantime\\vendor\\laravel\\framework\\src\\Illuminate\\Filesystem\\Filesystem.php(124): Illuminate\\Filesystem\\Filesystem::{closure:Illuminate\\Filesystem\\Filesystem::getRequire():120}()
#26 C:\\laragon\\www\\dentvira\\public\\leantime\\vendor\\laravel\\framework\\src\\Illuminate\\View\\Engines\\PhpEngine.php(58): Illuminate\\Filesystem\\Filesystem->getRequire('C:\\\\laragon\\\\www\\\\...', Array)
#27 C:\\laragon\\www\\dentvira\\public\\leantime\\vendor\\laravel\\framework\\src\\Illuminate\\View\\Engines\\CompilerEngine.php(75): Illuminate\\View\\Engines\\PhpEngine->evaluatePath('C:\\\\laragon\\\\www\\\\...', Array)
#28 C:\\laragon\\www\\dentvira\\public\\leantime\\vendor\\laravel\\framework\\src\\Illuminate\\View\\View.php(209): Illuminate\\View\\Engines\\CompilerEngine->get('C:\\\\laragon\\\\www\\\\...', Array)
#29 C:\\laragon\\www\\dentvira\\public\\leantime\\vendor\\laravel\\framework\\src\\Illuminate\\View\\View.php(192): Illuminate\\View\\View->getContents()
#30 C:\\laragon\\www\\dentvira\\public\\leantime\\vendor\\laravel\\framework\\src\\Illuminate\\View\\View.php(161): Illuminate\\View\\View->renderContents()
#31 C:\\laragon\\www\\dentvira\\public\\leantime\\storage\\framework\\views\\1a3a8b64c6c5b3edbb32a652600f7969.php(127): Illuminate\\View\\View->render()
#32 C:\\laragon\\www\\dentvira\\public\\leantime\\vendor\\laravel\\framework\\src\\Illuminate\\Filesystem\\Filesystem.php(123): require('C:\\\\laragon\\\\www\\\\...')
#33 C:\\laragon\\www\\dentvira\\public\\leantime\\vendor\\laravel\\framework\\src\\Illuminate\\Filesystem\\Filesystem.php(124): Illuminate\\Filesystem\\Filesystem::{closure:Illuminate\\Filesystem\\Filesystem::getRequire():120}()
#34 C:\\laragon\\www\\dentvira\\public\\leantime\\vendor\\laravel\\framework\\src\\Illuminate\\View\\Engines\\PhpEngine.php(58): Illuminate\\Filesystem\\Filesystem->getRequire('C:\\\\laragon\\\\www\\\\...', Array)
#35 C:\\laragon\\www\\dentvira\\public\\leantime\\vendor\\laravel\\framework\\src\\Illuminate\\View\\Engines\\CompilerEngine.php(75): Illuminate\\View\\Engines\\PhpEngine->evaluatePath('C:\\\\laragon\\\\www\\\\...', Array)
#36 C:\\laragon\\www\\dentvira\\public\\leantime\\vendor\\laravel\\framework\\src\\Illuminate\\View\\View.php(209): Illuminate\\View\\Engines\\CompilerEngine->get('C:\\\\laragon\\\\www\\\\...', Array)
#37 C:\\laragon\\www\\dentvira\\public\\leantime\\vendor\\laravel\\framework\\src\\Illuminate\\View\\View.php(192): Illuminate\\View\\View->getContents()
#38 C:\\laragon\\www\\dentvira\\public\\leantime\\vendor\\laravel\\framework\\src\\Illuminate\\View\\View.php(161): Illuminate\\View\\View->renderContents()
#39 C:\\laragon\\www\\dentvira\\public\\leantime\\app\\Core\\UI\\Template.php(322): Illuminate\\View\\View->render()
#40 C:\\laragon\\www\\dentvira\\public\\leantime\\app\\Domain\\Install\\Controllers\\Index.php(36): Leantime\\Core\\UI\\Template->display('install.new', 'global::layouts...')
#41 C:\\laragon\\www\\dentvira\\public\\leantime\\app\\Core\\Controller\\Controller.php(73): Leantime\\Domain\\Install\\Controllers\\Index->get(Array)
#42 C:\\laragon\\www\\dentvira\\public\\leantime\\app\\Core\\Controller\\Frontcontroller.php(172): Leantime\\Core\\Controller\\Controller->callAction('get', Array)
#43 C:\\laragon\\www\\dentvira\\public\\leantime\\app\\Core\\Controller\\Frontcontroller.php(65): Leantime\\Core\\Controller\\Frontcontroller->executeAction('Leantime\\\\Domain...', 'get')
#44 C:\\laragon\\www\\dentvira\\public\\leantime\\app\\Core\\Controller\\Frontcontroller.php(75): Leantime\\Core\\Controller\\Frontcontroller->dispatch(Object(Leantime\\Core\\Http\\IncomingRequest))
#45 C:\\laragon\\www\\dentvira\\public\\leantime\\app\\Core\\Http\\HttpKernel.php(216): Leantime\\Core\\Controller\\Frontcontroller::dispatch_request(Object(Leantime\\Core\\Http\\IncomingRequest))
#46 C:\\laragon\\www\\dentvira\\public\\leantime\\app\\Core\\Http\\HttpKernel.php(173): Leantime\\Core\\Http\\HttpKernel->findAndDispatchToRouter(Object(Leantime\\Core\\Http\\IncomingRequest))
#47 C:\\laragon\\www\\dentvira\\public\\leantime\\vendor\\laravel\\framework\\src\\Illuminate\\Pipeline\\Pipeline.php(170): Leantime\\Core\\Http\\HttpKernel->{closure:{closure:Leantime\\Core\\Http\\HttpKernel::sendRequestThroughRouter():164}:173}(Object(Leantime\\Core\\Http\\IncomingRequest))
#48 C:\\laragon\\www\\dentvira\\public\\leantime\\vendor\\laravel\\framework\\src\\Illuminate\\Pipeline\\Pipeline.php(127): Illuminate\\Pipeline\\Pipeline->{closure:Illuminate\\Pipeline\\Pipeline::prepareDestination():168}(Object(Leantime\\Core\\Http\\IncomingRequest))
#49 C:\\laragon\\www\\dentvira\\public\\leantime\\app\\Core\\Http\\HttpKernel.php(173): Illuminate\\Pipeline\\Pipeline->then(Object(Closure))
#50 C:\\laragon\\www\\dentvira\\public\\leantime\\vendor\\laravel\\framework\\src\\Illuminate\\Pipeline\\Pipeline.php(170): Leantime\\Core\\Http\\HttpKernel->{closure:Leantime\\Core\\Http\\HttpKernel::sendRequestThroughRouter():164}(Object(Leantime\\Core\\Http\\IncomingRequest))
#51 C:\\laragon\\www\\dentvira\\public\\leantime\\app\\Domain\\Projects\\Middleware\\CurrentProject.php(41): Illuminate\\Pipeline\\Pipeline->{closure:Illuminate\\Pipeline\\Pipeline::prepareDestination():168}(Object(Leantime\\Core\\Http\\IncomingRequest))
#52 C:\\laragon\\www\\dentvira\\public\\leantime\\vendor\\laravel\\framework\\src\\Illuminate\\Pipeline\\Pipeline.php(209): Leantime\\Domain\\Projects\\Middleware\\CurrentProject->handle(Object(Leantime\\Core\\Http\\IncomingRequest), Object(Closure))
#53 C:\\laragon\\www\\dentvira\\public\\leantime\\app\\Core\\Middleware\\Localization.php(78): Illuminate\\Pipeline\\Pipeline->{closure:{closure:Illuminate\\Pipeline\\Pipeline::carry():184}:185}(Object(Leantime\\Core\\Http\\IncomingRequest))
#54 C:\\laragon\\www\\dentvira\\public\\leantime\\vendor\\laravel\\framework\\src\\Illuminate\\Pipeline\\Pipeline.php(209): Leantime\\Core\\Middleware\\Localization->handle(Object(Leantime\\Core\\Http\\IncomingRequest), Object(Closure))
#55 C:\\laragon\\www\\dentvira\\public\\leantime\\app\\Core\\Middleware\\SetCacheHeaders.php(49): Illuminate\\Pipeline\\Pipeline->{closure:{closure:Illuminate\\Pipeline\\Pipeline::carry():184}:185}(Object(Leantime\\Core\\Http\\IncomingRequest))
#56 C:\\laragon\\www\\dentvira\\public\\leantime\\vendor\\laravel\\framework\\src\\Illuminate\\Pipeline\\Pipeline.php(209): Leantime\\Core\\Middleware\\SetCacheHeaders->handle(Object(Leantime\\Core\\Http\\IncomingRequest), Object(Closure))
#57 C:\\laragon\\www\\dentvira\\public\\leantime\\vendor\\laravel\\framework\\src\\Illuminate\\Foundation\\Http\\Middleware\\TransformsRequest.php(21): Illuminate\\Pipeline\\Pipeline->{closure:{closure:Illuminate\\Pipeline\\Pipeline::carry():184}:185}(Object(Leantime\\Core\\Http\\IncomingRequest))
#58 C:\\laragon\\www\\dentvira\\public\\leantime\\vendor\\laravel\\framework\\src\\Illuminate\\Foundation\\Http\\Middleware\\ConvertEmptyStringsToNull.php(31): Illuminate\\Foundation\\Http\\Middleware\\TransformsRequest->handle(Object(Leantime\\Core\\Http\\IncomingRequest), Object(Closure))
#59 C:\\laragon\\www\\dentvira\\public\\leantime\\vendor\\laravel\\framework\\src\\Illuminate\\Pipeline\\Pipeline.php(209): Illuminate\\Foundation\\Http\\Middleware\\ConvertEmptyStringsToNull->handle(Object(Leantime\\Core\\Http\\IncomingRequest), Object(Closure))
#60 C:\\laragon\\www\\dentvira\\public\\leantime\\vendor\\laravel\\framework\\src\\Illuminate\\Foundation\\Http\\Middleware\\TransformsRequest.php(21): Illuminate\\Pipeline\\Pipeline->{closure:{closure:Illuminate\\Pipeline\\Pipeline::carry():184}:185}(Object(Leantime\\Core\\Http\\IncomingRequest))
#61 C:\\laragon\\www\\dentvira\\public\\leantime\\vendor\\laravel\\framework\\src\\Illuminate\\Foundation\\Http\\Middleware\\TrimStrings.php(51): Illuminate\\Foundation\\Http\\Middleware\\TransformsRequest->handle(Object(Leantime\\Core\\Http\\IncomingRequest), Object(Closure))
#62 C:\\laragon\\www\\dentvira\\public\\leantime\\vendor\\laravel\\framework\\src\\Illuminate\\Pipeline\\Pipeline.php(209): Illuminate\\Foundation\\Http\\Middleware\\TrimStrings->handle(Object(Leantime\\Core\\Http\\IncomingRequest), Object(Closure))
#63 C:\\laragon\\www\\dentvira\\public\\leantime\\vendor\\laravel\\framework\\src\\Illuminate\\Http\\Middleware\\ValidatePostSize.php(27): Illuminate\\Pipeline\\Pipeline->{closure:{closure:Illuminate\\Pipeline\\Pipeline::carry():184}:185}(Object(Leantime\\Core\\Http\\IncomingRequest))
#64 C:\\laragon\\www\\dentvira\\public\\leantime\\vendor\\laravel\\framework\\src\\Illuminate\\Pipeline\\Pipeline.php(209): Illuminate\\Http\\Middleware\\ValidatePostSize->handle(Object(Leantime\\Core\\Http\\IncomingRequest), Object(Closure))
#65 C:\\laragon\\www\\dentvira\\public\\leantime\\vendor\\laravel\\framework\\src\\Illuminate\\Http\\Middleware\\HandleCors.php(49): Illuminate\\Pipeline\\Pipeline->{closure:{closure:Illuminate\\Pipeline\\Pipeline::carry():184}:185}(Object(Leantime\\Core\\Http\\IncomingRequest))
#66 C:\\laragon\\www\\dentvira\\public\\leantime\\vendor\\laravel\\framework\\src\\Illuminate\\Pipeline\\Pipeline.php(209): Illuminate\\Http\\Middleware\\HandleCors->handle(Object(Leantime\\Core\\Http\\IncomingRequest), Object(Closure))
#67 C:\\laragon\\www\\dentvira\\public\\leantime\\app\\Core\\Middleware\\RequestRateLimiter.php(55): Illuminate\\Pipeline\\Pipeline->{closure:{closure:Illuminate\\Pipeline\\Pipeline::carry():184}:185}(Object(Leantime\\Core\\Http\\IncomingRequest))
#68 C:\\laragon\\www\\dentvira\\public\\leantime\\vendor\\laravel\\framework\\src\\Illuminate\\Pipeline\\Pipeline.php(209): Leantime\\Core\\Middleware\\RequestRateLimiter->handle(Object(Leantime\\Core\\Http\\IncomingRequest), Object(Closure))
#69 C:\\laragon\\www\\dentvira\\public\\leantime\\app\\Core\\Middleware\\AuthenticateSession.php(34): Illuminate\\Pipeline\\Pipeline->{closure:{closure:Illuminate\\Pipeline\\Pipeline::carry():184}:185}(Object(Leantime\\Core\\Http\\IncomingRequest))
#70 C:\\laragon\\www\\dentvira\\public\\leantime\\vendor\\laravel\\framework\\src\\Illuminate\\Pipeline\\Pipeline.php(209): Leantime\\Core\\Middleware\\AuthenticateSession->handle(Object(Leantime\\Core\\Http\\IncomingRequest), Object(Closure))
#71 C:\\laragon\\www\\dentvira\\public\\leantime\\app\\Core\\Middleware\\AuthCheck.php(62): Illuminate\\Pipeline\\Pipeline->{closure:{closure:Illuminate\\Pipeline\\Pipeline::carry():184}:185}(Object(Leantime\\Core\\Http\\IncomingRequest))
#72 C:\\laragon\\www\\dentvira\\public\\leantime\\vendor\\laravel\\framework\\src\\Illuminate\\Pipeline\\Pipeline.php(209): Leantime\\Core\\Middleware\\AuthCheck->handle(Object(Leantime\\Core\\Http\\IncomingRequest), Object(Closure))
#73 C:\\laragon\\www\\dentvira\\public\\leantime\\app\\Core\\Middleware\\InitialHeaders.php(24): Illuminate\\Pipeline\\Pipeline->{closure:{closure:Illuminate\\Pipeline\\Pipeline::carry():184}:185}(Object(Leantime\\Core\\Http\\IncomingRequest))
#74 C:\\laragon\\www\\dentvira\\public\\leantime\\vendor\\laravel\\framework\\src\\Illuminate\\Pipeline\\Pipeline.php(209): Leantime\\Core\\Middleware\\InitialHeaders->handle(Object(Leantime\\Core\\Http\\IncomingRequest), Object(Closure))
#75 C:\\laragon\\www\\dentvira\\public\\leantime\\app\\Core\\Middleware\\LoadPlugins.php(32): Illuminate\\Pipeline\\Pipeline->{closure:{closure:Illuminate\\Pipeline\\Pipeline::carry():184}:185}(Object(Leantime\\Core\\Http\\IncomingRequest))
#76 C:\\laragon\\www\\dentvira\\public\\leantime\\vendor\\laravel\\framework\\src\\Illuminate\\Pipeline\\Pipeline.php(209): Leantime\\Core\\Middleware\\LoadPlugins->handle(Object(Leantime\\Core\\Http\\IncomingRequest), Object(Closure))
#77 C:\\laragon\\www\\dentvira\\public\\leantime\\app\\Core\\Middleware\\Updated.php(67): Illuminate\\Pipeline\\Pipeline->{closure:{closure:Illuminate\\Pipeline\\Pipeline::carry():184}:185}(Object(Leantime\\Core\\Http\\IncomingRequest))
#78 C:\\laragon\\www\\dentvira\\public\\leantime\\vendor\\laravel\\framework\\src\\Illuminate\\Pipeline\\Pipeline.php(209): Leantime\\Core\\Middleware\\Updated->handle(Object(Leantime\\Core\\Http\\IncomingRequest), Object(Closure))
#79 C:\\laragon\\www\\dentvira\\public\\leantime\\app\\Core\\Middleware\\Installed.php(39): Illuminate\\Pipeline\\Pipeline->{closure:{closure:Illuminate\\Pipeline\\Pipeline::carry():184}:185}(Object(Leantime\\Core\\Http\\IncomingRequest))
#80 C:\\laragon\\www\\dentvira\\public\\leantime\\vendor\\laravel\\framework\\src\\Illuminate\\Pipeline\\Pipeline.php(209): Leantime\\Core\\Middleware\\Installed->handle(Object(Leantime\\Core\\Http\\IncomingRequest), Object(Closure))
#81 C:\\laragon\\www\\dentvira\\public\\leantime\\app\\Core\\Middleware\\StartSession.php(134): Illuminate\\Pipeline\\Pipeline->{closure:{closure:Illuminate\\Pipeline\\Pipeline::carry():184}:185}(Object(Leantime\\Core\\Http\\IncomingRequest))
#82 C:\\laragon\\www\\dentvira\\public\\leantime\\app\\Core\\Middleware\\StartSession.php(83): Leantime\\Core\\Middleware\\StartSession->handleOptimisticRequest(Object(Leantime\\Core\\Http\\IncomingRequest), Object(Illuminate\\Session\\Store), Object(Closure))
#83 C:\\laragon\\www\\dentvira\\public\\leantime\\vendor\\laravel\\framework\\src\\Illuminate\\Pipeline\\Pipeline.php(209): Leantime\\Core\\Middleware\\StartSession->handle(Object(Leantime\\Core\\Http\\IncomingRequest), Object(Closure))
#84 C:\\laragon\\www\\dentvira\\public\\leantime\\app\\Core\\Middleware\\TrustProxies.php(65): Illuminate\\Pipeline\\Pipeline->{closure:{closure:Illuminate\\Pipeline\\Pipeline::carry():184}:185}(Object(Leantime\\Core\\Http\\IncomingRequest))
#85 C:\\laragon\\www\\dentvira\\public\\leantime\\vendor\\laravel\\framework\\src\\Illuminate\\Pipeline\\Pipeline.php(209): Leantime\\Core\\Middleware\\TrustProxies->handle(Object(Leantime\\Core\\Http\\IncomingRequest), Object(Closure))
#86 C:\\laragon\\www\\dentvira\\public\\leantime\\vendor\\laravel\\framework\\src\\Illuminate\\Pipeline\\Pipeline.php(127): Illuminate\\Pipeline\\Pipeline->{closure:{closure:Illuminate\\Pipeline\\Pipeline::carry():184}:185}(Object(Leantime\\Core\\Http\\IncomingRequest))
#87 C:\\laragon\\www\\dentvira\\public\\leantime\\app\\Core\\Http\\HttpKernel.php(164): Illuminate\\Pipeline\\Pipeline->then(Object(Closure))
#88 C:\\laragon\\www\\dentvira\\public\\leantime\\app\\Core\\Http\\HttpKernel.php(121): Leantime\\Core\\Http\\HttpKernel->sendRequestThroughRouter(Object(Leantime\\Core\\Http\\IncomingRequest))
#89 C:\\laragon\\www\\dentvira\\public\\leantime\\app\\Core\\Bootloader.php(79): Leantime\\Core\\Http\\HttpKernel->handle(Object(Leantime\\Core\\Http\\IncomingRequest))
#90 C:\\laragon\\www\\dentvira\\public\\leantime\\app\\Core\\Bootloader.php(60): Leantime\\Core\\Bootloader->handleRequest(Object(Leantime\\Core\\Http\\IncomingRequest))
#91 C:\\laragon\\www\\dentvira\\public\\leantime\\public\\index.php(20): Leantime\\Core\\Bootloader->boot(Object(Leantime\\Core\\Application))
#92 {main}

[previous exception] [object] (PDOException(code: 42S02): SQLSTATE[42S02]: Base table or view not found: 1146 Table 'dentvira_leantime.zp_user' doesn't exist at C:\\laragon\\www\\dentvira\\public\\leantime\\vendor\\laravel\\framework\\src\\Illuminate\\Database\\Connection.php:412)
[stacktrace]
#0 C:\\laragon\\www\\dentvira\\public\\leantime\\vendor\\laravel\\framework\\src\\Illuminate\\Database\\Connection.php(412): PDOStatement->execute()
#1 C:\\laragon\\www\\dentvira\\public\\leantime\\vendor\\laravel\\framework\\src\\Illuminate\\Database\\Connection.php(812): Illuminate\\Database\\Connection->{closure:Illuminate\\Database\\Connection::select():398}('select count(*)...', Array)
#2 C:\\laragon\\www\\dentvira\\public\\leantime\\vendor\\laravel\\framework\\src\\Illuminate\\Database\\Connection.php(779): Illuminate\\Database\\Connection->runQueryCallback('select count(*)...', Array, Object(Closure))
#3 C:\\laragon\\www\\dentvira\\public\\leantime\\vendor\\laravel\\framework\\src\\Illuminate\\Database\\Connection.php(398): Illuminate\\Database\\Connection->run('select count(*)...', Array, Object(Closure))
#4 C:\\laragon\\www\\dentvira\\public\\leantime\\vendor\\laravel\\framework\\src\\Illuminate\\Database\\Query\\Builder.php(3106): Illuminate\\Database\\Connection->select('select count(*)...', Array, true)
#5 C:\\laragon\\www\\dentvira\\public\\leantime\\vendor\\laravel\\framework\\src\\Illuminate\\Database\\Query\\Builder.php(3091): Illuminate\\Database\\Query\\Builder->runSelect()
#6 C:\\laragon\\www\\dentvira\\public\\leantime\\vendor\\laravel\\framework\\src\\Illuminate\\Database\\Query\\Builder.php(3676): Illuminate\\Database\\Query\\Builder->{closure:Illuminate\\Database\\Query\\Builder::get():3090}()
#7 C:\\laragon\\www\\dentvira\\public\\leantime\\vendor\\laravel\\framework\\src\\Illuminate\\Database\\Query\\Builder.php(3090): Illuminate\\Database\\Query\\Builder->onceWithColumns(Array, Object(Closure))
#8 C:\\laragon\\www\\dentvira\\public\\leantime\\vendor\\laravel\\framework\\src\\Illuminate\\Database\\Query\\Builder.php(3603): Illuminate\\Database\\Query\\Builder->get(Array)
#9 C:\\laragon\\www\\dentvira\\public\\leantime\\vendor\\laravel\\framework\\src\\Illuminate\\Database\\Query\\Builder.php(3531): Illuminate\\Database\\Query\\Builder->aggregate('count', Array)
#10 C:\\laragon\\www\\dentvira\\public\\leantime\\app\\Domain\\Setting\\Repositories\\Setting.php(159): Illuminate\\Database\\Query\\Builder->count()
#11 C:\\laragon\\www\\dentvira\\public\\leantime\\app\\Domain\\Setting\\Repositories\\Setting.php(34): Leantime\\Domain\\Setting\\Repositories\\Setting->checkIfInstalled()
#12 C:\\laragon\\www\\dentvira\\public\\leantime\\app\\Core\\UI\\Theme.php(269): Leantime\\Domain\\Setting\\Repositories\\Setting->getSetting('companysettings...')
#13 C:\\laragon\\www\\dentvira\\public\\leantime\\app\\Core\\UI\\Theme.php(1060): Leantime\\Core\\UI\\Theme->getAvailableColorSchemes()
#14 C:\\laragon\\www\\dentvira\\public\\leantime\\app\\Views\\Composers\\Header.php(87): Leantime\\Core\\UI\\Theme->getSecondaryColor()
#15 C:\\laragon\\www\\dentvira\\public\\leantime\\app\\Core\\UI\\Composer.php(62): Leantime\\Views\\Composers\\Header->with()
#16 C:\\laragon\\www\\dentvira\\public\\leantime\\app\\Core\\UI\\Composer.php(52): Leantime\\Core\\UI\\Composer->merge()
#17 C:\\laragon\\www\\dentvira\\public\\leantime\\vendor\\laravel\\framework\\src\\Illuminate\\View\\Concerns\\ManagesEvents.php(124): Leantime\\Core\\UI\\Composer->compose(Object(Illuminate\\View\\View), Array)
#18 C:\\laragon\\www\\dentvira\\public\\leantime\\app\\Core\\Events\\EventDispatcher.php(707): Illuminate\\View\\Factory->{closure:Illuminate\\View\\Concerns\\ManagesEvents::buildClassEventCallback():123}(Object(Illuminate\\View\\View), Array)
#19 C:\\laragon\\www\\dentvira\\public\\leantime\\app\\Core\\Events\\EventDispatcher.php(413): Leantime\\Core\\Events\\EventDispatcher::{closure:Leantime\\Core\\Events\\EventDispatcher::makeListener():702}('composing: glob...', Array)
#20 C:\\laragon\\www\\dentvira\\public\\leantime\\app\\Core\\Events\\EventDispatcher.php(196): Leantime\\Core\\Events\\EventDispatcher::executeHandlers(Array, 'events', 'composing: glob...', Array)
#21 C:\\laragon\\www\\dentvira\\public\\leantime\\app\\Core\\Events\\EventDispatcher.php(131): Leantime\\Core\\Events\\EventDispatcher::dispatch_event('composing: glob...', Array, '')
#22 C:\\laragon\\www\\dentvira\\public\\leantime\\vendor\\laravel\\framework\\src\\Illuminate\\View\\Concerns\\ManagesEvents.php(178): Leantime\\Core\\Events\\EventDispatcher->dispatch('composing: glob...', Array)
#23 C:\\laragon\\www\\dentvira\\public\\leantime\\vendor\\laravel\\framework\\src\\Illuminate\\View\\View.php(190): Illuminate\\View\\Factory->callComposer(Object(Illuminate\\View\\View))
#24 C:\\laragon\\www\\dentvira\\public\\leantime\\vendor\\laravel\\framework\\src\\Illuminate\\View\\View.php(161): Illuminate\\View\\View->renderContents()
#25 C:\\laragon\\www\\dentvira\\public\\leantime\\storage\\framework\\views\\f877dead5805cd1e774aec4dabcf4a1d.php(4): Illuminate\\View\\View->render()
#26 C:\\laragon\\www\\dentvira\\public\\leantime\\vendor\\laravel\\framework\\src\\Illuminate\\Filesystem\\Filesystem.php(123): require('C:\\\\laragon\\\\www\\\\...')
#27 C:\\laragon\\www\\dentvira\\public\\leantime\\vendor\\laravel\\framework\\src\\Illuminate\\Filesystem\\Filesystem.php(124): Illuminate\\Filesystem\\Filesystem::{closure:Illuminate\\Filesystem\\Filesystem::getRequire():120}()
#28 C:\\laragon\\www\\dentvira\\public\\leantime\\vendor\\laravel\\framework\\src\\Illuminate\\View\\Engines\\PhpEngine.php(58): Illuminate\\Filesystem\\Filesystem->getRequire('C:\\\\laragon\\\\www\\\\...', Array)
#29 C:\\laragon\\www\\dentvira\\public\\leantime\\vendor\\laravel\\framework\\src\\Illuminate\\View\\Engines\\CompilerEngine.php(75): Illuminate\\View\\Engines\\PhpEngine->evaluatePath('C:\\\\laragon\\\\www\\\\...', Array)
#30 C:\\laragon\\www\\dentvira\\public\\leantime\\vendor\\laravel\\framework\\src\\Illuminate\\View\\View.php(209): Illuminate\\View\\Engines\\CompilerEngine->get('C:\\\\laragon\\\\www\\\\...', Array)
#31 C:\\laragon\\www\\dentvira\\public\\leantime\\vendor\\laravel\\framework\\src\\Illuminate\\View\\View.php(192): Illuminate\\View\\View->getContents()
#32 C:\\laragon\\www\\dentvira\\public\\leantime\\vendor\\laravel\\framework\\src\\Illuminate\\View\\View.php(161): Illuminate\\View\\View->renderContents()
#33 C:\\laragon\\www\\dentvira\\public\\leantime\\storage\\framework\\views\\1a3a8b64c6c5b3edbb32a652600f7969.php(127): Illuminate\\View\\View->render()
#34 C:\\laragon\\www\\dentvira\\public\\leantime\\vendor\\laravel\\framework\\src\\Illuminate\\Filesystem\\Filesystem.php(123): require('C:\\\\laragon\\\\www\\\\...')
#35 C:\\laragon\\www\\dentvira\\public\\leantime\\vendor\\laravel\\framework\\src\\Illuminate\\Filesystem\\Filesystem.php(124): Illuminate\\Filesystem\\Filesystem::{closure:Illuminate\\Filesystem\\Filesystem::getRequire():120}()
#36 C:\\laragon\\www\\dentvira\\public\\leantime\\vendor\\laravel\\framework\\src\\Illuminate\\View\\Engines\\PhpEngine.php(58): Illuminate\\Filesystem\\Filesystem->getRequire('C:\\\\laragon\\\\www\\\\...', Array)
#37 C:\\laragon\\www\\dentvira\\public\\leantime\\vendor\\laravel\\framework\\src\\Illuminate\\View\\Engines\\CompilerEngine.php(75): Illuminate\\View\\Engines\\PhpEngine->evaluatePath('C:\\\\laragon\\\\www\\\\...', Array)
#38 C:\\laragon\\www\\dentvira\\public\\leantime\\vendor\\laravel\\framework\\src\\Illuminate\\View\\View.php(209): Illuminate\\View\\Engines\\CompilerEngine->get('C:\\\\laragon\\\\www\\\\...', Array)
#39 C:\\laragon\\www\\dentvira\\public\\leantime\\vendor\\laravel\\framework\\src\\Illuminate\\View\\View.php(192): Illuminate\\View\\View->getContents()
#40 C:\\laragon\\www\\dentvira\\public\\leantime\\vendor\\laravel\\framework\\src\\Illuminate\\View\\View.php(161): Illuminate\\View\\View->renderContents()
#41 C:\\laragon\\www\\dentvira\\public\\leantime\\app\\Core\\UI\\Template.php(322): Illuminate\\View\\View->render()
#42 C:\\laragon\\www\\dentvira\\public\\leantime\\app\\Domain\\Install\\Controllers\\Index.php(36): Leantime\\Core\\UI\\Template->display('install.new', 'global::layouts...')
#43 C:\\laragon\\www\\dentvira\\public\\leantime\\app\\Core\\Controller\\Controller.php(73): Leantime\\Domain\\Install\\Controllers\\Index->get(Array)
#44 C:\\laragon\\www\\dentvira\\public\\leantime\\app\\Core\\Controller\\Frontcontroller.php(172): Leantime\\Core\\Controller\\Controller->callAction('get', Array)
#45 C:\\laragon\\www\\dentvira\\public\\leantime\\app\\Core\\Controller\\Frontcontroller.php(65): Leantime\\Core\\Controller\\Frontcontroller->executeAction('Leantime\\\\Domain...', 'get')
#46 C:\\laragon\\www\\dentvira\\public\\leantime\\app\\Core\\Controller\\Frontcontroller.php(75): Leantime\\Core\\Controller\\Frontcontroller->dispatch(Object(Leantime\\Core\\Http\\IncomingRequest))
#47 C:\\laragon\\www\\dentvira\\public\\leantime\\app\\Core\\Http\\HttpKernel.php(216): Leantime\\Core\\Controller\\Frontcontroller::dispatch_request(Object(Leantime\\Core\\Http\\IncomingRequest))
#48 C:\\laragon\\www\\dentvira\\public\\leantime\\app\\Core\\Http\\HttpKernel.php(173): Leantime\\Core\\Http\\HttpKernel->findAndDispatchToRouter(Object(Leantime\\Core\\Http\\IncomingRequest))
#49 C:\\laragon\\www\\dentvira\\public\\leantime\\vendor\\laravel\\framework\\src\\Illuminate\\Pipeline\\Pipeline.php(170): Leantime\\Core\\Http\\HttpKernel->{closure:{closure:Leantime\\Core\\Http\\HttpKernel::sendRequestThroughRouter():164}:173}(Object(Leantime\\Core\\Http\\IncomingRequest))
#50 C:\\laragon\\www\\dentvira\\public\\leantime\\vendor\\laravel\\framework\\src\\Illuminate\\Pipeline\\Pipeline.php(127): Illuminate\\Pipeline\\Pipeline->{closure:Illuminate\\Pipeline\\Pipeline::prepareDestination():168}(Object(Leantime\\Core\\Http\\IncomingRequest))
#51 C:\\laragon\\www\\dentvira\\public\\leantime\\app\\Core\\Http\\HttpKernel.php(173): Illuminate\\Pipeline\\Pipeline->then(Object(Closure))
#52 C:\\laragon\\www\\dentvira\\public\\leantime\\vendor\\laravel\\framework\\src\\Illuminate\\Pipeline\\Pipeline.php(170): Leantime\\Core\\Http\\HttpKernel->{closure:Leantime\\Core\\Http\\HttpKernel::sendRequestThroughRouter():164}(Object(Leantime\\Core\\Http\\IncomingRequest))
#53 C:\\laragon\\www\\dentvira\\public\\leantime\\app\\Domain\\Projects\\Middleware\\CurrentProject.php(41): Illuminate\\Pipeline\\Pipeline->{closure:Illuminate\\Pipeline\\Pipeline::prepareDestination():168}(Object(Leantime\\Core\\Http\\IncomingRequest))
#54 C:\\laragon\\www\\dentvira\\public\\leantime\\vendor\\laravel\\framework\\src\\Illuminate\\Pipeline\\Pipeline.php(209): Leantime\\Domain\\Projects\\Middleware\\CurrentProject->handle(Object(Leantime\\Core\\Http\\IncomingRequest), Object(Closure))
#55 C:\\laragon\\www\\dentvira\\public\\leantime\\app\\Core\\Middleware\\Localization.php(78): Illuminate\\Pipeline\\Pipeline->{closure:{closure:Illuminate\\Pipeline\\Pipeline::carry():184}:185}(Object(Leantime\\Core\\Http\\IncomingRequest))
#56 C:\\laragon\\www\\dentvira\\public\\leantime\\vendor\\laravel\\framework\\src\\Illuminate\\Pipeline\\Pipeline.php(209): Leantime\\Core\\Middleware\\Localization->handle(Object(Leantime\\Core\\Http\\IncomingRequest), Object(Closure))
#57 C:\\laragon\\www\\dentvira\\public\\leantime\\app\\Core\\Middleware\\SetCacheHeaders.php(49): Illuminate\\Pipeline\\Pipeline->{closure:{closure:Illuminate\\Pipeline\\Pipeline::carry():184}:185}(Object(Leantime\\Core\\Http\\IncomingRequest))
#58 C:\\laragon\\www\\dentvira\\public\\leantime\\vendor\\laravel\\framework\\src\\Illuminate\\Pipeline\\Pipeline.php(209): Leantime\\Core\\Middleware\\SetCacheHeaders->handle(Object(Leantime\\Core\\Http\\IncomingRequest), Object(Closure))
#59 C:\\laragon\\www\\dentvira\\public\\leantime\\vendor\\laravel\\framework\\src\\Illuminate\\Foundation\\Http\\Middleware\\TransformsRequest.php(21): Illuminate\\Pipeline\\Pipeline->{closure:{closure:Illuminate\\Pipeline\\Pipeline::carry():184}:185}(Object(Leantime\\Core\\Http\\IncomingRequest))
#60 C:\\laragon\\www\\dentvira\\public\\leantime\\vendor\\laravel\\framework\\src\\Illuminate\\Foundation\\Http\\Middleware\\ConvertEmptyStringsToNull.php(31): Illuminate\\Foundation\\Http\\Middleware\\TransformsRequest->handle(Object(Leantime\\Core\\Http\\IncomingRequest), Object(Closure))
#61 C:\\laragon\\www\\dentvira\\public\\leantime\\vendor\\laravel\\framework\\src\\Illuminate\\Pipeline\\Pipeline.php(209): Illuminate\\Foundation\\Http\\Middleware\\ConvertEmptyStringsToNull->handle(Object(Leantime\\Core\\Http\\IncomingRequest), Object(Closure))
#62 C:\\laragon\\www\\dentvira\\public\\leantime\\vendor\\laravel\\framework\\src\\Illuminate\\Foundation\\Http\\Middleware\\TransformsRequest.php(21): Illuminate\\Pipeline\\Pipeline->{closure:{closure:Illuminate\\Pipeline\\Pipeline::carry():184}:185}(Object(Leantime\\Core\\Http\\IncomingRequest))
#63 C:\\laragon\\www\\dentvira\\public\\leantime\\vendor\\laravel\\framework\\src\\Illuminate\\Foundation\\Http\\Middleware\\TrimStrings.php(51): Illuminate\\Foundation\\Http\\Middleware\\TransformsRequest->handle(Object(Leantime\\Core\\Http\\IncomingRequest), Object(Closure))
#64 C:\\laragon\\www\\dentvira\\public\\leantime\\vendor\\laravel\\framework\\src\\Illuminate\\Pipeline\\Pipeline.php(209): Illuminate\\Foundation\\Http\\Middleware\\TrimStrings->handle(Object(Leantime\\Core\\Http\\IncomingRequest), Object(Closure))
#65 C:\\laragon\\www\\dentvira\\public\\leantime\\vendor\\laravel\\framework\\src\\Illuminate\\Http\\Middleware\\ValidatePostSize.php(27): Illuminate\\Pipeline\\Pipeline->{closure:{closure:Illuminate\\Pipeline\\Pipeline::carry():184}:185}(Object(Leantime\\Core\\Http\\IncomingRequest))
#66 C:\\laragon\\www\\dentvira\\public\\leantime\\vendor\\laravel\\framework\\src\\Illuminate\\Pipeline\\Pipeline.php(209): Illuminate\\Http\\Middleware\\ValidatePostSize->handle(Object(Leantime\\Core\\Http\\IncomingRequest), Object(Closure))
#67 C:\\laragon\\www\\dentvira\\public\\leantime\\vendor\\laravel\\framework\\src\\Illuminate\\Http\\Middleware\\HandleCors.php(49): Illuminate\\Pipeline\\Pipeline->{closure:{closure:Illuminate\\Pipeline\\Pipeline::carry():184}:185}(Object(Leantime\\Core\\Http\\IncomingRequest))
#68 C:\\laragon\\www\\dentvira\\public\\leantime\\vendor\\laravel\\framework\\src\\Illuminate\\Pipeline\\Pipeline.php(209): Illuminate\\Http\\Middleware\\HandleCors->handle(Object(Leantime\\Core\\Http\\IncomingRequest), Object(Closure))
#69 C:\\laragon\\www\\dentvira\\public\\leantime\\app\\Core\\Middleware\\RequestRateLimiter.php(55): Illuminate\\Pipeline\\Pipeline->{closure:{closure:Illuminate\\Pipeline\\Pipeline::carry():184}:185}(Object(Leantime\\Core\\Http\\IncomingRequest))
#70 C:\\laragon\\www\\dentvira\\public\\leantime\\vendor\\laravel\\framework\\src\\Illuminate\\Pipeline\\Pipeline.php(209): Leantime\\Core\\Middleware\\RequestRateLimiter->handle(Object(Leantime\\Core\\Http\\IncomingRequest), Object(Closure))
#71 C:\\laragon\\www\\dentvira\\public\\leantime\\app\\Core\\Middleware\\AuthenticateSession.php(34): Illuminate\\Pipeline\\Pipeline->{closure:{closure:Illuminate\\Pipeline\\Pipeline::carry():184}:185}(Object(Leantime\\Core\\Http\\IncomingRequest))
#72 C:\\laragon\\www\\dentvira\\public\\leantime\\vendor\\laravel\\framework\\src\\Illuminate\\Pipeline\\Pipeline.php(209): Leantime\\Core\\Middleware\\AuthenticateSession->handle(Object(Leantime\\Core\\Http\\IncomingRequest), Object(Closure))
#73 C:\\laragon\\www\\dentvira\\public\\leantime\\app\\Core\\Middleware\\AuthCheck.php(62): Illuminate\\Pipeline\\Pipeline->{closure:{closure:Illuminate\\Pipeline\\Pipeline::carry():184}:185}(Object(Leantime\\Core\\Http\\IncomingRequest))
#74 C:\\laragon\\www\\dentvira\\public\\leantime\\vendor\\laravel\\framework\\src\\Illuminate\\Pipeline\\Pipeline.php(209): Leantime\\Core\\Middleware\\AuthCheck->handle(Object(Leantime\\Core\\Http\\IncomingRequest), Object(Closure))
#75 C:\\laragon\\www\\dentvira\\public\\leantime\\app\\Core\\Middleware\\InitialHeaders.php(24): Illuminate\\Pipeline\\Pipeline->{closure:{closure:Illuminate\\Pipeline\\Pipeline::carry():184}:185}(Object(Leantime\\Core\\Http\\IncomingRequest))
#76 C:\\laragon\\www\\dentvira\\public\\leantime\\vendor\\laravel\\framework\\src\\Illuminate\\Pipeline\\Pipeline.php(209): Leantime\\Core\\Middleware\\InitialHeaders->handle(Object(Leantime\\Core\\Http\\IncomingRequest), Object(Closure))
#77 C:\\laragon\\www\\dentvira\\public\\leantime\\app\\Core\\Middleware\\LoadPlugins.php(32): Illuminate\\Pipeline\\Pipeline->{closure:{closure:Illuminate\\Pipeline\\Pipeline::carry():184}:185}(Object(Leantime\\Core\\Http\\IncomingRequest))
#78 C:\\laragon\\www\\dentvira\\public\\leantime\\vendor\\laravel\\framework\\src\\Illuminate\\Pipeline\\Pipeline.php(209): Leantime\\Core\\Middleware\\LoadPlugins->handle(Object(Leantime\\Core\\Http\\IncomingRequest), Object(Closure))
#79 C:\\laragon\\www\\dentvira\\public\\leantime\\app\\Core\\Middleware\\Updated.php(67): Illuminate\\Pipeline\\Pipeline->{closure:{closure:Illuminate\\Pipeline\\Pipeline::carry():184}:185}(Object(Leantime\\Core\\Http\\IncomingRequest))
#80 C:\\laragon\\www\\dentvira\\public\\leantime\\vendor\\laravel\\framework\\src\\Illuminate\\Pipeline\\Pipeline.php(209): Leantime\\Core\\Middleware\\Updated->handle(Object(Leantime\\Core\\Http\\IncomingRequest), Object(Closure))
#81 C:\\laragon\\www\\dentvira\\public\\leantime\\app\\Core\\Middleware\\Installed.php(39): Illuminate\\Pipeline\\Pipeline->{closure:{closure:Illuminate\\Pipeline\\Pipeline::carry():184}:185}(Object(Leantime\\Core\\Http\\IncomingRequest))
#82 C:\\laragon\\www\\dentvira\\public\\leantime\\vendor\\laravel\\framework\\src\\Illuminate\\Pipeline\\Pipeline.php(209): Leantime\\Core\\Middleware\\Installed->handle(Object(Leantime\\Core\\Http\\IncomingRequest), Object(Closure))
#83 C:\\laragon\\www\\dentvira\\public\\leantime\\app\\Core\\Middleware\\StartSession.php(134): Illuminate\\Pipeline\\Pipeline->{closure:{closure:Illuminate\\Pipeline\\Pipeline::carry():184}:185}(Object(Leantime\\Core\\Http\\IncomingRequest))
#84 C:\\laragon\\www\\dentvira\\public\\leantime\\app\\Core\\Middleware\\StartSession.php(83): Leantime\\Core\\Middleware\\StartSession->handleOptimisticRequest(Object(Leantime\\Core\\Http\\IncomingRequest), Object(Illuminate\\Session\\Store), Object(Closure))
#85 C:\\laragon\\www\\dentvira\\public\\leantime\\vendor\\laravel\\framework\\src\\Illuminate\\Pipeline\\Pipeline.php(209): Leantime\\Core\\Middleware\\StartSession->handle(Object(Leantime\\Core\\Http\\IncomingRequest), Object(Closure))
#86 C:\\laragon\\www\\dentvira\\public\\leantime\\app\\Core\\Middleware\\TrustProxies.php(65): Illuminate\\Pipeline\\Pipeline->{closure:{closure:Illuminate\\Pipeline\\Pipeline::carry():184}:185}(Object(Leantime\\Core\\Http\\IncomingRequest))
#87 C:\\laragon\\www\\dentvira\\public\\leantime\\vendor\\laravel\\framework\\src\\Illuminate\\Pipeline\\Pipeline.php(209): Leantime\\Core\\Middleware\\TrustProxies->handle(Object(Leantime\\Core\\Http\\IncomingRequest), Object(Closure))
#88 C:\\laragon\\www\\dentvira\\public\\leantime\\vendor\\laravel\\framework\\src\\Illuminate\\Pipeline\\Pipeline.php(127): Illuminate\\Pipeline\\Pipeline->{closure:{closure:Illuminate\\Pipeline\\Pipeline::carry():184}:185}(Object(Leantime\\Core\\Http\\IncomingRequest))
#89 C:\\laragon\\www\\dentvira\\public\\leantime\\app\\Core\\Http\\HttpKernel.php(164): Illuminate\\Pipeline\\Pipeline->then(Object(Closure))
#90 C:\\laragon\\www\\dentvira\\public\\leantime\\app\\Core\\Http\\HttpKernel.php(121): Leantime\\Core\\Http\\HttpKernel->sendRequestThroughRouter(Object(Leantime\\Core\\Http\\IncomingRequest))
#91 C:\\laragon\\www\\dentvira\\public\\leantime\\app\\Core\\Bootloader.php(79): Leantime\\Core\\Http\\HttpKernel->handle(Object(Leantime\\Core\\Http\\IncomingRequest))
#92 C:\\laragon\\www\\dentvira\\public\\leantime\\app\\Core\\Bootloader.php(60): Leantime\\Core\\Bootloader->handleRequest(Object(Leantime\\Core\\Http\\IncomingRequest))
#93 C:\\laragon\\www\\dentvira\\public\\leantime\\public\\index.php(20): Leantime\\Core\\Bootloader->boot(Object(Leantime\\Core\\Application))
#94 {main}
"} 
[2026-10-02 13:50:30] production.ERROR: SQLSTATE[42S02]: Base table or view not found: 1146 Table 'dentvira_leantime.zp_user' doesn't exist (Connection: mysql, SQL: select count(*) as aggregate from `zp_user`) {"exception":"[object] (Illuminate\\Database\\QueryException(code: 42S02): SQLSTATE[42S02]: Base table or view not found: 1146 Table 'dentvira_leantime.zp_user' doesn't exist (Connection: mysql, SQL: select count(*) as aggregate from `zp_user`) at C:\\laragon\\www\\dentvira\\public\\leantime\\vendor\\laravel\\framework\\src\\Illuminate\\Database\\Connection.php:825)
[stacktrace]
#0 C:\\laragon\\www\\dentvira\\public\\leantime\\vendor\\laravel\\framework\\src\\Illuminate\\Database\\Connection.php(779): Illuminate\\Database\\Connection->runQueryCallback('select count(*)...', Array, Object(Closure))
#1 C:\\laragon\\www\\dentvira\\public\\leantime\\vendor\\laravel\\framework\\src\\Illuminate\\Database\\Connection.php(398): Illuminate\\Database\\Connection->run('select count(*)...', Array, Object(Closure))
#2 C:\\laragon\\www\\dentvira\\public\\leantime\\vendor\\laravel\\framework\\src\\Illuminate\\Database\\Query\\Builder.php(3106): Illuminate\\Database\\Connection->select('select count(*)...', Array, true)
#3 C:\\laragon\\www\\dentvira\\public\\leantime\\vendor\\laravel\\framework\\src\\Illuminate\\Database\\Query\\Builder.php(3091): Illuminate\\Database\\Query\\Builder->runSelect()
#4 C:\\laragon\\www\\dentvira\\public\\leantime\\vendor\\laravel\\framework\\src\\Illuminate\\Database\\Query\\Builder.php(3676): Illuminate\\Database\\Query\\Builder->{closure:Illuminate\\Database\\Query\\Builder::get():3090}()
#5 C:\\laragon\\www\\dentvira\\public\\leantime\\vendor\\laravel\\framework\\src\\Illuminate\\Database\\Query\\Builder.php(3090): Illuminate\\Database\\Query\\Builder->onceWithColumns(Array, Object(Closure))
#6 C:\\laragon\\www\\dentvira\\public\\leantime\\vendor\\laravel\\framework\\src\\Illuminate\\Database\\Query\\Builder.php(3603): Illuminate\\Database\\Query\\Builder->get(Array)
#7 C:\\laragon\\www\\dentvira\\public\\leantime\\vendor\\laravel\\framework\\src\\Illuminate\\Database\\Query\\Builder.php(3531): Illuminate\\Database\\Query\\Builder->aggregate('count', Array)
#8 C:\\laragon\\www\\dentvira\\public\\leantime\\app\\Domain\\Setting\\Repositories\\Setting.php(159): Illuminate\\Database\\Query\\Builder->count()
#9 C:\\laragon\\www\\dentvira\\public\\leantime\\app\\Core\\Middleware\\Installed.php(33): Leantime\\Domain\\Setting\\Repositories\\Setting->checkIfInstalled()
#10 C:\\laragon\\www\\dentvira\\public\\leantime\\vendor\\laravel\\framework\\src\\Illuminate\\Pipeline\\Pipeline.php(209): Leantime\\Core\\Middleware\\Installed->handle(Object(Leantime\\Core\\Http\\IncomingRequest), Object(Closure))
#11 C:\\laragon\\www\\dentvira\\public\\leantime\\app\\Core\\Middleware\\StartSession.php(134): Illuminate\\Pipeline\\Pipeline->{closure:{closure:Illuminate\\Pipeline\\Pipeline::carry():184}:185}(Object(Leantime\\Core\\Http\\IncomingRequest))
#12 C:\\laragon\\www\\dentvira\\public\\leantime\\app\\Core\\Middleware\\StartSession.php(83): Leantime\\Core\\Middleware\\StartSession->handleOptimisticRequest(Object(Leantime\\Core\\Http\\IncomingRequest), Object(Illuminate\\Session\\Store), Object(Closure))
#13 C:\\laragon\\www\\dentvira\\public\\leantime\\vendor\\laravel\\framework\\src\\Illuminate\\Pipeline\\Pipeline.php(209): Leantime\\Core\\Middleware\\StartSession->handle(Object(Leantime\\Core\\Http\\IncomingRequest), Object(Closure))
#14 C:\\laragon\\www\\dentvira\\public\\leantime\\app\\Core\\Middleware\\TrustProxies.php(65): Illuminate\\Pipeline\\Pipeline->{closure:{closure:Illuminate\\Pipeline\\Pipeline::carry():184}:185}(Object(Leantime\\Core\\Http\\IncomingRequest))
#15 C:\\laragon\\www\\dentvira\\public\\leantime\\vendor\\laravel\\framework\\src\\Illuminate\\Pipeline\\Pipeline.php(209): Leantime\\Core\\Middleware\\TrustProxies->handle(Object(Leantime\\Core\\Http\\IncomingRequest), Object(Closure))
#16 C:\\laragon\\www\\dentvira\\public\\leantime\\vendor\\laravel\\framework\\src\\Illuminate\\Pipeline\\Pipeline.php(127): Illuminate\\Pipeline\\Pipeline->{closure:{closure:Illuminate\\Pipeline\\Pipeline::carry():184}:185}(Object(Leantime\\Core\\Http\\IncomingRequest))
#17 C:\\laragon\\www\\dentvira\\public\\leantime\\app\\Core\\Http\\HttpKernel.php(164): Illuminate\\Pipeline\\Pipeline->then(Object(Closure))
#18 C:\\laragon\\www\\dentvira\\public\\leantime\\app\\Core\\Http\\HttpKernel.php(121): Leantime\\Core\\Http\\HttpKernel->sendRequestThroughRouter(Object(Leantime\\Core\\Http\\IncomingRequest))
#19 C:\\laragon\\www\\dentvira\\public\\leantime\\app\\Core\\Bootloader.php(79): Leantime\\Core\\Http\\HttpKernel->handle(Object(Leantime\\Core\\Http\\IncomingRequest))
#20 C:\\laragon\\www\\dentvira\\public\\leantime\\app\\Core\\Bootloader.php(60): Leantime\\Core\\Bootloader->handleRequest(Object(Leantime\\Core\\Http\\IncomingRequest))
#21 C:\\laragon\\www\\dentvira\\public\\leantime\\public\\index.php(20): Leantime\\Core\\Bootloader->boot(Object(Leantime\\Core\\Application))
#22 {main}

[previous exception] [object] (PDOException(code: 42S02): SQLSTATE[42S02]: Base table or view not found: 1146 Table 'dentvira_leantime.zp_user' doesn't exist at C:\\laragon\\www\\dentvira\\public\\leantime\\vendor\\laravel\\framework\\src\\Illuminate\\Database\\Connection.php:412)
[stacktrace]
#0 C:\\laragon\\www\\dentvira\\public\\leantime\\vendor\\laravel\\framework\\src\\Illuminate\\Database\\Connection.php(412): PDOStatement->execute()
#1 C:\\laragon\\www\\dentvira\\public\\leantime\\vendor\\laravel\\framework\\src\\Illuminate\\Database\\Connection.php(812): Illuminate\\Database\\Connection->{closure:Illuminate\\Database\\Connection::select():398}('select count(*)...', Array)
#2 C:\\laragon\\www\\dentvira\\public\\leantime\\vendor\\laravel\\framework\\src\\Illuminate\\Database\\Connection.php(779): Illuminate\\Database\\Connection->runQueryCallback('select count(*)...', Array, Object(Closure))
#3 C:\\laragon\\www\\dentvira\\public\\leantime\\vendor\\laravel\\framework\\src\\Illuminate\\Database\\Connection.php(398): Illuminate\\Database\\Connection->run('select count(*)...', Array, Object(Closure))
#4 C:\\laragon\\www\\dentvira\\public\\leantime\\vendor\\laravel\\framework\\src\\Illuminate\\Database\\Query\\Builder.php(3106): Illuminate\\Database\\Connection->select('select count(*)...', Array, true)
#5 C:\\laragon\\www\\dentvira\\public\\leantime\\vendor\\laravel\\framework\\src\\Illuminate\\Database\\Query\\Builder.php(3091): Illuminate\\Database\\Query\\Builder->runSelect()
#6 C:\\laragon\\www\\dentvira\\public\\leantime\\vendor\\laravel\\framework\\src\\Illuminate\\Database\\Query\\Builder.php(3676): Illuminate\\Database\\Query\\Builder->{closure:Illuminate\\Database\\Query\\Builder::get():3090}()
#7 C:\\laragon\\www\\dentvira\\public\\leantime\\vendor\\laravel\\framework\\src\\Illuminate\\Database\\Query\\Builder.php(3090): Illuminate\\Database\\Query\\Builder->onceWithColumns(Array, Object(Closure))
#8 C:\\laragon\\www\\dentvira\\public\\leantime\\vendor\\laravel\\framework\\src\\Illuminate\\Database\\Query\\Builder.php(3603): Illuminate\\Database\\Query\\Builder->get(Array)
#9 C:\\laragon\\www\\dentvira\\public\\leantime\\vendor\\laravel\\framework\\src\\Illuminate\\Database\\Query\\Builder.php(3531): Illuminate\\Database\\Query\\Builder->aggregate('count', Array)
#10 C:\\laragon\\www\\dentvira\\public\\leantime\\app\\Domain\\Setting\\Repositories\\Setting.php(159): Illuminate\\Database\\Query\\Builder->count()
#11 C:\\laragon\\www\\dentvira\\public\\leantime\\app\\Core\\Middleware\\Installed.php(33): Leantime\\Domain\\Setting\\Repositories\\Setting->checkIfInstalled()
#12 C:\\laragon\\www\\dentvira\\public\\leantime\\vendor\\laravel\\framework\\src\\Illuminate\\Pipeline\\Pipeline.php(209): Leantime\\Core\\Middleware\\Installed->handle(Object(Leantime\\Core\\Http\\IncomingRequest), Object(Closure))
#13 C:\\laragon\\www\\dentvira\\public\\leantime\\app\\Core\\Middleware\\StartSession.php(134): Illuminate\\Pipeline\\Pipeline->{closure:{closure:Illuminate\\Pipeline\\Pipeline::carry():184}:185}(Object(Leantime\\Core\\Http\\IncomingRequest))
#14 C:\\laragon\\www\\dentvira\\public\\leantime\\app\\Core\\Middleware\\StartSession.php(83): Leantime\\Core\\Middleware\\StartSession->handleOptimisticRequest(Object(Leantime\\Core\\Http\\IncomingRequest), Object(Illuminate\\Session\\Store), Object(Closure))
#15 C:\\laragon\\www\\dentvira\\public\\leantime\\vendor\\laravel\\framework\\src\\Illuminate\\Pipeline\\Pipeline.php(209): Leantime\\Core\\Middleware\\StartSession->handle(Object(Leantime\\Core\\Http\\IncomingRequest), Object(Closure))
#16 C:\\laragon\\www\\dentvira\\public\\leantime\\app\\Core\\Middleware\\TrustProxies.php(65): Illuminate\\Pipeline\\Pipeline->{closure:{closure:Illuminate\\Pipeline\\Pipeline::carry():184}:185}(Object(Leantime\\Core\\Http\\IncomingRequest))
#17 C:\\laragon\\www\\dentvira\\public\\leantime\\vendor\\laravel\\framework\\src\\Illuminate\\Pipeline\\Pipeline.php(209): Leantime\\Core\\Middleware\\TrustProxies->handle(Object(Leantime\\Core\\Http\\IncomingRequest), Object(Closure))
#18 C:\\laragon\\www\\dentvira\\public\\leantime\\vendor\\laravel\\framework\\src\\Illuminate\\Pipeline\\Pipeline.php(127): Illuminate\\Pipeline\\Pipeline->{closure:{closure:Illuminate\\Pipeline\\Pipeline::carry():184}:185}(Object(Leantime\\Core\\Http\\IncomingRequest))
#19 C:\\laragon\\www\\dentvira\\public\\leantime\\app\\Core\\Http\\HttpKernel.php(164): Illuminate\\Pipeline\\Pipeline->then(Object(Closure))
#20 C:\\laragon\\www\\dentvira\\public\\leantime\\app\\Core\\Http\\HttpKernel.php(121): Leantime\\Core\\Http\\HttpKernel->sendRequestThroughRouter(Object(Leantime\\Core\\Http\\IncomingRequest))
#21 C:\\laragon\\www\\dentvira\\public\\leantime\\app\\Core\\Bootloader.php(79): Leantime\\Core\\Http\\HttpKernel->handle(Object(Leantime\\Core\\Http\\IncomingRequest))
#22 C:\\laragon\\www\\dentvira\\public\\leantime\\app\\Core\\Bootloader.php(60): Leantime\\Core\\Bootloader->handleRequest(Object(Leantime\\Core\\Http\\IncomingRequest))
#23 C:\\laragon\\www\\dentvira\\public\\leantime\\public\\index.php(20): Leantime\\Core\\Bootloader->boot(Object(Leantime\\Core\\Application))
#24 {main}
"} 
[2026-10-02 13:50:30] production.ERROR: SQLSTATE[42S02]: Base table or view not found: 1146 Table 'dentvira_leantime.zp_user' doesn't exist (Connection: mysql, SQL: select count(*) as aggregate from `zp_user`) {"exception":"[object] (Illuminate\\Database\\QueryException(code: 42S02): SQLSTATE[42S02]: Base table or view not found: 1146 Table 'dentvira_leantime.zp_user' doesn't exist (Connection: mysql, SQL: select count(*) as aggregate from `zp_user`) at C:\\laragon\\www\\dentvira\\public\\leantime\\vendor\\laravel\\framework\\src\\Illuminate\\Database\\Connection.php:825)
[stacktrace]
#0 C:\\laragon\\www\\dentvira\\public\\leantime\\vendor\\laravel\\framework\\src\\Illuminate\\Database\\Connection.php(779): Illuminate\\Database\\Connection->runQueryCallback('select count(*)...', Array, Object(Closure))
#1 C:\\laragon\\www\\dentvira\\public\\leantime\\vendor\\laravel\\framework\\src\\Illuminate\\Database\\Connection.php(398): Illuminate\\Database\\Connection->run('select count(*)...', Array, Object(Closure))
#2 C:\\laragon\\www\\dentvira\\public\\leantime\\vendor\\laravel\\framework\\src\\Illuminate\\Database\\Query\\Builder.php(3106): Illuminate\\Database\\Connection->select('select count(*)...', Array, true)
#3 C:\\laragon\\www\\dentvira\\public\\leantime\\vendor\\laravel\\framework\\src\\Illuminate\\Database\\Query\\Builder.php(3091): Illuminate\\Database\\Query\\Builder->runSelect()
#4 C:\\laragon\\www\\dentvira\\public\\leantime\\vendor\\laravel\\framework\\src\\Illuminate\\Database\\Query\\Builder.php(3676): Illuminate\\Database\\Query\\Builder->{closure:Illuminate\\Database\\Query\\Builder::get():3090}()
#5 C:\\laragon\\www\\dentvira\\public\\leantime\\vendor\\laravel\\framework\\src\\Illuminate\\Database\\Query\\Builder.php(3090): Illuminate\\Database\\Query\\Builder->onceWithColumns(Array, Object(Closure))
#6 C:\\laragon\\www\\dentvira\\public\\leantime\\vendor\\laravel\\framework\\src\\Illuminate\\Database\\Query\\Builder.php(3603): Illuminate\\Database\\Query\\Builder->get(Array)
#7 C:\\laragon\\www\\dentvira\\public\\leantime\\vendor\\laravel\\framework\\src\\Illuminate\\Database\\Query\\Builder.php(3531): Illuminate\\Database\\Query\\Builder->aggregate('count', Array)
#8 C:\\laragon\\www\\dentvira\\public\\leantime\\app\\Domain\\Setting\\Repositories\\Setting.php(159): Illuminate\\Database\\Query\\Builder->count()
#9 C:\\laragon\\www\\dentvira\\public\\leantime\\app\\Domain\\Setting\\Repositories\\Setting.php(34): Leantime\\Domain\\Setting\\Repositories\\Setting->checkIfInstalled()
#10 C:\\laragon\\www\\dentvira\\public\\leantime\\app\\Core\\Middleware\\Updated.php(32): Leantime\\Domain\\Setting\\Repositories\\Setting->getSetting('db-version')
#11 C:\\laragon\\www\\dentvira\\public\\leantime\\vendor\\laravel\\framework\\src\\Illuminate\\Pipeline\\Pipeline.php(209): Leantime\\Core\\Middleware\\Updated->handle(Object(Leantime\\Core\\Http\\IncomingRequest), Object(Closure))
#12 C:\\laragon\\www\\dentvira\\public\\leantime\\app\\Core\\Middleware\\Installed.php(39): Illuminate\\Pipeline\\Pipeline->{closure:{closure:Illuminate\\Pipeline\\Pipeline::carry():184}:185}(Object(Leantime\\Core\\Http\\IncomingRequest))
#13 C:\\laragon\\www\\dentvira\\public\\leantime\\vendor\\laravel\\framework\\src\\Illuminate\\Pipeline\\Pipeline.php(209): Leantime\\Core\\Middleware\\Installed->handle(Object(Leantime\\Core\\Http\\IncomingRequest), Object(Closure))
#14 C:\\laragon\\www\\dentvira\\public\\leantime\\app\\Core\\Middleware\\StartSession.php(134): Illuminate\\Pipeline\\Pipeline->{closure:{closure:Illuminate\\Pipeline\\Pipeline::carry():184}:185}(Object(Leantime\\Core\\Http\\IncomingRequest))
#15 C:\\laragon\\www\\dentvira\\public\\leantime\\app\\Core\\Middleware\\StartSession.php(83): Leantime\\Core\\Middleware\\StartSession->handleOptimisticRequest(Object(Leantime\\Core\\Http\\IncomingRequest), Object(Illuminate\\Session\\Store), Object(Closure))
#16 C:\\laragon\\www\\dentvira\\public\\leantime\\vendor\\laravel\\framework\\src\\Illuminate\\Pipeline\\Pipeline.php(209): Leantime\\Core\\Middleware\\StartSession->handle(Object(Leantime\\Core\\Http\\IncomingRequest), Object(Closure))
#17 C:\\laragon\\www\\dentvira\\public\\leantime\\app\\Core\\Middleware\\TrustProxies.php(65): Illuminate\\Pipeline\\Pipeline->{closure:{closure:Illuminate\\Pipeline\\Pipeline::carry():184}:185}(Object(Leantime\\Core\\Http\\IncomingRequest))
#18 C:\\laragon\\www\\dentvira\\public\\leantime\\vendor\\laravel\\framework\\src\\Illuminate\\Pipeline\\Pipeline.php(209): Leantime\\Core\\Middleware\\TrustProxies->handle(Object(Leantime\\Core\\Http\\IncomingRequest), Object(Closure))
#19 C:\\laragon\\www\\dentvira\\public\\leantime\\vendor\\laravel\\framework\\src\\Illuminate\\Pipeline\\Pipeline.php(127): Illuminate\\Pipeline\\Pipeline->{closure:{closure:Illuminate\\Pipeline\\Pipeline::carry():184}:185}(Object(Leantime\\Core\\Http\\IncomingRequest))
#20 C:\\laragon\\www\\dentvira\\public\\leantime\\app\\Core\\Http\\HttpKernel.php(164): Illuminate\\Pipeline\\Pipeline->then(Object(Closure))
#21 C:\\laragon\\www\\dentvira\\public\\leantime\\app\\Core\\Http\\HttpKernel.php(121): Leantime\\Core\\Http\\HttpKernel->sendRequestThroughRouter(Object(Leantime\\Core\\Http\\IncomingRequest))
#22 C:\\laragon\\www\\dentvira\\public\\leantime\\app\\Core\\Bootloader.php(79): Leantime\\Core\\Http\\HttpKernel->handle(Object(Leantime\\Core\\Http\\IncomingRequest))
#23 C:\\laragon\\www\\dentvira\\public\\leantime\\app\\Core\\Bootloader.php(60): Leantime\\Core\\Bootloader->handleRequest(Object(Leantime\\Core\\Http\\IncomingRequest))
#24 C:\\laragon\\www\\dentvira\\public\\leantime\\public\\index.php(20): Leantime\\Core\\Bootloader->boot(Object(Leantime\\Core\\Application))
#25 {main}

[previous exception] [object] (PDOException(code: 42S02): SQLSTATE[42S02]: Base table or view not found: 1146 Table 'dentvira_leantime.zp_user' doesn't exist at C:\\laragon\\www\\dentvira\\public\\leantime\\vendor\\laravel\\framework\\src\\Illuminate\\Database\\Connection.php:412)
[stacktrace]
#0 C:\\laragon\\www\\dentvira\\public\\leantime\\vendor\\laravel\\framework\\src\\Illuminate\\Database\\Connection.php(412): PDOStatement->execute()
#1 C:\\laragon\\www\\dentvira\\public\\leantime\\vendor\\laravel\\framework\\src\\Illuminate\\Database\\Connection.php(812): Illuminate\\Database\\Connection->{closure:Illuminate\\Database\\Connection::select():398}('select count(*)...', Array)
#2 C:\\laragon\\www\\dentvira\\public\\leantime\\vendor\\laravel\\framework\\src\\Illuminate\\Database\\Connection.php(779): Illuminate\\Database\\Connection->runQueryCallback('select count(*)...', Array, Object(Closure))
#3 C:\\laragon\\www\\dentvira\\public\\leantime\\vendor\\laravel\\framework\\src\\Illuminate\\Database\\Connection.php(398): Illuminate\\Database\\Connection->run('select count(*)...', Array, Object(Closure))
#4 C:\\laragon\\www\\dentvira\\public\\leantime\\vendor\\laravel\\framework\\src\\Illuminate\\Database\\Query\\Builder.php(3106): Illuminate\\Database\\Connection->select('select count(*)...', Array, true)
#5 C:\\laragon\\www\\dentvira\\public\\leantime\\vendor\\laravel\\framework\\src\\Illuminate\\Database\\Query\\Builder.php(3091): Illuminate\\Database\\Query\\Builder->runSelect()
#6 C:\\laragon\\www\\dentvira\\public\\leantime\\vendor\\laravel\\framework\\src\\Illuminate\\Database\\Query\\Builder.php(3676): Illuminate\\Database\\Query\\Builder->{closure:Illuminate\\Database\\Query\\Builder::get():3090}()
#7 C:\\laragon\\www\\dentvira\\public\\leantime\\vendor\\laravel\\framework\\src\\Illuminate\\Database\\Query\\Builder.php(3090): Illuminate\\Database\\Query\\Builder->onceWithColumns(Array, Object(Closure))
#8 C:\\laragon\\www\\dentvira\\public\\leantime\\vendor\\laravel\\framework\\src\\Illuminate\\Database\\Query\\Builder.php(3603): Illuminate\\Database\\Query\\Builder->get(Array)
#9 C:\\laragon\\www\\dentvira\\public\\leantime\\vendor\\laravel\\framework\\src\\Illuminate\\Database\\Query\\Builder.php(3531): Illuminate\\Database\\Query\\Builder->aggregate('count', Array)
#10 C:\\laragon\\www\\dentvira\\public\\leantime\\app\\Domain\\Setting\\Repositories\\Setting.php(159): Illuminate\\Database\\Query\\Builder->count()
#11 C:\\laragon\\www\\dentvira\\public\\leantime\\app\\Domain\\Setting\\Repositories\\Setting.php(34): Leantime\\Domain\\Setting\\Repositories\\Setting->checkIfInstalled()
#12 C:\\laragon\\www\\dentvira\\public\\leantime\\app\\Core\\Middleware\\Updated.php(32): Leantime\\Domain\\Setting\\Repositories\\Setting->getSetting('db-version')
#13 C:\\laragon\\www\\dentvira\\public\\leantime\\vendor\\laravel\\framework\\src\\Illuminate\\Pipeline\\Pipeline.php(209): Leantime\\Core\\Middleware\\Updated->handle(Object(Leantime\\Core\\Http\\IncomingRequest), Object(Closure))
#14 C:\\laragon\\www\\dentvira\\public\\leantime\\app\\Core\\Middleware\\Installed.php(39): Illuminate\\Pipeline\\Pipeline->{closure:{closure:Illuminate\\Pipeline\\Pipeline::carry():184}:185}(Object(Leantime\\Core\\Http\\IncomingRequest))
#15 C:\\laragon\\www\\dentvira\\public\\leantime\\vendor\\laravel\\framework\\src\\Illuminate\\Pipeline\\Pipeline.php(209): Leantime\\Core\\Middleware\\Installed->handle(Object(Leantime\\Core\\Http\\IncomingRequest), Object(Closure))
#16 C:\\laragon\\www\\dentvira\\public\\leantime\\app\\Core\\Middleware\\StartSession.php(134): Illuminate\\Pipeline\\Pipeline->{closure:{closure:Illuminate\\Pipeline\\Pipeline::carry():184}:185}(Object(Leantime\\Core\\Http\\IncomingRequest))
#17 C:\\laragon\\www\\dentvira\\public\\leantime\\app\\Core\\Middleware\\StartSession.php(83): Leantime\\Core\\Middleware\\StartSession->handleOptimisticRequest(Object(Leantime\\Core\\Http\\IncomingRequest), Object(Illuminate\\Session\\Store), Object(Closure))
#18 C:\\laragon\\www\\dentvira\\public\\leantime\\vendor\\laravel\\framework\\src\\Illuminate\\Pipeline\\Pipeline.php(209): Leantime\\Core\\Middleware\\StartSession->handle(Object(Leantime\\Core\\Http\\IncomingRequest), Object(Closure))
#19 C:\\laragon\\www\\dentvira\\public\\leantime\\app\\Core\\Middleware\\TrustProxies.php(65): Illuminate\\Pipeline\\Pipeline->{closure:{closure:Illuminate\\Pipeline\\Pipeline::carry():184}:185}(Object(Leantime\\Core\\Http\\IncomingRequest))
#20 C:\\laragon\\www\\dentvira\\public\\leantime\\vendor\\laravel\\framework\\src\\Illuminate\\Pipeline\\Pipeline.php(209): Leantime\\Core\\Middleware\\TrustProxies->handle(Object(Leantime\\Core\\Http\\IncomingRequest), Object(Closure))
#21 C:\\laragon\\www\\dentvira\\public\\leantime\\vendor\\laravel\\framework\\src\\Illuminate\\Pipeline\\Pipeline.php(127): Illuminate\\Pipeline\\Pipeline->{closure:{closure:Illuminate\\Pipeline\\Pipeline::carry():184}:185}(Object(Leantime\\Core\\Http\\IncomingRequest))
#22 C:\\laragon\\www\\dentvira\\public\\leantime\\app\\Core\\Http\\HttpKernel.php(164): Illuminate\\Pipeline\\Pipeline->then(Object(Closure))
#23 C:\\laragon\\www\\dentvira\\public\\leantime\\app\\Core\\Http\\HttpKernel.php(121): Leantime\\Core\\Http\\HttpKernel->sendRequestThroughRouter(Object(Leantime\\Core\\Http\\IncomingRequest))
#24 C:\\laragon\\www\\dentvira\\public\\leantime\\app\\Core\\Bootloader.php(79): Leantime\\Core\\Http\\HttpKernel->handle(Object(Leantime\\Core\\Http\\IncomingRequest))
#25 C:\\laragon\\www\\dentvira\\public\\leantime\\app\\Core\\Bootloader.php(60): Leantime\\Core\\Bootloader->handleRequest(Object(Leantime\\Core\\Http\\IncomingRequest))
#26 C:\\laragon\\www\\dentvira\\public\\leantime\\public\\index.php(20): Leantime\\Core\\Bootloader->boot(Object(Leantime\\Core\\Application))
#27 {main}
"} 
[2026-10-02 13:52:00] production.ERROR: SQLSTATE[42S02]: Base table or view not found: 1146 Table 'dentvira_leantime.zp_user' doesn't exist (Connection: mysql, SQL: select count(*) as aggregate from `zp_user`) {"exception":"[object] (Illuminate\\Database\\QueryException(code: 42S02): SQLSTATE[42S02]: Base table or view not found: 1146 Table 'dentvira_leantime.zp_user' doesn't exist (Connection: mysql, SQL: select count(*) as aggregate from `zp_user`) at C:\\laragon\\www\\dentvira\\public\\leantime\\vendor\\laravel\\framework\\src\\Illuminate\\Database\\Connection.php:825)
[stacktrace]
#0 C:\\laragon\\www\\dentvira\\public\\leantime\\vendor\\laravel\\framework\\src\\Illuminate\\Database\\Connection.php(779): Illuminate\\Database\\Connection->runQueryCallback('select count(*)...', Array, Object(Closure))
#1 C:\\laragon\\www\\dentvira\\public\\leantime\\vendor\\laravel\\framework\\src\\Illuminate\\Database\\Connection.php(398): Illuminate\\Database\\Connection->run('select count(*)...', Array, Object(Closure))
#2 C:\\laragon\\www\\dentvira\\public\\leantime\\vendor\\laravel\\framework\\src\\Illuminate\\Database\\Query\\Builder.php(3106): Illuminate\\Database\\Connection->select('select count(*)...', Array, true)
#3 C:\\laragon\\www\\dentvira\\public\\leantime\\vendor\\laravel\\framework\\src\\Illuminate\\Database\\Query\\Builder.php(3091): Illuminate\\Database\\Query\\Builder->runSelect()
#4 C:\\laragon\\www\\dentvira\\public\\leantime\\vendor\\laravel\\framework\\src\\Illuminate\\Database\\Query\\Builder.php(3676): Illuminate\\Database\\Query\\Builder->{closure:Illuminate\\Database\\Query\\Builder::get():3090}()
#5 C:\\laragon\\www\\dentvira\\public\\leantime\\vendor\\laravel\\framework\\src\\Illuminate\\Database\\Query\\Builder.php(3090): Illuminate\\Database\\Query\\Builder->onceWithColumns(Array, Object(Closure))
#6 C:\\laragon\\www\\dentvira\\public\\leantime\\vendor\\laravel\\framework\\src\\Illuminate\\Database\\Query\\Builder.php(3603): Illuminate\\Database\\Query\\Builder->get(Array)
#7 C:\\laragon\\www\\dentvira\\public\\leantime\\vendor\\laravel\\framework\\src\\Illuminate\\Database\\Query\\Builder.php(3531): Illuminate\\Database\\Query\\Builder->aggregate('count', Array)
#8 C:\\laragon\\www\\dentvira\\public\\leantime\\app\\Domain\\Setting\\Repositories\\Setting.php(159): Illuminate\\Database\\Query\\Builder->count()
#9 C:\\laragon\\www\\dentvira\\public\\leantime\\app\\Core\\Middleware\\Installed.php(33): Leantime\\Domain\\Setting\\Repositories\\Setting->checkIfInstalled()
#10 C:\\laragon\\www\\dentvira\\public\\leantime\\vendor\\laravel\\framework\\src\\Illuminate\\Pipeline\\Pipeline.php(209): Leantime\\Core\\Middleware\\Installed->handle(Object(Leantime\\Core\\Http\\IncomingRequest), Object(Closure))
#11 C:\\laragon\\www\\dentvira\\public\\leantime\\app\\Core\\Middleware\\StartSession.php(134): Illuminate\\Pipeline\\Pipeline->{closure:{closure:Illuminate\\Pipeline\\Pipeline::carry():184}:185}(Object(Leantime\\Core\\Http\\IncomingRequest))
#12 C:\\laragon\\www\\dentvira\\public\\leantime\\app\\Core\\Middleware\\StartSession.php(83): Leantime\\Core\\Middleware\\StartSession->handleOptimisticRequest(Object(Leantime\\Core\\Http\\IncomingRequest), Object(Illuminate\\Session\\Store), Object(Closure))
#13 C:\\laragon\\www\\dentvira\\public\\leantime\\vendor\\laravel\\framework\\src\\Illuminate\\Pipeline\\Pipeline.php(209): Leantime\\Core\\Middleware\\StartSession->handle(Object(Leantime\\Core\\Http\\IncomingRequest), Object(Closure))
#14 C:\\laragon\\www\\dentvira\\public\\leantime\\app\\Core\\Middleware\\TrustProxies.php(65): Illuminate\\Pipeline\\Pipeline->{closure:{closure:Illuminate\\Pipeline\\Pipeline::carry():184}:185}(Object(Leantime\\Core\\Http\\IncomingRequest))
#15 C:\\laragon\\www\\dentvira\\public\\leantime\\vendor\\laravel\\framework\\src\\Illuminate\\Pipeline\\Pipeline.php(209): Leantime\\Core\\Middleware\\TrustProxies->handle(Object(Leantime\\Core\\Http\\IncomingRequest), Object(Closure))
#16 C:\\laragon\\www\\dentvira\\public\\leantime\\vendor\\laravel\\framework\\src\\Illuminate\\Pipeline\\Pipeline.php(127): Illuminate\\Pipeline\\Pipeline->{closure:{closure:Illuminate\\Pipeline\\Pipeline::carry():184}:185}(Object(Leantime\\Core\\Http\\IncomingRequest))
#17 C:\\laragon\\www\\dentvira\\public\\leantime\\app\\Core\\Http\\HttpKernel.php(164): Illuminate\\Pipeline\\Pipeline->then(Object(Closure))
#18 C:\\laragon\\www\\dentvira\\public\\leantime\\app\\Core\\Http\\HttpKernel.php(121): Leantime\\Core\\Http\\HttpKernel->sendRequestThroughRouter(Object(Leantime\\Core\\Http\\IncomingRequest))
#19 C:\\laragon\\www\\dentvira\\public\\leantime\\app\\Core\\Bootloader.php(79): Leantime\\Core\\Http\\HttpKernel->handle(Object(Leantime\\Core\\Http\\IncomingRequest))
#20 C:\\laragon\\www\\dentvira\\public\\leantime\\app\\Core\\Bootloader.php(60): Leantime\\Core\\Bootloader->handleRequest(Object(Leantime\\Core\\Http\\IncomingRequest))
#21 C:\\laragon\\www\\dentvira\\public\\leantime\\public\\index.php(20): Leantime\\Core\\Bootloader->boot(Object(Leantime\\Core\\Application))
#22 {main}

[previous exception] [object] (PDOException(code: 42S02): SQLSTATE[42S02]: Base table or view not found: 1146 Table 'dentvira_leantime.zp_user' doesn't exist at C:\\laragon\\www\\dentvira\\public\\leantime\\vendor\\laravel\\framework\\src\\Illuminate\\Database\\Connection.php:412)
[stacktrace]
#0 C:\\laragon\\www\\dentvira\\public\\leantime\\vendor\\laravel\\framework\\src\\Illuminate\\Database\\Connection.php(412): PDOStatement->execute()
#1 C:\\laragon\\www\\dentvira\\public\\leantime\\vendor\\laravel\\framework\\src\\Illuminate\\Database\\Connection.php(812): Illuminate\\Database\\Connection->{closure:Illuminate\\Database\\Connection::select():398}('select count(*)...', Array)
#2 C:\\laragon\\www\\dentvira\\public\\leantime\\vendor\\laravel\\framework\\src\\Illuminate\\Database\\Connection.php(779): Illuminate\\Database\\Connection->runQueryCallback('select count(*)...', Array, Object(Closure))
#3 C:\\laragon\\www\\dentvira\\public\\leantime\\vendor\\laravel\\framework\\src\\Illuminate\\Database\\Connection.php(398): Illuminate\\Database\\Connection->run('select count(*)...', Array, Object(Closure))
#4 C:\\laragon\\www\\dentvira\\public\\leantime\\vendor\\laravel\\framework\\src\\Illuminate\\Database\\Query\\Builder.php(3106): Illuminate\\Database\\Connection->select('select count(*)...', Array, true)
#5 C:\\laragon\\www\\dentvira\\public\\leantime\\vendor\\laravel\\framework\\src\\Illuminate\\Database\\Query\\Builder.php(3091): Illuminate\\Database\\Query\\Builder->runSelect()
#6 C:\\laragon\\www\\dentvira\\public\\leantime\\vendor\\laravel\\framework\\src\\Illuminate\\Database\\Query\\Builder.php(3676): Illuminate\\Database\\Query\\Builder->{closure:Illuminate\\Database\\Query\\Builder::get():3090}()
#7 C:\\laragon\\www\\dentvira\\public\\leantime\\vendor\\laravel\\framework\\src\\Illuminate\\Database\\Query\\Builder.php(3090): Illuminate\\Database\\Query\\Builder->onceWithColumns(Array, Object(Closure))
#8 C:\\laragon\\www\\dentvira\\public\\leantime\\vendor\\laravel\\framework\\src\\Illuminate\\Database\\Query\\Builder.php(3603): Illuminate\\Database\\Query\\Builder->get(Array)
#9 C:\\laragon\\www\\dentvira\\public\\leantime\\vendor\\laravel\\framework\\src\\Illuminate\\Database\\Query\\Builder.php(3531): Illuminate\\Database\\Query\\Builder->aggregate('count', Array)
#10 C:\\laragon\\www\\dentvira\\public\\leantime\\app\\Domain\\Setting\\Repositories\\Setting.php(159): Illuminate\\Database\\Query\\Builder->count()
#11 C:\\laragon\\www\\dentvira\\public\\leantime\\app\\Core\\Middleware\\Installed.php(33): Leantime\\Domain\\Setting\\Repositories\\Setting->checkIfInstalled()
#12 C:\\laragon\\www\\dentvira\\public\\leantime\\vendor\\laravel\\framework\\src\\Illuminate\\Pipeline\\Pipeline.php(209): Leantime\\Core\\Middleware\\Installed->handle(Object(Leantime\\Core\\Http\\IncomingRequest), Object(Closure))
#13 C:\\laragon\\www\\dentvira\\public\\leantime\\app\\Core\\Middleware\\StartSession.php(134): Illuminate\\Pipeline\\Pipeline->{closure:{closure:Illuminate\\Pipeline\\Pipeline::carry():184}:185}(Object(Leantime\\Core\\Http\\IncomingRequest))
#14 C:\\laragon\\www\\dentvira\\public\\leantime\\app\\Core\\Middleware\\StartSession.php(83): Leantime\\Core\\Middleware\\StartSession->handleOptimisticRequest(Object(Leantime\\Core\\Http\\IncomingRequest), Object(Illuminate\\Session\\Store), Object(Closure))
#15 C:\\laragon\\www\\dentvira\\public\\leantime\\vendor\\laravel\\framework\\src\\Illuminate\\Pipeline\\Pipeline.php(209): Leantime\\Core\\Middleware\\StartSession->handle(Object(Leantime\\Core\\Http\\IncomingRequest), Object(Closure))
#16 C:\\laragon\\www\\dentvira\\public\\leantime\\app\\Core\\Middleware\\TrustProxies.php(65): Illuminate\\Pipeline\\Pipeline->{closure:{closure:Illuminate\\Pipeline\\Pipeline::carry():184}:185}(Object(Leantime\\Core\\Http\\IncomingRequest))
#17 C:\\laragon\\www\\dentvira\\public\\leantime\\vendor\\laravel\\framework\\src\\Illuminate\\Pipeline\\Pipeline.php(209): Leantime\\Core\\Middleware\\TrustProxies->handle(Object(Leantime\\Core\\Http\\IncomingRequest), Object(Closure))
#18 C:\\laragon\\www\\dentvira\\public\\leantime\\vendor\\laravel\\framework\\src\\Illuminate\\Pipeline\\Pipeline.php(127): Illuminate\\Pipeline\\Pipeline->{closure:{closure:Illuminate\\Pipeline\\Pipeline::carry():184}:185}(Object(Leantime\\Core\\Http\\IncomingRequest))
#19 C:\\laragon\\www\\dentvira\\public\\leantime\\app\\Core\\Http\\HttpKernel.php(164): Illuminate\\Pipeline\\Pipeline->then(Object(Closure))
#20 C:\\laragon\\www\\dentvira\\public\\leantime\\app\\Core\\Http\\HttpKernel.php(121): Leantime\\Core\\Http\\HttpKernel->sendRequestThroughRouter(Object(Leantime\\Core\\Http\\IncomingRequest))
#21 C:\\laragon\\www\\dentvira\\public\\leantime\\app\\Core\\Bootloader.php(79): Leantime\\Core\\Http\\HttpKernel->handle(Object(Leantime\\Core\\Http\\IncomingRequest))
#22 C:\\laragon\\www\\dentvira\\public\\leantime\\app\\Core\\Bootloader.php(60): Leantime\\Core\\Bootloader->handleRequest(Object(Leantime\\Core\\Http\\IncomingRequest))
#23 C:\\laragon\\www\\dentvira\\public\\leantime\\public\\index.php(20): Leantime\\Core\\Bootloader->boot(Object(Leantime\\Core\\Application))
#24 {main}
"} 
[2026-10-02 13:52:01] production.ERROR: SQLSTATE[42S02]: Base table or view not found: 1146 Table 'dentvira_leantime.zp_user' doesn't exist (Connection: mysql, SQL: select count(*) as aggregate from `zp_user`) {"exception":"[object] (Illuminate\\Database\\QueryException(code: 42S02): SQLSTATE[42S02]: Base table or view not found: 1146 Table 'dentvira_leantime.zp_user' doesn't exist (Connection: mysql, SQL: select count(*) as aggregate from `zp_user`) at C:\\laragon\\www\\dentvira\\public\\leantime\\vendor\\laravel\\framework\\src\\Illuminate\\Database\\Connection.php:825)
[stacktrace]
#0 C:\\laragon\\www\\dentvira\\public\\leantime\\vendor\\laravel\\framework\\src\\Illuminate\\Database\\Connection.php(779): Illuminate\\Database\\Connection->runQueryCallback('select count(*)...', Array, Object(Closure))
#1 C:\\laragon\\www\\dentvira\\public\\leantime\\vendor\\laravel\\framework\\src\\Illuminate\\Database\\Connection.php(398): Illuminate\\Database\\Connection->run('select count(*)...', Array, Object(Closure))
#2 C:\\laragon\\www\\dentvira\\public\\leantime\\vendor\\laravel\\framework\\src\\Illuminate\\Database\\Query\\Builder.php(3106): Illuminate\\Database\\Connection->select('select count(*)...', Array, true)
#3 C:\\laragon\\www\\dentvira\\public\\leantime\\vendor\\laravel\\framework\\src\\Illuminate\\Database\\Query\\Builder.php(3091): Illuminate\\Database\\Query\\Builder->runSelect()
#4 C:\\laragon\\www\\dentvira\\public\\leantime\\vendor\\laravel\\framework\\src\\Illuminate\\Database\\Query\\Builder.php(3676): Illuminate\\Database\\Query\\Builder->{closure:Illuminate\\Database\\Query\\Builder::get():3090}()
#5 C:\\laragon\\www\\dentvira\\public\\leantime\\vendor\\laravel\\framework\\src\\Illuminate\\Database\\Query\\Builder.php(3090): Illuminate\\Database\\Query\\Builder->onceWithColumns(Array, Object(Closure))
#6 C:\\laragon\\www\\dentvira\\public\\leantime\\vendor\\laravel\\framework\\src\\Illuminate\\Database\\Query\\Builder.php(3603): Illuminate\\Database\\Query\\Builder->get(Array)
#7 C:\\laragon\\www\\dentvira\\public\\leantime\\vendor\\laravel\\framework\\src\\Illuminate\\Database\\Query\\Builder.php(3531): Illuminate\\Database\\Query\\Builder->aggregate('count', Array)
#8 C:\\laragon\\www\\dentvira\\public\\leantime\\app\\Domain\\Setting\\Repositories\\Setting.php(159): Illuminate\\Database\\Query\\Builder->count()
#9 C:\\laragon\\www\\dentvira\\public\\leantime\\app\\Domain\\Setting\\Repositories\\Setting.php(34): Leantime\\Domain\\Setting\\Repositories\\Setting->checkIfInstalled()
#10 C:\\laragon\\www\\dentvira\\public\\leantime\\app\\Core\\Middleware\\Updated.php(32): Leantime\\Domain\\Setting\\Repositories\\Setting->getSetting('db-version')
#11 C:\\laragon\\www\\dentvira\\public\\leantime\\vendor\\laravel\\framework\\src\\Illuminate\\Pipeline\\Pipeline.php(209): Leantime\\Core\\Middleware\\Updated->handle(Object(Leantime\\Core\\Http\\IncomingRequest), Object(Closure))
#12 C:\\laragon\\www\\dentvira\\public\\leantime\\app\\Core\\Middleware\\Installed.php(39): Illuminate\\Pipeline\\Pipeline->{closure:{closure:Illuminate\\Pipeline\\Pipeline::carry():184}:185}(Object(Leantime\\Core\\Http\\IncomingRequest))
#13 C:\\laragon\\www\\dentvira\\public\\leantime\\vendor\\laravel\\framework\\src\\Illuminate\\Pipeline\\Pipeline.php(209): Leantime\\Core\\Middleware\\Installed->handle(Object(Leantime\\Core\\Http\\IncomingRequest), Object(Closure))
#14 C:\\laragon\\www\\dentvira\\public\\leantime\\app\\Core\\Middleware\\StartSession.php(134): Illuminate\\Pipeline\\Pipeline->{closure:{closure:Illuminate\\Pipeline\\Pipeline::carry():184}:185}(Object(Leantime\\Core\\Http\\IncomingRequest))
#15 C:\\laragon\\www\\dentvira\\public\\leantime\\app\\Core\\Middleware\\StartSession.php(83): Leantime\\Core\\Middleware\\StartSession->handleOptimisticRequest(Object(Leantime\\Core\\Http\\IncomingRequest), Object(Illuminate\\Session\\Store), Object(Closure))
#16 C:\\laragon\\www\\dentvira\\public\\leantime\\vendor\\laravel\\framework\\src\\Illuminate\\Pipeline\\Pipeline.php(209): Leantime\\Core\\Middleware\\StartSession->handle(Object(Leantime\\Core\\Http\\IncomingRequest), Object(Closure))
#17 C:\\laragon\\www\\dentvira\\public\\leantime\\app\\Core\\Middleware\\TrustProxies.php(65): Illuminate\\Pipeline\\Pipeline->{closure:{closure:Illuminate\\Pipeline\\Pipeline::carry():184}:185}(Object(Leantime\\Core\\Http\\IncomingRequest))
#18 C:\\laragon\\www\\dentvira\\public\\leantime\\vendor\\laravel\\framework\\src\\Illuminate\\Pipeline\\Pipeline.php(209): Leantime\\Core\\Middleware\\TrustProxies->handle(Object(Leantime\\Core\\Http\\IncomingRequest), Object(Closure))
#19 C:\\laragon\\www\\dentvira\\public\\leantime\\vendor\\laravel\\framework\\src\\Illuminate\\Pipeline\\Pipeline.php(127): Illuminate\\Pipeline\\Pipeline->{closure:{closure:Illuminate\\Pipeline\\Pipeline::carry():184}:185}(Object(Leantime\\Core\\Http\\IncomingRequest))
#20 C:\\laragon\\www\\dentvira\\public\\leantime\\app\\Core\\Http\\HttpKernel.php(164): Illuminate\\Pipeline\\Pipeline->then(Object(Closure))
#21 C:\\laragon\\www\\dentvira\\public\\leantime\\app\\Core\\Http\\HttpKernel.php(121): Leantime\\Core\\Http\\HttpKernel->sendRequestThroughRouter(Object(Leantime\\Core\\Http\\IncomingRequest))
#22 C:\\laragon\\www\\dentvira\\public\\leantime\\app\\Core\\Bootloader.php(79): Leantime\\Core\\Http\\HttpKernel->handle(Object(Leantime\\Core\\Http\\IncomingRequest))
#23 C:\\laragon\\www\\dentvira\\public\\leantime\\app\\Core\\Bootloader.php(60): Leantime\\Core\\Bootloader->handleRequest(Object(Leantime\\Core\\Http\\IncomingRequest))
#24 C:\\laragon\\www\\dentvira\\public\\leantime\\public\\index.php(20): Leantime\\Core\\Bootloader->boot(Object(Leantime\\Core\\Application))
#25 {main}

[previous exception] [object] (PDOException(code: 42S02): SQLSTATE[42S02]: Base table or view not found: 1146 Table 'dentvira_leantime.zp_user' doesn't exist at C:\\laragon\\www\\dentvira\\public\\leantime\\vendor\\laravel\\framework\\src\\Illuminate\\Database\\Connection.php:412)
[stacktrace]
#0 C:\\laragon\\www\\dentvira\\public\\leantime\\vendor\\laravel\\framework\\src\\Illuminate\\Database\\Connection.php(412): PDOStatement->execute()
#1 C:\\laragon\\www\\dentvira\\public\\leantime\\vendor\\laravel\\framework\\src\\Illuminate\\Database\\Connection.php(812): Illuminate\\Database\\Connection->{closure:Illuminate\\Database\\Connection::select():398}('select count(*)...', Array)
#2 C:\\laragon\\www\\dentvira\\public\\leantime\\vendor\\laravel\\framework\\src\\Illuminate\\Database\\Connection.php(779): Illuminate\\Database\\Connection->runQueryCallback('select count(*)...', Array, Object(Closure))
#3 C:\\laragon\\www\\dentvira\\public\\leantime\\vendor\\laravel\\framework\\src\\Illuminate\\Database\\Connection.php(398): Illuminate\\Database\\Connection->run('select count(*)...', Array, Object(Closure))
#4 C:\\laragon\\www\\dentvira\\public\\leantime\\vendor\\laravel\\framework\\src\\Illuminate\\Database\\Query\\Builder.php(3106): Illuminate\\Database\\Connection->select('select count(*)...', Array, true)
#5 C:\\laragon\\www\\dentvira\\public\\leantime\\vendor\\laravel\\framework\\src\\Illuminate\\Database\\Query\\Builder.php(3091): Illuminate\\Database\\Query\\Builder->runSelect()
#6 C:\\laragon\\www\\dentvira\\public\\leantime\\vendor\\laravel\\framework\\src\\Illuminate\\Database\\Query\\Builder.php(3676): Illuminate\\Database\\Query\\Builder->{closure:Illuminate\\Database\\Query\\Builder::get():3090}()
#7 C:\\laragon\\www\\dentvira\\public\\leantime\\vendor\\laravel\\framework\\src\\Illuminate\\Database\\Query\\Builder.php(3090): Illuminate\\Database\\Query\\Builder->onceWithColumns(Array, Object(Closure))
#8 C:\\laragon\\www\\dentvira\\public\\leantime\\vendor\\laravel\\framework\\src\\Illuminate\\Database\\Query\\Builder.php(3603): Illuminate\\Database\\Query\\Builder->get(Array)
#9 C:\\laragon\\www\\dentvira\\public\\leantime\\vendor\\laravel\\framework\\src\\Illuminate\\Database\\Query\\Builder.php(3531): Illuminate\\Database\\Query\\Builder->aggregate('count', Array)
#10 C:\\laragon\\www\\dentvira\\public\\leantime\\app\\Domain\\Setting\\Repositories\\Setting.php(159): Illuminate\\Database\\Query\\Builder->count()
#11 C:\\laragon\\www\\dentvira\\public\\leantime\\app\\Domain\\Setting\\Repositories\\Setting.php(34): Leantime\\Domain\\Setting\\Repositories\\Setting->checkIfInstalled()
#12 C:\\laragon\\www\\dentvira\\public\\leantime\\app\\Core\\Middleware\\Updated.php(32): Leantime\\Domain\\Setting\\Repositories\\Setting->getSetting('db-version')
#13 C:\\laragon\\www\\dentvira\\public\\leantime\\vendor\\laravel\\framework\\src\\Illuminate\\Pipeline\\Pipeline.php(209): Leantime\\Core\\Middleware\\Updated->handle(Object(Leantime\\Core\\Http\\IncomingRequest), Object(Closure))
#14 C:\\laragon\\www\\dentvira\\public\\leantime\\app\\Core\\Middleware\\Installed.php(39): Illuminate\\Pipeline\\Pipeline->{closure:{closure:Illuminate\\Pipeline\\Pipeline::carry():184}:185}(Object(Leantime\\Core\\Http\\IncomingRequest))
#15 C:\\laragon\\www\\dentvira\\public\\leantime\\vendor\\laravel\\framework\\src\\Illuminate\\Pipeline\\Pipeline.php(209): Leantime\\Core\\Middleware\\Installed->handle(Object(Leantime\\Core\\Http\\IncomingRequest), Object(Closure))
#16 C:\\laragon\\www\\dentvira\\public\\leantime\\app\\Core\\Middleware\\StartSession.php(134): Illuminate\\Pipeline\\Pipeline->{closure:{closure:Illuminate\\Pipeline\\Pipeline::carry():184}:185}(Object(Leantime\\Core\\Http\\IncomingRequest))
#17 C:\\laragon\\www\\dentvira\\public\\leantime\\app\\Core\\Middleware\\StartSession.php(83): Leantime\\Core\\Middleware\\StartSession->handleOptimisticRequest(Object(Leantime\\Core\\Http\\IncomingRequest), Object(Illuminate\\Session\\Store), Object(Closure))
#18 C:\\laragon\\www\\dentvira\\public\\leantime\\vendor\\laravel\\framework\\src\\Illuminate\\Pipeline\\Pipeline.php(209): Leantime\\Core\\Middleware\\StartSession->handle(Object(Leantime\\Core\\Http\\IncomingRequest), Object(Closure))
#19 C:\\laragon\\www\\dentvira\\public\\leantime\\app\\Core\\Middleware\\TrustProxies.php(65): Illuminate\\Pipeline\\Pipeline->{closure:{closure:Illuminate\\Pipeline\\Pipeline::carry():184}:185}(Object(Leantime\\Core\\Http\\IncomingRequest))
#20 C:\\laragon\\www\\dentvira\\public\\leantime\\vendor\\laravel\\framework\\src\\Illuminate\\Pipeline\\Pipeline.php(209): Leantime\\Core\\Middleware\\TrustProxies->handle(Object(Leantime\\Core\\Http\\IncomingRequest), Object(Closure))
#21 C:\\laragon\\www\\dentvira\\public\\leantime\\vendor\\laravel\\framework\\src\\Illuminate\\Pipeline\\Pipeline.php(127): Illuminate\\Pipeline\\Pipeline->{closure:{closure:Illuminate\\Pipeline\\Pipeline::carry():184}:185}(Object(Leantime\\Core\\Http\\IncomingRequest))
#22 C:\\laragon\\www\\dentvira\\public\\leantime\\app\\Core\\Http\\HttpKernel.php(164): Illuminate\\Pipeline\\Pipeline->then(Object(Closure))
#23 C:\\laragon\\www\\dentvira\\public\\leantime\\app\\Core\\Http\\HttpKernel.php(121): Leantime\\Core\\Http\\HttpKernel->sendRequestThroughRouter(Object(Leantime\\Core\\Http\\IncomingRequest))
#24 C:\\laragon\\www\\dentvira\\public\\leantime\\app\\Core\\Bootloader.php(79): Leantime\\Core\\Http\\HttpKernel->handle(Object(Leantime\\Core\\Http\\IncomingRequest))
#25 C:\\laragon\\www\\dentvira\\public\\leantime\\app\\Core\\Bootloader.php(60): Leantime\\Core\\Bootloader->handleRequest(Object(Leantime\\Core\\Http\\IncomingRequest))
#26 C:\\laragon\\www\\dentvira\\public\\leantime\\public\\index.php(20): Leantime\\Core\\Bootloader->boot(Object(Leantime\\Core\\Application))
#27 {main}
"} 
[2026-10-02 13:52:01] production.ERROR: PDOException: SQLSTATE[42S02]: Base table or view not found: 1146 Table 'dentvira_leantime.zp_user' doesn't exist in C:\laragon\www\dentvira\public\leantime\vendor\laravel\framework\src\Illuminate\Database\Connection.php:412
Stack trace:
#0 C:\laragon\www\dentvira\public\leantime\vendor\laravel\framework\src\Illuminate\Database\Connection.php(412): PDOStatement->execute()
#1 C:\laragon\www\dentvira\public\leantime\vendor\laravel\framework\src\Illuminate\Database\Connection.php(812): Illuminate\Database\Connection->{closure:Illuminate\Database\Connection::select():398}('select count(*)...', Array)
#2 C:\laragon\www\dentvira\public\leantime\vendor\laravel\framework\src\Illuminate\Database\Connection.php(779): Illuminate\Database\Connection->runQueryCallback('select count(*)...', Array, Object(Closure))
#3 C:\laragon\www\dentvira\public\leantime\vendor\laravel\framework\src\Illuminate\Database\Connection.php(398): Illuminate\Database\Connection->run('select count(*)...', Array, Object(Closure))
#4 C:\laragon\www\dentvira\public\leantime\vendor\laravel\framework\src\Illuminate\Database\Query\Builder.php(3106): Illuminate\Database\Connection->select('select count(*)...', Array, true)
#5 C:\laragon\www\dentvira\public\leantime\vendor\laravel\framework\src\Illuminate\Database\Query\Builder.php(3091): Illuminate\Database\Query\Builder->runSelect()
#6 C:\laragon\www\dentvira\public\leantime\vendor\laravel\framework\src\Illuminate\Database\Query\Builder.php(3676): Illuminate\Database\Query\Builder->{closure:Illuminate\Database\Query\Builder::get():3090}()
#7 C:\laragon\www\dentvira\public\leantime\vendor\laravel\framework\src\Illuminate\Database\Query\Builder.php(3090): Illuminate\Database\Query\Builder->onceWithColumns(Array, Object(Closure))
#8 C:\laragon\www\dentvira\public\leantime\vendor\laravel\framework\src\Illuminate\Database\Query\Builder.php(3603): Illuminate\Database\Query\Builder->get(Array)
#9 C:\laragon\www\dentvira\public\leantime\vendor\laravel\framework\src\Illuminate\Database\Query\Builder.php(3531): Illuminate\Database\Query\Builder->aggregate('count', Array)
#10 C:\laragon\www\dentvira\public\leantime\app\Domain\Install\Repositories\Install.php(218): Illuminate\Database\Query\Builder->count()
#11 C:\laragon\www\dentvira\public\leantime\app\Domain\Install\Services\Install.php(44): Leantime\Domain\Install\Repositories\Install->checkIfInstalled()
#12 C:\laragon\www\dentvira\public\leantime\app\Domain\Install\Controllers\Index.php(24): Leantime\Domain\Install\Services\Install->isInstalled()
#13 C:\laragon\www\dentvira\public\leantime\vendor\laravel\framework\src\Illuminate\Container\BoundMethod.php(36): Leantime\Domain\Install\Controllers\Index->init(Object(Leantime\Domain\Install\Services\Install))
#14 C:\laragon\www\dentvira\public\leantime\vendor\laravel\framework\src\Illuminate\Container\Util.php(43): Illuminate\Container\BoundMethod::{closure:Illuminate\Container\BoundMethod::call():35}()
#15 C:\laragon\www\dentvira\public\leantime\vendor\laravel\framework\src\Illuminate\Container\BoundMethod.php(95): Illuminate\Container\Util::unwrapIfClosure(Object(Closure))
#16 C:\laragon\www\dentvira\public\leantime\vendor\laravel\framework\src\Illuminate\Container\BoundMethod.php(35): Illuminate\Container\BoundMethod::callBoundMethod(Object(Leantime\Core\Application), Array, Object(Closure))
#17 C:\laragon\www\dentvira\public\leantime\vendor\laravel\framework\src\Illuminate\Container\Container.php(696): Illuminate\Container\BoundMethod::call(Object(Leantime\Core\Application), Array, Array, NULL)
#18 C:\laragon\www\dentvira\public\leantime\app\Core\Controller\Controller.php(47): Illuminate\Container\Container->call(Array)
#19 [internal function]: Leantime\Core\Controller\Controller->__construct(Object(Leantime\Core\Http\IncomingRequest), Object(Leantime\Core\UI\Template), Object(Leantime\Core\Language))
#20 C:\laragon\www\dentvira\public\leantime\vendor\laravel\framework\src\Illuminate\Container\Container.php(1004): ReflectionClass->newInstanceArgs(Array)
#21 C:\laragon\www\dentvira\public\leantime\vendor\laravel\framework\src\Illuminate\Container\Container.php(832): Illuminate\Container\Container->build('Leantime\\Domain...')
#22 C:\laragon\www\dentvira\public\leantime\vendor\laravel\framework\src\Illuminate\Foundation\Application.php(1078): Illuminate\Container\Container->resolve('Leantime\\Domain...', Array, true)
#23 C:\laragon\www\dentvira\public\leantime\vendor\laravel\framework\src\Illuminate\Container\Container.php(763): Illuminate\Foundation\Application->resolve('Leantime\\Domain...', Array)
#24 C:\laragon\www\dentvira\public\leantime\vendor\laravel\framework\src\Illuminate\Foundation\Application.php(1058): Illuminate\Container\Container->make('Leantime\\Domain...', Array)
#25 C:\laragon\www\dentvira\public\leantime\app\Core\Controller\Frontcontroller.php(170): Illuminate\Foundation\Application->make('Leantime\\Domain...')
#26 C:\laragon\www\dentvira\public\leantime\app\Core\Controller\Frontcontroller.php(65): Leantime\Core\Controller\Frontcontroller->executeAction('Leantime\\Domain...', 'post')
#27 C:\laragon\www\dentvira\public\leantime\app\Core\Controller\Frontcontroller.php(75): Leantime\Core\Controller\Frontcontroller->dispatch(Object(Leantime\Core\Http\IncomingRequest))
#28 C:\laragon\www\dentvira\public\leantime\app\Core\Http\HttpKernel.php(216): Leantime\Core\Controller\Frontcontroller::dispatch_request(Object(Leantime\Core\Http\IncomingRequest))
#29 C:\laragon\www\dentvira\public\leantime\app\Core\Http\HttpKernel.php(173): Leantime\Core\Http\HttpKernel->findAndDispatchToRouter(Object(Leantime\Core\Http\IncomingRequest))
#30 C:\laragon\www\dentvira\public\leantime\vendor\laravel\framework\src\Illuminate\Pipeline\Pipeline.php(170): Leantime\Core\Http\HttpKernel->{closure:{closure:Leantime\Core\Http\HttpKernel::sendRequestThroughRouter():164}:173}(Object(Leantime\Core\Http\IncomingRequest))
#31 C:\laragon\www\dentvira\public\leantime\vendor\laravel\framework\src\Illuminate\Pipeline\Pipeline.php(127): Illuminate\Pipeline\Pipeline->{closure:Illuminate\Pipeline\Pipeline::prepareDestination():168}(Object(Leantime\Core\Http\IncomingRequest))
#32 C:\laragon\www\dentvira\public\leantime\app\Core\Http\HttpKernel.php(173): Illuminate\Pipeline\Pipeline->then(Object(Closure))
#33 C:\laragon\www\dentvira\public\leantime\vendor\laravel\framework\src\Illuminate\Pipeline\Pipeline.php(170): Leantime\Core\Http\HttpKernel->{closure:Leantime\Core\Http\HttpKernel::sendRequestThroughRouter():164}(Object(Leantime\Core\Http\IncomingRequest))
#34 C:\laragon\www\dentvira\public\leantime\app\Domain\Projects\Middleware\CurrentProject.php(41): Illuminate\Pipeline\Pipeline->{closure:Illuminate\Pipeline\Pipeline::prepareDestination():168}(Object(Leantime\Core\Http\IncomingRequest))
#35 C:\laragon\www\dentvira\public\leantime\vendor\laravel\framework\src\Illuminate\Pipeline\Pipeline.php(209): Leantime\Domain\Projects\Middleware\CurrentProject->handle(Object(Leantime\Core\Http\IncomingRequest), Object(Closure))
#36 C:\laragon\www\dentvira\public\leantime\app\Core\Middleware\Localization.php(46): Illuminate\Pipeline\Pipeline->{closure:{closure:Illuminate\Pipeline\Pipeline::carry():184}:185}(Object(Leantime\Core\Http\IncomingRequest))
#37 C:\laragon\www\dentvira\public\leantime\vendor\laravel\framework\src\Illuminate\Pipeline\Pipeline.php(209): Leantime\Core\Middleware\Localization->handle(Object(Leantime\Core\Http\IncomingRequest), Object(Closure))
#38 C:\laragon\www\dentvira\public\leantime\app\Core\Middleware\SetCacheHeaders.php(49): Illuminate\Pipeline\Pipeline->{closure:{closure:Illuminate\Pipeline\Pipeline::carry():184}:185}(Object(Leantime\Core\Http\IncomingRequest))
#39 C:\laragon\www\dentvira\public\leantime\vendor\laravel\framework\src\Illuminate\Pipeline\Pipeline.php(209): Leantime\Core\Middleware\SetCacheHeaders->handle(Object(Leantime\Core\Http\IncomingRequest), Object(Closure))
#40 C:\laragon\www\dentvira\public\leantime\vendor\laravel\framework\src\Illuminate\Foundation\Http\Middleware\TransformsRequest.php(21): Illuminate\Pipeline\Pipeline->{closure:{closure:Illuminate\Pipeline\Pipeline::carry():184}:185}(Object(Leantime\Core\Http\IncomingRequest))
#41 C:\laragon\www\dentvira\public\leantime\vendor\laravel\framework\src\Illuminate\Foundation\Http\Middleware\ConvertEmptyStringsToNull.php(31): Illuminate\Foundation\Http\Middleware\TransformsRequest->handle(Object(Leantime\Core\Http\IncomingRequest), Object(Closure))
#42 C:\laragon\www\dentvira\public\leantime\vendor\laravel\framework\src\Illuminate\Pipeline\Pipeline.php(209): Illuminate\Foundation\Http\Middleware\ConvertEmptyStringsToNull->handle(Object(Leantime\Core\Http\IncomingRequest), Object(Closure))
#43 C:\laragon\www\dentvira\public\leantime\vendor\laravel\framework\src\Illuminate\Foundation\Http\Middleware\TransformsRequest.php(21): Illuminate\Pipeline\Pipeline->{closure:{closure:Illuminate\Pipeline\Pipeline::carry():184}:185}(Object(Leantime\Core\Http\IncomingRequest))
#44 C:\laragon\www\dentvira\public\leantime\vendor\laravel\framework\src\Illuminate\Foundation\Http\Middleware\TrimStrings.php(51): Illuminate\Foundation\Http\Middleware\TransformsRequest->handle(Object(Leantime\Core\Http\IncomingRequest), Object(Closure))
#45 C:\laragon\www\dentvira\public\leantime\vendor\laravel\framework\src\Illuminate\Pipeline\Pipeline.php(209): Illuminate\Foundation\Http\Middleware\TrimStrings->handle(Object(Leantime\Core\Http\IncomingRequest), Object(Closure))
#46 C:\laragon\www\dentvira\public\leantime\vendor\laravel\framework\src\Illuminate\Http\Middleware\ValidatePostSize.php(27): Illuminate\Pipeline\Pipeline->{closure:{closure:Illuminate\Pipeline\Pipeline::carry():184}:185}(Object(Leantime\Core\Http\IncomingRequest))
#47 C:\laragon\www\dentvira\public\leantime\vendor\laravel\framework\src\Illuminate\Pipeline\Pipeline.php(209): Illuminate\Http\Middleware\ValidatePostSize->handle(Object(Leantime\Core\Http\IncomingRequest), Object(Closure))
#48 C:\laragon\www\dentvira\public\leantime\vendor\laravel\framework\src\Illuminate\Http\Middleware\HandleCors.php(49): Illuminate\Pipeline\Pipeline->{closure:{closure:Illuminate\Pipeline\Pipeline::carry():184}:185}(Object(Leantime\Core\Http\IncomingRequest))
#49 C:\laragon\www\dentvira\public\leantime\vendor\laravel\framework\src\Illuminate\Pipeline\Pipeline.php(209): Illuminate\Http\Middleware\HandleCors->handle(Object(Leantime\Core\Http\IncomingRequest), Object(Closure))
#50 C:\laragon\www\dentvira\public\leantime\app\Core\Middleware\RequestRateLimiter.php(55): Illuminate\Pipeline\Pipeline->{closure:{closure:Illuminate\Pipeline\Pipeline::carry():184}:185}(Object(Leantime\Core\Http\IncomingRequest))
#51 C:\laragon\www\dentvira\public\leantime\vendor\laravel\framework\src\Illuminate\Pipeline\Pipeline.php(209): Leantime\Core\Middleware\RequestRateLimiter->handle(Object(Leantime\Core\Http\IncomingRequest), Object(Closure))
#52 C:\laragon\www\dentvira\public\leantime\app\Core\Middleware\AuthenticateSession.php(34): Illuminate\Pipeline\Pipeline->{closure:{closure:Illuminate\Pipeline\Pipeline::carry():184}:185}(Object(Leantime\Core\Http\IncomingRequest))
#53 C:\laragon\www\dentvira\public\leantime\vendor\laravel\framework\src\Illuminate\Pipeline\Pipeline.php(209): Leantime\Core\Middleware\AuthenticateSession->handle(Object(Leantime\Core\Http\IncomingRequest), Object(Closure))
#54 C:\laragon\www\dentvira\public\leantime\app\Core\Middleware\AuthCheck.php(62): Illuminate\Pipeline\Pipeline->{closure:{closure:Illuminate\Pipeline\Pipeline::carry():184}:185}(Object(Leantime\Core\Http\IncomingRequest))
#55 C:\laragon\www\dentvira\public\leantime\vendor\laravel\framework\src\Illuminate\Pipeline\Pipeline.php(209): Leantime\Core\Middleware\AuthCheck->handle(Object(Leantime\Core\Http\IncomingRequest), Object(Closure))
#56 C:\laragon\www\dentvira\public\leantime\app\Core\Middleware\InitialHeaders.php(24): Illuminate\Pipeline\Pipeline->{closure:{closure:Illuminate\Pipeline\Pipeline::carry():184}:185}(Object(Leantime\Core\Http\IncomingRequest))
#57 C:\laragon\www\dentvira\public\leantime\vendor\laravel\framework\src\Illuminate\Pipeline\Pipeline.php(209): Leantime\Core\Middleware\InitialHeaders->handle(Object(Leantime\Core\Http\IncomingRequest), Object(Closure))
#58 C:\laragon\www\dentvira\public\leantime\app\Core\Middleware\LoadPlugins.php(32): Illuminate\Pipeline\Pipeline->{closure:{closure:Illuminate\Pipeline\Pipeline::carry():184}:185}(Object(Leantime\Core\Http\IncomingRequest))
#59 C:\laragon\www\dentvira\public\leantime\vendor\laravel\framework\src\Illuminate\Pipeline\Pipeline.php(209): Leantime\Core\Middleware\LoadPlugins->handle(Object(Leantime\Core\Http\IncomingRequest), Object(Closure))
#60 C:\laragon\www\dentvira\public\leantime\app\Core\Middleware\Updated.php(67): Illuminate\Pipeline\Pipeline->{closure:{closure:Illuminate\Pipeline\Pipeline::carry():184}:185}(Object(Leantime\Core\Http\IncomingRequest))
#61 C:\laragon\www\dentvira\public\leantime\vendor\laravel\framework\src\Illuminate\Pipeline\Pipeline.php(209): Leantime\Core\Middleware\Updated->handle(Object(Leantime\Core\Http\IncomingRequest), Object(Closure))
#62 C:\laragon\www\dentvira\public\leantime\app\Core\Middleware\Installed.php(39): Illuminate\Pipeline\Pipeline->{closure:{closure:Illuminate\Pipeline\Pipeline::carry():184}:185}(Object(Leantime\Core\Http\IncomingRequest))
#63 C:\laragon\www\dentvira\public\leantime\vendor\laravel\framework\src\Illuminate\Pipeline\Pipeline.php(209): Leantime\Core\Middleware\Installed->handle(Object(Leantime\Core\Http\IncomingRequest), Object(Closure))
#64 C:\laragon\www\dentvira\public\leantime\app\Core\Middleware\StartSession.php(134): Illuminate\Pipeline\Pipeline->{closure:{closure:Illuminate\Pipeline\Pipeline::carry():184}:185}(Object(Leantime\Core\Http\IncomingRequest))
#65 C:\laragon\www\dentvira\public\leantime\app\Core\Middleware\StartSession.php(83): Leantime\Core\Middleware\StartSession->handleOptimisticRequest(Object(Leantime\Core\Http\IncomingRequest), Object(Illuminate\Session\Store), Object(Closure))
#66 C:\laragon\www\dentvira\public\leantime\vendor\laravel\framework\src\Illuminate\Pipeline\Pipeline.php(209): Leantime\Core\Middleware\StartSession->handle(Object(Leantime\Core\Http\IncomingRequest), Object(Closure))
#67 C:\laragon\www\dentvira\public\leantime\app\Core\Middleware\TrustProxies.php(65): Illuminate\Pipeline\Pipeline->{closure:{closure:Illuminate\Pipeline\Pipeline::carry():184}:185}(Object(Leantime\Core\Http\IncomingRequest))
#68 C:\laragon\www\dentvira\public\leantime\vendor\laravel\framework\src\Illuminate\Pipeline\Pipeline.php(209): Leantime\Core\Middleware\TrustProxies->handle(Object(Leantime\Core\Http\IncomingRequest), Object(Closure))
#69 C:\laragon\www\dentvira\public\leantime\vendor\laravel\framework\src\Illuminate\Pipeline\Pipeline.php(127): Illuminate\Pipeline\Pipeline->{closure:{closure:Illuminate\Pipeline\Pipeline::carry():184}:185}(Object(Leantime\Core\Http\IncomingRequest))
#70 C:\laragon\www\dentvira\public\leantime\app\Core\Http\HttpKernel.php(164): Illuminate\Pipeline\Pipeline->then(Object(Closure))
#71 C:\laragon\www\dentvira\public\leantime\app\Core\Http\HttpKernel.php(121): Leantime\Core\Http\HttpKernel->sendRequestThroughRouter(Object(Leantime\Core\Http\IncomingRequest))
#72 C:\laragon\www\dentvira\public\leantime\app\Core\Bootloader.php(79): Leantime\Core\Http\HttpKernel->handle(Object(Leantime\Core\Http\IncomingRequest))
#73 C:\laragon\www\dentvira\public\leantime\app\Core\Bootloader.php(60): Leantime\Core\Bootloader->handleRequest(Object(Leantime\Core\Http\IncomingRequest))
#74 C:\laragon\www\dentvira\public\leantime\public\index.php(20): Leantime\Core\Bootloader->boot(Object(Leantime\Core\Application))
#75 {main}

Next Illuminate\Database\QueryException: SQLSTATE[42S02]: Base table or view not found: 1146 Table 'dentvira_leantime.zp_user' doesn't exist (Connection: mysql, SQL: select count(*) as aggregate from `zp_user`) in C:\laragon\www\dentvira\public\leantime\vendor\laravel\framework\src\Illuminate\Database\Connection.php:825
Stack trace:
#0 C:\laragon\www\dentvira\public\leantime\vendor\laravel\framework\src\Illuminate\Database\Connection.php(779): Illuminate\Database\Connection->runQueryCallback('select count(*)...', Array, Object(Closure))
#1 C:\laragon\www\dentvira\public\leantime\vendor\laravel\framework\src\Illuminate\Database\Connection.php(398): Illuminate\Database\Connection->run('select count(*)...', Array, Object(Closure))
#2 C:\laragon\www\dentvira\public\leantime\vendor\laravel\framework\src\Illuminate\Database\Query\Builder.php(3106): Illuminate\Database\Connection->select('select count(*)...', Array, true)
#3 C:\laragon\www\dentvira\public\leantime\vendor\laravel\framework\src\Illuminate\Database\Query\Builder.php(3091): Illuminate\Database\Query\Builder->runSelect()
#4 C:\laragon\www\dentvira\public\leantime\vendor\laravel\framework\src\Illuminate\Database\Query\Builder.php(3676): Illuminate\Database\Query\Builder->{closure:Illuminate\Database\Query\Builder::get():3090}()
#5 C:\laragon\www\dentvira\public\leantime\vendor\laravel\framework\src\Illuminate\Database\Query\Builder.php(3090): Illuminate\Database\Query\Builder->onceWithColumns(Array, Object(Closure))
#6 C:\laragon\www\dentvira\public\leantime\vendor\laravel\framework\src\Illuminate\Database\Query\Builder.php(3603): Illuminate\Database\Query\Builder->get(Array)
#7 C:\laragon\www\dentvira\public\leantime\vendor\laravel\framework\src\Illuminate\Database\Query\Builder.php(3531): Illuminate\Database\Query\Builder->aggregate('count', Array)
#8 C:\laragon\www\dentvira\public\leantime\app\Domain\Install\Repositories\Install.php(218): Illuminate\Database\Query\Builder->count()
#9 C:\laragon\www\dentvira\public\leantime\app\Domain\Install\Services\Install.php(44): Leantime\Domain\Install\Repositories\Install->checkIfInstalled()
#10 C:\laragon\www\dentvira\public\leantime\app\Domain\Install\Controllers\Index.php(24): Leantime\Domain\Install\Services\Install->isInstalled()
#11 C:\laragon\www\dentvira\public\leantime\vendor\laravel\framework\src\Illuminate\Container\BoundMethod.php(36): Leantime\Domain\Install\Controllers\Index->init(Object(Leantime\Domain\Install\Services\Install))
#12 C:\laragon\www\dentvira\public\leantime\vendor\laravel\framework\src\Illuminate\Container\Util.php(43): Illuminate\Container\BoundMethod::{closure:Illuminate\Container\BoundMethod::call():35}()
#13 C:\laragon\www\dentvira\public\leantime\vendor\laravel\framework\src\Illuminate\Container\BoundMethod.php(95): Illuminate\Container\Util::unwrapIfClosure(Object(Closure))
#14 C:\laragon\www\dentvira\public\leantime\vendor\laravel\framework\src\Illuminate\Container\BoundMethod.php(35): Illuminate\Container\BoundMethod::callBoundMethod(Object(Leantime\Core\Application), Array, Object(Closure))
#15 C:\laragon\www\dentvira\public\leantime\vendor\laravel\framework\src\Illuminate\Container\Container.php(696): Illuminate\Container\BoundMethod::call(Object(Leantime\Core\Application), Array, Array, NULL)
#16 C:\laragon\www\dentvira\public\leantime\app\Core\Controller\Controller.php(47): Illuminate\Container\Container->call(Array)
#17 [internal function]: Leantime\Core\Controller\Controller->__construct(Object(Leantime\Core\Http\IncomingRequest), Object(Leantime\Core\UI\Template), Object(Leantime\Core\Language))
#18 C:\laragon\www\dentvira\public\leantime\vendor\laravel\framework\src\Illuminate\Container\Container.php(1004): ReflectionClass->newInstanceArgs(Array)
#19 C:\laragon\www\dentvira\public\leantime\vendor\laravel\framework\src\Illuminate\Container\Container.php(832): Illuminate\Container\Container->build('Leantime\\Domain...')
#20 C:\laragon\www\dentvira\public\leantime\vendor\laravel\framework\src\Illuminate\Foundation\Application.php(1078): Illuminate\Container\Container->resolve('Leantime\\Domain...', Array, true)
#21 C:\laragon\www\dentvira\public\leantime\vendor\laravel\framework\src\Illuminate\Container\Container.php(763): Illuminate\Foundation\Application->resolve('Leantime\\Domain...', Array)
#22 C:\laragon\www\dentvira\public\leantime\vendor\laravel\framework\src\Illuminate\Foundation\Application.php(1058): Illuminate\Container\Container->make('Leantime\\Domain...', Array)
#23 C:\laragon\www\dentvira\public\leantime\app\Core\Controller\Frontcontroller.php(170): Illuminate\Foundation\Application->make('Leantime\\Domain...')
#24 C:\laragon\www\dentvira\public\leantime\app\Core\Controller\Frontcontroller.php(65): Leantime\Core\Controller\Frontcontroller->executeAction('Leantime\\Domain...', 'post')
#25 C:\laragon\www\dentvira\public\leantime\app\Core\Controller\Frontcontroller.php(75): Leantime\Core\Controller\Frontcontroller->dispatch(Object(Leantime\Core\Http\IncomingRequest))
#26 C:\laragon\www\dentvira\public\leantime\app\Core\Http\HttpKernel.php(216): Leantime\Core\Controller\Frontcontroller::dispatch_request(Object(Leantime\Core\Http\IncomingRequest))
#27 C:\laragon\www\dentvira\public\leantime\app\Core\Http\HttpKernel.php(173): Leantime\Core\Http\HttpKernel->findAndDispatchToRouter(Object(Leantime\Core\Http\IncomingRequest))
#28 C:\laragon\www\dentvira\public\leantime\vendor\laravel\framework\src\Illuminate\Pipeline\Pipeline.php(170): Leantime\Core\Http\HttpKernel->{closure:{closure:Leantime\Core\Http\HttpKernel::sendRequestThroughRouter():164}:173}(Object(Leantime\Core\Http\IncomingRequest))
#29 C:\laragon\www\dentvira\public\leantime\vendor\laravel\framework\src\Illuminate\Pipeline\Pipeline.php(127): Illuminate\Pipeline\Pipeline->{closure:Illuminate\Pipeline\Pipeline::prepareDestination():168}(Object(Leantime\Core\Http\IncomingRequest))
#30 C:\laragon\www\dentvira\public\leantime\app\Core\Http\HttpKernel.php(173): Illuminate\Pipeline\Pipeline->then(Object(Closure))
#31 C:\laragon\www\dentvira\public\leantime\vendor\laravel\framework\src\Illuminate\Pipeline\Pipeline.php(170): Leantime\Core\Http\HttpKernel->{closure:Leantime\Core\Http\HttpKernel::sendRequestThroughRouter():164}(Object(Leantime\Core\Http\IncomingRequest))
#32 C:\laragon\www\dentvira\public\leantime\app\Domain\Projects\Middleware\CurrentProject.php(41): Illuminate\Pipeline\Pipeline->{closure:Illuminate\Pipeline\Pipeline::prepareDestination():168}(Object(Leantime\Core\Http\IncomingRequest))
#33 C:\laragon\www\dentvira\public\leantime\vendor\laravel\framework\src\Illuminate\Pipeline\Pipeline.php(209): Leantime\Domain\Projects\Middleware\CurrentProject->handle(Object(Leantime\Core\Http\IncomingRequest), Object(Closure))
#34 C:\laragon\www\dentvira\public\leantime\app\Core\Middleware\Localization.php(46): Illuminate\Pipeline\Pipeline->{closure:{closure:Illuminate\Pipeline\Pipeline::carry():184}:185}(Object(Leantime\Core\Http\IncomingRequest))
#35 C:\laragon\www\dentvira\public\leantime\vendor\laravel\framework\src\Illuminate\Pipeline\Pipeline.php(209): Leantime\Core\Middleware\Localization->handle(Object(Leantime\Core\Http\IncomingRequest), Object(Closure))
#36 C:\laragon\www\dentvira\public\leantime\app\Core\Middleware\SetCacheHeaders.php(49): Illuminate\Pipeline\Pipeline->{closure:{closure:Illuminate\Pipeline\Pipeline::carry():184}:185}(Object(Leantime\Core\Http\IncomingRequest))
#37 C:\laragon\www\dentvira\public\leantime\vendor\laravel\framework\src\Illuminate\Pipeline\Pipeline.php(209): Leantime\Core\Middleware\SetCacheHeaders->handle(Object(Leantime\Core\Http\IncomingRequest), Object(Closure))
#38 C:\laragon\www\dentvira\public\leantime\vendor\laravel\framework\src\Illuminate\Foundation\Http\Middleware\TransformsRequest.php(21): Illuminate\Pipeline\Pipeline->{closure:{closure:Illuminate\Pipeline\Pipeline::carry():184}:185}(Object(Leantime\Core\Http\IncomingRequest))
#39 C:\laragon\www\dentvira\public\leantime\vendor\laravel\framework\src\Illuminate\Foundation\Http\Middleware\ConvertEmptyStringsToNull.php(31): Illuminate\Foundation\Http\Middleware\TransformsRequest->handle(Object(Leantime\Core\Http\IncomingRequest), Object(Closure))
#40 C:\laragon\www\dentvira\public\leantime\vendor\laravel\framework\src\Illuminate\Pipeline\Pipeline.php(209): Illuminate\Foundation\Http\Middleware\ConvertEmptyStringsToNull->handle(Object(Leantime\Core\Http\IncomingRequest), Object(Closure))
#41 C:\laragon\www\dentvira\public\leantime\vendor\laravel\framework\src\Illuminate\Foundation\Http\Middleware\TransformsRequest.php(21): Illuminate\Pipeline\Pipeline->{closure:{closure:Illuminate\Pipeline\Pipeline::carry():184}:185}(Object(Leantime\Core\Http\IncomingRequest))
#42 C:\laragon\www\dentvira\public\leantime\vendor\laravel\framework\src\Illuminate\Foundation\Http\Middleware\TrimStrings.php(51): Illuminate\Foundation\Http\Middleware\TransformsRequest->handle(Object(Leantime\Core\Http\IncomingRequest), Object(Closure))
#43 C:\laragon\www\dentvira\public\leantime\vendor\laravel\framework\src\Illuminate\Pipeline\Pipeline.php(209): Illuminate\Foundation\Http\Middleware\TrimStrings->handle(Object(Leantime\Core\Http\IncomingRequest), Object(Closure))
#44 C:\laragon\www\dentvira\public\leantime\vendor\laravel\framework\src\Illuminate\Http\Middleware\ValidatePostSize.php(27): Illuminate\Pipeline\Pipeline->{closure:{closure:Illuminate\Pipeline\Pipeline::carry():184}:185}(Object(Leantime\Core\Http\IncomingRequest))
#45 C:\laragon\www\dentvira\public\leantime\vendor\laravel\framework\src\Illuminate\Pipeline\Pipeline.php(209): Illuminate\Http\Middleware\ValidatePostSize->handle(Object(Leantime\Core\Http\IncomingRequest), Object(Closure))
#46 C:\laragon\www\dentvira\public\leantime\vendor\laravel\framework\src\Illuminate\Http\Middleware\HandleCors.php(49): Illuminate\Pipeline\Pipeline->{closure:{closure:Illuminate\Pipeline\Pipeline::carry():184}:185}(Object(Leantime\Core\Http\IncomingRequest))
#47 C:\laragon\www\dentvira\public\leantime\vendor\laravel\framework\src\Illuminate\Pipeline\Pipeline.php(209): Illuminate\Http\Middleware\HandleCors->handle(Object(Leantime\Core\Http\IncomingRequest), Object(Closure))
#48 C:\laragon\www\dentvira\public\leantime\app\Core\Middleware\RequestRateLimiter.php(55): Illuminate\Pipeline\Pipeline->{closure:{closure:Illuminate\Pipeline\Pipeline::carry():184}:185}(Object(Leantime\Core\Http\IncomingRequest))
#49 C:\laragon\www\dentvira\public\leantime\vendor\laravel\framework\src\Illuminate\Pipeline\Pipeline.php(209): Leantime\Core\Middleware\RequestRateLimiter->handle(Object(Leantime\Core\Http\IncomingRequest), Object(Closure))
#50 C:\laragon\www\dentvira\public\leantime\app\Core\Middleware\AuthenticateSession.php(34): Illuminate\Pipeline\Pipeline->{closure:{closure:Illuminate\Pipeline\Pipeline::carry():184}:185}(Object(Leantime\Core\Http\IncomingRequest))
#51 C:\laragon\www\dentvira\public\leantime\vendor\laravel\framework\src\Illuminate\Pipeline\Pipeline.php(209): Leantime\Core\Middleware\AuthenticateSession->handle(Object(Leantime\Core\Http\IncomingRequest), Object(Closure))
#52 C:\laragon\www\dentvira\public\leantime\app\Core\Middleware\AuthCheck.php(62): Illuminate\Pipeline\Pipeline->{closure:{closure:Illuminate\Pipeline\Pipeline::carry():184}:185}(Object(Leantime\Core\Http\IncomingRequest))
#53 C:\laragon\www\dentvira\public\leantime\vendor\laravel\framework\src\Illuminate\Pipeline\Pipeline.php(209): Leantime\Core\Middleware\AuthCheck->handle(Object(Leantime\Core\Http\IncomingRequest), Object(Closure))
#54 C:\laragon\www\dentvira\public\leantime\app\Core\Middleware\InitialHeaders.php(24): Illuminate\Pipeline\Pipeline->{closure:{closure:Illuminate\Pipeline\Pipeline::carry():184}:185}(Object(Leantime\Core\Http\IncomingRequest))
#55 C:\laragon\www\dentvira\public\leantime\vendor\laravel\framework\src\Illuminate\Pipeline\Pipeline.php(209): Leantime\Core\Middleware\InitialHeaders->handle(Object(Leantime\Core\Http\IncomingRequest), Object(Closure))
#56 C:\laragon\www\dentvira\public\leantime\app\Core\Middleware\LoadPlugins.php(32): Illuminate\Pipeline\Pipeline->{closure:{closure:Illuminate\Pipeline\Pipeline::carry():184}:185}(Object(Leantime\Core\Http\IncomingRequest))
#57 C:\laragon\www\dentvira\public\leantime\vendor\laravel\framework\src\Illuminate\Pipeline\Pipeline.php(209): Leantime\Core\Middleware\LoadPlugins->handle(Object(Leantime\Core\Http\IncomingRequest), Object(Closure))
#58 C:\laragon\www\dentvira\public\leantime\app\Core\Middleware\Updated.php(67): Illuminate\Pipeline\Pipeline->{closure:{closure:Illuminate\Pipeline\Pipeline::carry():184}:185}(Object(Leantime\Core\Http\IncomingRequest))
#59 C:\laragon\www\dentvira\public\leantime\vendor\laravel\framework\src\Illuminate\Pipeline\Pipeline.php(209): Leantime\Core\Middleware\Updated->handle(Object(Leantime\Core\Http\IncomingRequest), Object(Closure))
#60 C:\laragon\www\dentvira\public\leantime\app\Core\Middleware\Installed.php(39): Illuminate\Pipeline\Pipeline->{closure:{closure:Illuminate\Pipeline\Pipeline::carry():184}:185}(Object(Leantime\Core\Http\IncomingRequest))
#61 C:\laragon\www\dentvira\public\leantime\vendor\laravel\framework\src\Illuminate\Pipeline\Pipeline.php(209): Leantime\Core\Middleware\Installed->handle(Object(Leantime\Core\Http\IncomingRequest), Object(Closure))
#62 C:\laragon\www\dentvira\public\leantime\app\Core\Middleware\StartSession.php(134): Illuminate\Pipeline\Pipeline->{closure:{closure:Illuminate\Pipeline\Pipeline::carry():184}:185}(Object(Leantime\Core\Http\IncomingRequest))
#63 C:\laragon\www\dentvira\public\leantime\app\Core\Middleware\StartSession.php(83): Leantime\Core\Middleware\StartSession->handleOptimisticRequest(Object(Leantime\Core\Http\IncomingRequest), Object(Illuminate\Session\Store), Object(Closure))
#64 C:\laragon\www\dentvira\public\leantime\vendor\laravel\framework\src\Illuminate\Pipeline\Pipeline.php(209): Leantime\Core\Middleware\StartSession->handle(Object(Leantime\Core\Http\IncomingRequest), Object(Closure))
#65 C:\laragon\www\dentvira\public\leantime\app\Core\Middleware\TrustProxies.php(65): Illuminate\Pipeline\Pipeline->{closure:{closure:Illuminate\Pipeline\Pipeline::carry():184}:185}(Object(Leantime\Core\Http\IncomingRequest))
#66 C:\laragon\www\dentvira\public\leantime\vendor\laravel\framework\src\Illuminate\Pipeline\Pipeline.php(209): Leantime\Core\Middleware\TrustProxies->handle(Object(Leantime\Core\Http\IncomingRequest), Object(Closure))
#67 C:\laragon\www\dentvira\public\leantime\vendor\laravel\framework\src\Illuminate\Pipeline\Pipeline.php(127): Illuminate\Pipeline\Pipeline->{closure:{closure:Illuminate\Pipeline\Pipeline::carry():184}:185}(Object(Leantime\Core\Http\IncomingRequest))
#68 C:\laragon\www\dentvira\public\leantime\app\Core\Http\HttpKernel.php(164): Illuminate\Pipeline\Pipeline->then(Object(Closure))
#69 C:\laragon\www\dentvira\public\leantime\app\Core\Http\HttpKernel.php(121): Leantime\Core\Http\HttpKernel->sendRequestThroughRouter(Object(Leantime\Core\Http\IncomingRequest))
#70 C:\laragon\www\dentvira\public\leantime\app\Core\Bootloader.php(79): Leantime\Core\Http\HttpKernel->handle(Object(Leantime\Core\Http\IncomingRequest))
#71 C:\laragon\www\dentvira\public\leantime\app\Core\Bootloader.php(60): Leantime\Core\Bootloader->handleRequest(Object(Leantime\Core\Http\IncomingRequest))
#72 C:\laragon\www\dentvira\public\leantime\public\index.php(20): Leantime\Core\Bootloader->boot(Object(Leantime\Core\Application))
#73 {main}  
[2026-10-02 13:55:26] production.INFO: Cron Schedule Output: 
  2026-10-02 13:55:26 Running [queue:emails] ................................. 13.41ms DONE
  2026-10-02 13:55:26 Running [queue:httprequests] ............................ 1.29ms DONE
  2026-10-02 13:55:26 Running [queue:default] ................................. 1.00ms DONE

  
[2026-10-02 13:55:27] production.WARNING: Long session operation detected: 3.0293810367584s for session DEZtkItHYGtZy53kkWkU4ASxf3mfWIk6L37KvzP2  
[2026-10-02 13:56:32] production.INFO: Cron Schedule Output: 
  2026-10-02 13:56:32 Running [queue:emails] ................................. 16.47ms DONE

  
[2026-10-02 14:01:05] production.INFO: Cron Schedule Output: 
  2026-10-02 14:01:05 Running [queue:emails] .................................. 9.46ms DONE

  
[2026-10-02 14:01:12] production.INFO: Cron Schedule Output: 
  2026-10-02 14:01:12 Running [queue:emails] .................................. 9.53ms DONE

  
[2026-10-02 14:01:18] production.INFO: Cron Schedule Output: 
  2026-10-02 14:01:18 Running [queue:emails] ................................. 10.85ms DONE

  
[2026-10-02 14:04:32] production.INFO: Cron Schedule Output: 
  2026-10-02 14:04:32 Running [queue:emails] ................................. 10.19ms DONE

  
[2026-10-02 14:04:38] production.INFO: Cron Schedule Output: 
  2026-10-02 14:04:38 Running [queue:emails] .................................. 9.66ms DONE

  
[2026-10-02 14:04:43] production.INFO: Cron Schedule Output: 
  2026-10-02 14:04:43 Running [queue:emails] .................................. 9.62ms DONE

  
[2026-10-02 14:04:47] production.INFO: Cron Schedule Output: 
  2026-10-02 14:04:47 Running [queue:emails] .................................. 9.71ms DONE

  
[2026-10-02 14:05:02] production.INFO: Cron Schedule Output: 
  2026-10-02 14:05:02 Running [queue:emails] ................................. 12.25ms DONE
  2026-10-02 14:05:02 Running [queue:httprequests] ............................ 0.89ms DONE
  2026-10-02 14:05:02 Running [queue:default] ................................. 0.65ms DONE

  
[2026-10-02 14:05:04] production.INFO: Cron Schedule Output: 
  2026-10-02 14:05:04 Running [queue:emails] .................................. 9.46ms DONE
  2026-10-02 14:05:04 Running [queue:httprequests] ............................ 0.82ms DONE
  2026-10-02 14:05:04 Running [queue:default] ................................. 0.63ms DONE

  
[2026-10-02 14:05:11] production.INFO: Cron Schedule Output: 
  2026-10-02 14:05:11 Running [queue:emails] ................................. 10.65ms DONE
  2026-10-02 14:05:11 Running [queue:httprequests] ............................ 0.87ms DONE
  2026-10-02 14:05:11 Running [queue:default] ................................. 0.71ms DONE

  
[2026-10-02 14:05:32] production.INFO: Cron Schedule Output: 
  2026-10-02 14:05:32 Running [queue:emails] .................................. 9.50ms DONE
  2026-10-02 14:05:32 Running [queue:httprequests] ............................ 0.92ms DONE
  2026-10-02 14:05:32 Running [queue:default] ................................. 0.73ms DONE

  
[2026-10-02 14:05:34] production.INFO: Cron Schedule Output: 
  2026-10-02 14:05:34 Running [queue:emails] .................................. 9.75ms DONE
  2026-10-02 14:05:34 Running [queue:httprequests] ............................ 0.86ms DONE
  2026-10-02 14:05:34 Running [queue:default] ................................. 0.64ms DONE

  
[2026-10-02 14:05:45] production.INFO: Cron Schedule Output: 
  2026-10-02 14:05:45 Running [queue:emails] .................................. 9.91ms DONE
  2026-10-02 14:05:45 Running [queue:httprequests] ............................ 0.86ms DONE
  2026-10-02 14:05:45 Running [queue:default] ................................. 0.89ms DONE

  
[2026-10-02 14:05:51] production.INFO: Cron Schedule Output: 
  2026-10-02 14:05:51 Running [queue:emails] ................................. 11.25ms DONE
  2026-10-02 14:05:51 Running [queue:httprequests] ............................ 0.85ms DONE
  2026-10-02 14:05:51 Running [queue:default] ................................. 0.66ms DONE

  
[2026-10-02 14:06:04] production.INFO: Cron Schedule Output: 
  2026-10-02 14:06:04 Running [queue:emails] ................................. 10.95ms DONE

  
[2026-10-02 14:06:14] production.INFO: Cron Schedule Output: 
  2026-10-02 14:06:14 Running [queue:emails] .................................. 9.31ms DONE

  
[2026-10-02 14:06:20] production.INFO: Cron Schedule Output: 
  2026-10-02 14:06:20 Running [queue:emails] .................................. 9.38ms DONE

  
[2026-10-02 14:06:33] production.INFO: Cron Schedule Output: 
  2026-10-02 14:06:33 Running [queue:emails] ................................. 10.14ms DONE

  
[2026-10-02 14:06:43] production.INFO: Cron Schedule Output: 
  2026-10-02 14:06:43 Running [queue:emails] .................................. 9.58ms DONE

  
[2026-10-02 14:06:46] production.INFO: Cron Schedule Output: 
  2026-10-02 14:06:46 Running [queue:emails] .................................. 9.76ms DONE

  
[2026-10-02 14:06:52] production.INFO: Cron Schedule Output: 
  2026-10-02 14:06:52 Running [queue:emails] .................................. 9.72ms DONE

  
[2026-10-02 14:07:02] production.INFO: Cron Schedule Output: 
  2026-10-02 14:07:02 Running [queue:emails] ................................. 10.46ms DONE

  
[2026-10-02 14:07:04] production.INFO: Cron Schedule Output: 
  2026-10-02 14:07:04 Running [queue:emails] .................................. 9.48ms DONE

  
[2026-10-02 14:07:09] production.INFO: Cron Schedule Output: 
  2026-10-02 14:07:09 Running [queue:emails] ................................. 11.87ms DONE

  
[2026-10-02 14:07:16] production.INFO: Cron Schedule Output: 
  2026-10-02 14:07:16 Running [queue:emails] ................................. 10.35ms DONE

  
[2026-10-02 14:07:20] production.INFO: Cron Schedule Output: 
  2026-10-02 14:07:20 Running [queue:emails] ................................. 10.80ms DONE

  
[2026-10-02 14:07:25] production.INFO: Cron Schedule Output: 
  2026-10-02 14:07:25 Running [queue:emails] ................................. 11.90ms DONE

  
[2026-10-02 14:07:29] production.INFO: Cron Schedule Output: 
  2026-10-02 14:07:29 Running [queue:emails] ................................. 10.55ms DONE

  
[2026-10-02 14:07:36] production.INFO: Cron Schedule Output: 
  2026-10-02 14:07:36 Running [queue:emails] .................................. 9.77ms DONE

  
[2026-10-02 14:07:39] production.INFO: Cron Schedule Output: 
  2026-10-02 14:07:39 Running [queue:emails] .................................. 9.74ms DONE

  
[2026-10-02 14:07:45] production.INFO: Cron Schedule Output: 
  2026-10-02 14:07:45 Running [queue:emails] ................................. 11.32ms DONE

  
[2026-10-02 14:08:11] production.INFO: Cron Schedule Output: 
  2026-10-02 14:08:11 Running [queue:emails] ................................. 12.14ms DONE

  
[2026-10-02 14:08:20] production.INFO: Cron Schedule Output: 
  2026-10-02 14:08:20 Running [queue:emails] .................................. 9.45ms DONE

  
[2026-10-02 14:08:23] production.INFO: Cron Schedule Output: 
  2026-10-02 14:08:23 Running [queue:emails] ................................. 11.56ms DONE

  
[2026-10-02 14:08:34] production.INFO: Cron Schedule Output: 
  2026-10-02 14:08:34 Running [queue:emails] ................................. 10.15ms DONE

  
[2026-10-02 14:08:41] production.INFO: Cron Schedule Output: 
  2026-10-02 14:08:41 Running [queue:emails] ................................. 10.98ms DONE

  
[2026-10-02 14:09:24] production.INFO: Cron Schedule Output: 
  2026-10-02 14:09:24 Running [queue:emails] .................................. 9.57ms DONE

  
[2026-10-02 14:09:41] production.INFO: Cron Schedule Output: 
  2026-10-02 14:09:41 Running [queue:emails] ................................. 10.53ms DONE

  
[2026-10-02 14:10:22] production.INFO: Cron Schedule Output: 
  2026-10-02 14:10:22 Running [queue:emails] ................................. 12.72ms DONE
  2026-10-02 14:10:22 Running [queue:httprequests] ............................ 1.04ms DONE
  2026-10-02 14:10:22 Running [queue:default] ................................. 0.78ms DONE

  
[2026-10-02 14:10:26] production.INFO: Cron Schedule Output: 
  2026-10-02 14:10:26 Running [queue:emails] .................................. 9.63ms DONE
  2026-10-02 14:10:26 Running [queue:httprequests] ............................ 1.78ms DONE
  2026-10-02 14:10:26 Running [queue:default] ................................. 1.42ms DONE

  
[2026-10-02 14:10:35] production.INFO: Cron Schedule Output: 
  2026-10-02 14:10:35 Running [queue:emails] ................................. 11.24ms DONE
  2026-10-02 14:10:35 Running [queue:httprequests] ............................ 0.88ms DONE
  2026-10-02 14:10:35 Running [queue:default] ................................. 0.63ms DONE

  
[2026-10-02 14:10:43] production.INFO: Cron Schedule Output: 
  2026-10-02 14:10:43 Running [queue:emails] ................................. 10.24ms DONE
  2026-10-02 14:10:43 Running [queue:httprequests] ............................ 0.88ms DONE
  2026-10-02 14:10:43 Running [queue:default] ................................. 0.62ms DONE

  
[2026-10-02 14:11:22] production.INFO: Cron Schedule Output: 
  2026-10-02 14:11:22 Running [queue:emails] ................................. 11.21ms DONE

  
[2026-10-02 14:11:42] production.INFO: Cron Schedule Output: 
  2026-10-02 14:11:42 Running [queue:emails] ................................. 11.53ms DONE

  
[2026-10-02 14:11:44] production.INFO: Cron Schedule Output: 
  2026-10-02 14:11:44 Running [queue:emails] ................................. 11.05ms DONE

  
[2026-10-02 14:11:49] production.INFO: Cron Schedule Output: 
  2026-10-02 14:11:49 Running [queue:emails] ................................. 10.15ms DONE

  
[2026-10-02 14:11:51] production.INFO: Cron Schedule Output: 
  2026-10-02 14:11:51 Running [queue:emails] ................................. 10.78ms DONE

  
[2026-10-02 14:11:58] production.INFO: Cron Schedule Output: 
  2026-10-02 14:11:58 Running [queue:emails] ................................. 10.18ms DONE

  
[2026-10-02 14:12:04] production.INFO: Cron Schedule Output: 
  2026-10-02 14:12:04 Running [queue:emails] ................................. 10.31ms DONE

  
[2026-10-02 03:42:08] production.ERROR: SQLSTATE[HY000] [1049] Unknown database 'laravel' (Connection: mysql, SQL: select count(*) as aggregate from `zp_user`) {"exception":"[object] (Illuminate\\Database\\QueryException(code: 1049): SQLSTATE[HY000] [1049] Unknown database 'laravel' (Connection: mysql, SQL: select count(*) as aggregate from `zp_user`) at C:\\laragon\\www\\dentvira\\public\\leantime\\vendor\\laravel\\framework\\src\\Illuminate\\Database\\Connection.php:825)
[stacktrace]
#0 C:\\laragon\\www\\dentvira\\public\\leantime\\vendor\\laravel\\framework\\src\\Illuminate\\Database\\Connection.php(779): Illuminate\\Database\\Connection->runQueryCallback('select count(*)...', Array, Object(Closure))
#1 C:\\laragon\\www\\dentvira\\public\\leantime\\vendor\\laravel\\framework\\src\\Illuminate\\Database\\Connection.php(398): Illuminate\\Database\\Connection->run('select count(*)...', Array, Object(Closure))
#2 C:\\laragon\\www\\dentvira\\public\\leantime\\vendor\\laravel\\framework\\src\\Illuminate\\Database\\Query\\Builder.php(3106): Illuminate\\Database\\Connection->select('select count(*)...', Array, true)
#3 C:\\laragon\\www\\dentvira\\public\\leantime\\vendor\\laravel\\framework\\src\\Illuminate\\Database\\Query\\Builder.php(3091): Illuminate\\Database\\Query\\Builder->runSelect()
#4 C:\\laragon\\www\\dentvira\\public\\leantime\\vendor\\laravel\\framework\\src\\Illuminate\\Database\\Query\\Builder.php(3676): Illuminate\\Database\\Query\\Builder->{closure:Illuminate\\Database\\Query\\Builder::get():3090}()
#5 C:\\laragon\\www\\dentvira\\public\\leantime\\vendor\\laravel\\framework\\src\\Illuminate\\Database\\Query\\Builder.php(3090): Illuminate\\Database\\Query\\Builder->onceWithColumns(Array, Object(Closure))
#6 C:\\laragon\\www\\dentvira\\public\\leantime\\vendor\\laravel\\framework\\src\\Illuminate\\Database\\Query\\Builder.php(3603): Illuminate\\Database\\Query\\Builder->get(Array)
#7 C:\\laragon\\www\\dentvira\\public\\leantime\\vendor\\laravel\\framework\\src\\Illuminate\\Database\\Query\\Builder.php(3531): Illuminate\\Database\\Query\\Builder->aggregate('count', Array)
#8 C:\\laragon\\www\\dentvira\\public\\leantime\\app\\Domain\\Setting\\Repositories\\Setting.php(159): Illuminate\\Database\\Query\\Builder->count()
#9 C:\\laragon\\www\\dentvira\\public\\leantime\\app\\Core\\Middleware\\Installed.php(33): Leantime\\Domain\\Setting\\Repositories\\Setting->checkIfInstalled()
#10 C:\\laragon\\www\\dentvira\\public\\leantime\\vendor\\laravel\\framework\\src\\Illuminate\\Pipeline\\Pipeline.php(209): Leantime\\Core\\Middleware\\Installed->handle(Object(Leantime\\Core\\Http\\IncomingRequest), Object(Closure))
#11 C:\\laragon\\www\\dentvira\\public\\leantime\\app\\Core\\Middleware\\StartSession.php(134): Illuminate\\Pipeline\\Pipeline->{closure:{closure:Illuminate\\Pipeline\\Pipeline::carry():184}:185}(Object(Leantime\\Core\\Http\\IncomingRequest))
#12 C:\\laragon\\www\\dentvira\\public\\leantime\\app\\Core\\Middleware\\StartSession.php(83): Leantime\\Core\\Middleware\\StartSession->handleOptimisticRequest(Object(Leantime\\Core\\Http\\IncomingRequest), Object(Illuminate\\Session\\Store), Object(Closure))
#13 C:\\laragon\\www\\dentvira\\public\\leantime\\vendor\\laravel\\framework\\src\\Illuminate\\Pipeline\\Pipeline.php(209): Leantime\\Core\\Middleware\\StartSession->handle(Object(Leantime\\Core\\Http\\IncomingRequest), Object(Closure))
#14 C:\\laragon\\www\\dentvira\\public\\leantime\\app\\Core\\Middleware\\TrustProxies.php(65): Illuminate\\Pipeline\\Pipeline->{closure:{closure:Illuminate\\Pipeline\\Pipeline::carry():184}:185}(Object(Leantime\\Core\\Http\\IncomingRequest))
#15 C:\\laragon\\www\\dentvira\\public\\leantime\\vendor\\laravel\\framework\\src\\Illuminate\\Pipeline\\Pipeline.php(209): Leantime\\Core\\Middleware\\TrustProxies->handle(Object(Leantime\\Core\\Http\\IncomingRequest), Object(Closure))
#16 C:\\laragon\\www\\dentvira\\public\\leantime\\vendor\\laravel\\framework\\src\\Illuminate\\Pipeline\\Pipeline.php(127): Illuminate\\Pipeline\\Pipeline->{closure:{closure:Illuminate\\Pipeline\\Pipeline::carry():184}:185}(Object(Leantime\\Core\\Http\\IncomingRequest))
#17 C:\\laragon\\www\\dentvira\\public\\leantime\\app\\Core\\Http\\HttpKernel.php(164): Illuminate\\Pipeline\\Pipeline->then(Object(Closure))
#18 C:\\laragon\\www\\dentvira\\public\\leantime\\app\\Core\\Http\\HttpKernel.php(121): Leantime\\Core\\Http\\HttpKernel->sendRequestThroughRouter(Object(Leantime\\Core\\Http\\IncomingRequest))
#19 C:\\laragon\\www\\dentvira\\public\\leantime\\app\\Core\\Bootloader.php(79): Leantime\\Core\\Http\\HttpKernel->handle(Object(Leantime\\Core\\Http\\IncomingRequest))
#20 C:\\laragon\\www\\dentvira\\public\\leantime\\app\\Core\\Bootloader.php(60): Leantime\\Core\\Bootloader->handleRequest(Object(Leantime\\Core\\Http\\IncomingRequest))
#21 C:\\laragon\\www\\dentvira\\public\\leantime\\public\\index.php(20): Leantime\\Core\\Bootloader->boot(Object(Leantime\\Core\\Application))
#22 {main}

[previous exception] [object] (PDOException(code: 1049): SQLSTATE[HY000] [1049] Unknown database 'laravel' at C:\\laragon\\www\\dentvira\\public\\leantime\\vendor\\laravel\\framework\\src\\Illuminate\\Database\\Connectors\\Connector.php:67)
[stacktrace]
#0 C:\\laragon\\www\\dentvira\\public\\leantime\\vendor\\laravel\\framework\\src\\Illuminate\\Database\\Connectors\\Connector.php(67): PDO::connect('mysql:host=127....', 'root', Object(SensitiveParameterValue), Array)
#1 C:\\laragon\\www\\dentvira\\public\\leantime\\vendor\\laravel\\framework\\src\\Illuminate\\Database\\Connectors\\Connector.php(44): Illuminate\\Database\\Connectors\\Connector->createPdoConnection('mysql:host=127....', 'root', Object(SensitiveParameterValue), Array)
#2 C:\\laragon\\www\\dentvira\\public\\leantime\\vendor\\laravel\\framework\\src\\Illuminate\\Database\\Connectors\\MySqlConnector.php(24): Illuminate\\Database\\Connectors\\Connector->createConnection('mysql:host=127....', Array, Array)
#3 C:\\laragon\\www\\dentvira\\public\\leantime\\vendor\\laravel\\framework\\src\\Illuminate\\Database\\Connectors\\ConnectionFactory.php(185): Illuminate\\Database\\Connectors\\MySqlConnector->connect(Array)
#4 [internal function]: Illuminate\\Database\\Connectors\\ConnectionFactory->{closure:Illuminate\\Database\\Connectors\\ConnectionFactory::createPdoResolverWithHosts():180}()
#5 C:\\laragon\\www\\dentvira\\public\\leantime\\vendor\\laravel\\framework\\src\\Illuminate\\Database\\Connection.php(1231): call_user_func(Object(Closure))
#6 C:\\laragon\\www\\dentvira\\public\\leantime\\vendor\\laravel\\framework\\src\\Illuminate\\Database\\Connection.php(1267): Illuminate\\Database\\Connection->getPdo()
#7 C:\\laragon\\www\\dentvira\\public\\leantime\\vendor\\laravel\\framework\\src\\Illuminate\\Database\\Connection.php(512): Illuminate\\Database\\Connection->getReadPdo()
#8 C:\\laragon\\www\\dentvira\\public\\leantime\\vendor\\laravel\\framework\\src\\Illuminate\\Database\\Connection.php(407): Illuminate\\Database\\Connection->getPdoForSelect(true)
#9 C:\\laragon\\www\\dentvira\\public\\leantime\\vendor\\laravel\\framework\\src\\Illuminate\\Database\\Connection.php(812): Illuminate\\Database\\Connection->{closure:Illuminate\\Database\\Connection::select():398}('select count(*)...', Array)
#10 C:\\laragon\\www\\dentvira\\public\\leantime\\vendor\\laravel\\framework\\src\\Illuminate\\Database\\Connection.php(779): Illuminate\\Database\\Connection->runQueryCallback('select count(*)...', Array, Object(Closure))
#11 C:\\laragon\\www\\dentvira\\public\\leantime\\vendor\\laravel\\framework\\src\\Illuminate\\Database\\Connection.php(398): Illuminate\\Database\\Connection->run('select count(*)...', Array, Object(Closure))
#12 C:\\laragon\\www\\dentvira\\public\\leantime\\vendor\\laravel\\framework\\src\\Illuminate\\Database\\Query\\Builder.php(3106): Illuminate\\Database\\Connection->select('select count(*)...', Array, true)
#13 C:\\laragon\\www\\dentvira\\public\\leantime\\vendor\\laravel\\framework\\src\\Illuminate\\Database\\Query\\Builder.php(3091): Illuminate\\Database\\Query\\Builder->runSelect()
#14 C:\\laragon\\www\\dentvira\\public\\leantime\\vendor\\laravel\\framework\\src\\Illuminate\\Database\\Query\\Builder.php(3676): Illuminate\\Database\\Query\\Builder->{closure:Illuminate\\Database\\Query\\Builder::get():3090}()
#15 C:\\laragon\\www\\dentvira\\public\\leantime\\vendor\\laravel\\framework\\src\\Illuminate\\Database\\Query\\Builder.php(3090): Illuminate\\Database\\Query\\Builder->onceWithColumns(Array, Object(Closure))
#16 C:\\laragon\\www\\dentvira\\public\\leantime\\vendor\\laravel\\framework\\src\\Illuminate\\Database\\Query\\Builder.php(3603): Illuminate\\Database\\Query\\Builder->get(Array)
#17 C:\\laragon\\www\\dentvira\\public\\leantime\\vendor\\laravel\\framework\\src\\Illuminate\\Database\\Query\\Builder.php(3531): Illuminate\\Database\\Query\\Builder->aggregate('count', Array)
#18 C:\\laragon\\www\\dentvira\\public\\leantime\\app\\Domain\\Setting\\Repositories\\Setting.php(159): Illuminate\\Database\\Query\\Builder->count()
#19 C:\\laragon\\www\\dentvira\\public\\leantime\\app\\Core\\Middleware\\Installed.php(33): Leantime\\Domain\\Setting\\Repositories\\Setting->checkIfInstalled()
#20 C:\\laragon\\www\\dentvira\\public\\leantime\\vendor\\laravel\\framework\\src\\Illuminate\\Pipeline\\Pipeline.php(209): Leantime\\Core\\Middleware\\Installed->handle(Object(Leantime\\Core\\Http\\IncomingRequest), Object(Closure))
#21 C:\\laragon\\www\\dentvira\\public\\leantime\\app\\Core\\Middleware\\StartSession.php(134): Illuminate\\Pipeline\\Pipeline->{closure:{closure:Illuminate\\Pipeline\\Pipeline::carry():184}:185}(Object(Leantime\\Core\\Http\\IncomingRequest))
#22 C:\\laragon\\www\\dentvira\\public\\leantime\\app\\Core\\Middleware\\StartSession.php(83): Leantime\\Core\\Middleware\\StartSession->handleOptimisticRequest(Object(Leantime\\Core\\Http\\IncomingRequest), Object(Illuminate\\Session\\Store), Object(Closure))
#23 C:\\laragon\\www\\dentvira\\public\\leantime\\vendor\\laravel\\framework\\src\\Illuminate\\Pipeline\\Pipeline.php(209): Leantime\\Core\\Middleware\\StartSession->handle(Object(Leantime\\Core\\Http\\IncomingRequest), Object(Closure))
#24 C:\\laragon\\www\\dentvira\\public\\leantime\\app\\Core\\Middleware\\TrustProxies.php(65): Illuminate\\Pipeline\\Pipeline->{closure:{closure:Illuminate\\Pipeline\\Pipeline::carry():184}:185}(Object(Leantime\\Core\\Http\\IncomingRequest))
#25 C:\\laragon\\www\\dentvira\\public\\leantime\\vendor\\laravel\\framework\\src\\Illuminate\\Pipeline\\Pipeline.php(209): Leantime\\Core\\Middleware\\TrustProxies->handle(Object(Leantime\\Core\\Http\\IncomingRequest), Object(Closure))
#26 C:\\laragon\\www\\dentvira\\public\\leantime\\vendor\\laravel\\framework\\src\\Illuminate\\Pipeline\\Pipeline.php(127): Illuminate\\Pipeline\\Pipeline->{closure:{closure:Illuminate\\Pipeline\\Pipeline::carry():184}:185}(Object(Leantime\\Core\\Http\\IncomingRequest))
#27 C:\\laragon\\www\\dentvira\\public\\leantime\\app\\Core\\Http\\HttpKernel.php(164): Illuminate\\Pipeline\\Pipeline->then(Object(Closure))
#28 C:\\laragon\\www\\dentvira\\public\\leantime\\app\\Core\\Http\\HttpKernel.php(121): Leantime\\Core\\Http\\HttpKernel->sendRequestThroughRouter(Object(Leantime\\Core\\Http\\IncomingRequest))
#29 C:\\laragon\\www\\dentvira\\public\\leantime\\app\\Core\\Bootloader.php(79): Leantime\\Core\\Http\\HttpKernel->handle(Object(Leantime\\Core\\Http\\IncomingRequest))
#30 C:\\laragon\\www\\dentvira\\public\\leantime\\app\\Core\\Bootloader.php(60): Leantime\\Core\\Bootloader->handleRequest(Object(Leantime\\Core\\Http\\IncomingRequest))
#31 C:\\laragon\\www\\dentvira\\public\\leantime\\public\\index.php(20): Leantime\\Core\\Bootloader->boot(Object(Leantime\\Core\\Application))
#32 {main}
"} 
[2026-10-02 14:12:08] production.INFO: Cron Schedule Output: 
  2026-10-02 14:12:08 Running [queue:emails] .................................. 9.82ms DONE

  
[2026-10-02 14:12:40] production.INFO: Cron Schedule Output: 
  2026-10-02 14:12:40 Running [queue:emails] ................................. 12.37ms DONE

  
[2026-10-02 14:12:53] production.INFO: Cron Schedule Output: 
  2026-10-02 14:12:53 Running [queue:emails] ................................. 10.83ms DONE

  
[2026-10-02 14:13:05] production.INFO: Cron Schedule Output: 
  2026-10-02 14:13:05 Running [queue:emails] .................................. 9.63ms DONE

  
[2026-10-02 14:13:34] production.INFO: Cron Schedule Output: 
  2026-10-02 14:13:34 Running [queue:emails] .................................. 9.73ms DONE

  
[2026-10-02 14:14:00] production.INFO: Cron Schedule Output: 
  2026-10-02 14:13:59 Running [queue:emails] .................................. 9.63ms DONE

  
[2026-10-02 14:14:03] production.INFO: Cron Schedule Output: 
  2026-10-02 14:14:03 Running [queue:emails] .................................. 9.72ms DONE

  
[2026-10-02 14:14:16] production.INFO: Cron Schedule Output: 
  2026-10-02 14:14:16 Running [queue:emails] ................................. 11.35ms DONE

  
[2026-10-02 14:15:03] production.INFO: Cron Schedule Output: 
  2026-10-02 14:15:03 Running [queue:emails] .................................. 9.60ms DONE
  2026-10-02 14:15:03 Running [queue:httprequests] ............................ 0.98ms DONE
  2026-10-02 14:15:03 Running [queue:default] ................................. 0.63ms DONE

  
[2026-10-02 14:15:12] production.INFO: Cron Schedule Output: 
  2026-10-02 14:15:12 Running [queue:emails] ................................. 11.16ms DONE
  2026-10-02 14:15:12 Running [queue:httprequests] ............................ 0.86ms DONE
  2026-10-02 14:15:12 Running [queue:default] ................................. 0.69ms DONE

  
[2026-10-02 14:15:21] production.INFO: Cron Schedule Output: 
  2026-10-02 14:15:21 Running [queue:emails] ................................. 11.17ms DONE
  2026-10-02 14:15:21 Running [queue:httprequests] ............................ 0.92ms DONE
  2026-10-02 14:15:21 Running [queue:default] ................................. 0.69ms DONE

  
[2026-10-02 14:15:25] production.INFO: Cron Schedule Output: 
  2026-10-02 14:15:25 Running [queue:emails] ................................. 11.68ms DONE
  2026-10-02 14:15:25 Running [queue:httprequests] ............................ 1.06ms DONE
  2026-10-02 14:15:25 Running [queue:default] ................................. 0.97ms DONE

  
[2026-10-02 14:15:52] production.INFO: Cron Schedule Output: 
  2026-10-02 14:15:52 Running [queue:emails] ................................. 10.29ms DONE
  2026-10-02 14:15:52 Running [queue:httprequests] ............................ 1.13ms DONE
  2026-10-02 14:15:52 Running [queue:default] ................................. 1.09ms DONE

  
[2026-10-02 14:16:03] production.INFO: Cron Schedule Output: 
  2026-10-02 14:16:03 Running [queue:emails] .................................. 9.10ms DONE

  
[2026-10-02 14:16:22] production.INFO: Cron Schedule Output: 
  2026-10-02 14:16:22 Running [queue:emails] ................................. 11.11ms DONE

  
[2026-10-02 14:18:09] production.INFO: Cron Schedule Output: 
  2026-10-02 14:18:09 Running [queue:emails] .................................. 9.61ms DONE

  
[2026-10-02 14:18:18] production.INFO: Cron Schedule Output: 
  2026-10-02 14:18:18 Running [queue:emails] ................................. 11.97ms DONE

  
[2026-10-02 14:18:39] production.INFO: Cron Schedule Output: 
  2026-10-02 14:18:39 Running [queue:emails] ................................. 11.83ms DONE

  
[2026-10-02 14:18:46] production.INFO: Cron Schedule Output: 
  2026-10-02 14:18:46 Running [queue:emails] .................................. 9.84ms DONE

  
[2026-10-02 14:18:57] production.INFO: Cron Schedule Output: 
  2026-10-02 14:18:57 Running [queue:emails] ................................. 10.57ms DONE

  
[2026-10-02 14:23:58] production.INFO: Cron Schedule Output: 
  2026-10-02 14:23:58 Running [queue:emails] ................................. 10.10ms DONE

  
[2026-10-02 14:25:52] production.INFO: Cron Schedule Output: 
  2026-10-02 14:25:52 Running [queue:emails] ................................. 10.71ms DONE
  2026-10-02 14:25:52 Running [queue:httprequests] ............................ 1.40ms DONE
  2026-10-02 14:25:52 Running [queue:default] ................................. 1.10ms DONE

  
[2026-10-02 14:26:04] production.INFO: Cron Schedule Output: 
  2026-10-02 14:26:04 Running [queue:emails] ................................. 13.41ms DONE

  
[2026-10-02 14:31:04] production.INFO: Cron Schedule Output: 
  2026-10-02 14:31:04 Running [queue:emails] .................................. 9.43ms DONE

  
[2026-10-02 14:36:04] production.INFO: Cron Schedule Output: 
  2026-10-02 14:36:04 Running [queue:emails] ................................. 10.70ms DONE

  
[2026-10-02 14:36:43] production.INFO: Cron Schedule Output: 
  2026-10-02 14:36:43 Running [queue:emails] ................................. 10.81ms DONE

  
[2026-10-02 14:36:48] production.INFO: Cron Schedule Output: 
  2026-10-02 14:36:48 Running [queue:emails] ................................. 31.41ms DONE

  
[2026-10-02 14:36:54] production.INFO: Cron Schedule Output: 
  2026-10-02 14:36:54 Running [queue:emails] .................................. 9.63ms DONE

  
[2026-10-02 14:37:03] production.INFO: Cron Schedule Output: 
  2026-10-02 14:37:03 Running [queue:emails] .................................. 9.96ms DONE

  
[2026-10-02 14:37:11] production.INFO: Cron Schedule Output: 
  2026-10-02 14:37:11 Running [queue:emails] ................................. 10.28ms DONE

  
[2026-10-02 14:42:12] production.INFO: Cron Schedule Output: 
  2026-10-02 14:42:12 Running [queue:emails] .................................. 9.89ms DONE

  
[2026-10-02 14:47:12] production.INFO: Cron Schedule Output: 
  2026-10-02 14:47:12 Running [queue:emails] .................................. 9.61ms DONE

  
[2026-10-02 14:52:12] production.INFO: Cron Schedule Output: 
  2026-10-02 14:52:12 Running [queue:emails] ................................. 10.55ms DONE

  
[2026-10-02 14:57:12] production.INFO: Cron Schedule Output: 
  2026-10-02 14:57:12 Running [queue:emails] .................................. 9.86ms DONE

  
[2026-10-02 15:02:12] production.INFO: Cron Schedule Output: 
  2026-10-02 15:02:12 Running [queue:emails] .................................. 8.80ms DONE

  
[2026-10-02 15:08:03] production.INFO: Cron Schedule Output: 
  2026-10-02 15:08:03 Running [queue:emails] .................................. 9.91ms DONE

  
[2026-10-02 15:13:03] production.INFO: Cron Schedule Output: 
  2026-10-02 15:13:03 Running [queue:emails] .................................. 9.71ms DONE

  
[2026-10-02 15:18:03] production.INFO: Cron Schedule Output: 
  2026-10-02 15:18:03 Running [queue:emails] ................................. 14.77ms DONE

  
[2026-10-02 15:23:03] production.INFO: Cron Schedule Output: 
  2026-10-02 15:23:03 Running [queue:emails] .................................. 8.65ms DONE

  
[2026-10-02 15:28:03] production.INFO: Cron Schedule Output: 
  2026-10-02 15:28:03 Running [queue:emails] .................................. 9.22ms DONE

  
[2026-10-02 15:33:03] production.INFO: Cron Schedule Output: 
  2026-10-02 15:33:03 Running [queue:emails] .................................. 8.96ms DONE

  
[2026-10-02 15:38:03] production.INFO: Cron Schedule Output: 
  2026-10-02 15:38:03 Running [queue:emails] .................................. 8.98ms DONE

  
[2026-10-02 15:43:03] production.INFO: Cron Schedule Output: 
  2026-10-02 15:43:03 Running [queue:emails] ................................. 10.16ms DONE

  
[2026-10-02 15:48:03] production.INFO: Cron Schedule Output: 
  2026-10-02 15:48:03 Running [queue:emails] .................................. 8.97ms DONE

  
[2026-10-02 15:53:03] production.INFO: Cron Schedule Output: 
  2026-10-02 15:53:03 Running [queue:emails] ................................. 10.25ms DONE

  
[2026-10-02 15:53:50] production.INFO: Cron Schedule Output: 
  2026-10-02 15:53:50 Running [queue:emails] .................................. 9.65ms DONE

  
[2026-10-02 15:53:53] production.WARNING: Long session operation detected: 4.0040271282196s for session DEZtkItHYGtZy53kkWkU4ASxf3mfWIk6L37KvzP2  
[2026-10-02 15:54:41] production.INFO: Cron Schedule Output: 
  2026-10-02 15:54:41 Running [queue:emails] ................................. 10.25ms DONE

  
[2026-10-02 15:57:13] production.INFO: Cron Schedule Output: 
  2026-10-02 15:57:13 Running [queue:emails] ................................. 15.35ms DONE

  
[2026-10-02 15:57:18] production.INFO: Cron Schedule Output: 
  2026-10-02 15:57:18 Running [queue:emails] .................................. 9.17ms DONE

  
[2026-10-02 15:57:32] production.INFO: Cron Schedule Output: 
  2026-10-02 15:57:32 Running [queue:emails] .................................. 9.43ms DONE

  
[2026-10-02 15:57:34] production.INFO: Cron Schedule Output: 
  2026-10-02 15:57:34 Running [queue:emails] .................................. 9.33ms DONE

  
[2026-10-02 16:02:35] production.INFO: Cron Schedule Output: 
  2026-10-02 16:02:35 Running [queue:emails] ................................. 10.13ms DONE

  
[2026-10-02 16:07:35] production.INFO: Cron Schedule Output: 
  2026-10-02 16:07:35 Running [queue:emails] .................................. 9.30ms DONE

  
[2026-10-02 16:12:35] production.INFO: Cron Schedule Output: 
  2026-10-02 16:12:35 Running [queue:emails] .................................. 8.69ms DONE

  
[2026-10-02 16:17:27] production.INFO: Cron Schedule Output: 
  2026-10-02 16:17:27 Running [queue:emails] .................................. 9.51ms DONE

  
[2026-10-02 16:17:37] production.INFO: Cron Schedule Output: 
  2026-10-02 16:17:37 Running [queue:emails] .................................. 9.89ms DONE

  
[2026-10-02 16:18:34] production.INFO: Cron Schedule Output: 
  2026-10-02 16:18:34 Running [queue:emails] .................................. 9.51ms DONE

  
[2026-10-02 16:23:34] production.INFO: Cron Schedule Output: 
  2026-10-02 16:23:34 Running [queue:emails] .................................. 9.77ms DONE

  
[2026-10-02 16:28:34] production.INFO: Cron Schedule Output: 
  2026-10-02 16:28:34 Running [queue:emails] ................................. 10.39ms DONE

  
[2026-10-02 16:33:34] production.INFO: Cron Schedule Output: 
  2026-10-02 16:33:34 Running [queue:emails] .................................. 9.80ms DONE

  
[2026-10-02 16:38:33] production.INFO: Cron Schedule Output: 
  2026-10-02 16:38:33 Running [queue:emails] .................................. 9.64ms DONE

  
[2026-10-02 16:38:36] production.INFO: Cron Schedule Output: 
  2026-10-02 16:38:36 Running [queue:emails] ................................. 12.88ms DONE

  
[2026-10-02 16:38:38] production.WARNING: Long session operation detected: 3.0633580684662s for session DEZtkItHYGtZy53kkWkU4ASxf3mfWIk6L37KvzP2  
[2026-10-02 16:43:36] production.INFO: Cron Schedule Output: 
  2026-10-02 16:43:36 Running [queue:emails] ................................. 10.74ms DONE

  
[2026-10-02 16:48:36] production.INFO: Cron Schedule Output: 
  2026-10-02 16:48:36 Running [queue:emails] .................................. 9.34ms DONE

  
[2026-10-02 16:53:36] production.INFO: Cron Schedule Output: 
  2026-10-02 16:53:36 Running [queue:emails] .................................. 9.73ms DONE

  
[2026-10-02 16:58:36] production.INFO: Cron Schedule Output: 
  2026-10-02 16:58:36 Running [queue:emails] ................................. 10.04ms DONE

  
[2026-10-02 17:02:57] production.INFO: Cron Schedule Output: 
  2026-10-02 17:02:57 Running [queue:emails] ................................. 13.40ms DONE

  
[2026-10-02 17:03:14] production.INFO: Cron Schedule Output: 
  2026-10-02 17:03:14 Running [queue:emails] .................................. 9.42ms DONE

  
[2026-10-02 17:03:18] production.INFO: Cron Schedule Output: 
  2026-10-02 17:03:18 Running [queue:emails] .................................. 9.37ms DONE

  
[2026-10-02 17:03:55] production.INFO: Cron Schedule Output: 
  2026-10-02 17:03:55 Running [queue:emails] ................................. 12.94ms DONE

  
[2026-10-02 17:04:00] production.INFO: Cron Schedule Output: 
  2026-10-02 17:04:00 Running [queue:emails] .................................. 9.32ms DONE

  
[2026-10-02 17:04:17] production.INFO: Cron Schedule Output: 
  2026-10-02 17:04:17 Running [queue:emails] .................................. 9.73ms DONE

  
[2026-10-02 17:04:29] production.INFO: Cron Schedule Output: 
  2026-10-02 17:04:29 Running [queue:emails] .................................. 9.38ms DONE

  
[2026-10-02 17:04:38] production.WARNING: Could not connect to news server.  
[2026-10-02 17:04:38] production.WARNING: GuzzleHttp\Exception\ConnectException: cURL error 28: Connection timed out after 2004 milliseconds (see https://curl.haxx.se/libcurl/c/libcurl-errors.html) for https://leantime.io/category/leantime-updates/feature-updates/feed/ in C:\laragon\www\dentvira\public\leantime\vendor\guzzlehttp\guzzle\src\Handler\CurlFactory.php:360
Stack trace:
#0 C:\laragon\www\dentvira\public\leantime\vendor\guzzlehttp\guzzle\src\Handler\CurlFactory.php(290): GuzzleHttp\Handler\CurlFactory::createRejection(Object(GuzzleHttp\Handler\EasyHandle), Array)
#1 C:\laragon\www\dentvira\public\leantime\vendor\guzzlehttp\guzzle\src\Handler\CurlFactory.php(242): GuzzleHttp\Handler\CurlFactory::finishError(Object(GuzzleHttp\Handler\CurlHandler), Object(GuzzleHttp\Handler\EasyHandle), Object(GuzzleHttp\Handler\CurlFactory))
#2 C:\laragon\www\dentvira\public\leantime\vendor\guzzlehttp\guzzle\src\Handler\CurlHandler.php(47): GuzzleHttp\Handler\CurlFactory::finish(Object(GuzzleHttp\Handler\CurlHandler), Object(GuzzleHttp\Handler\EasyHandle), Object(GuzzleHttp\Handler\CurlFactory))
#3 C:\laragon\www\dentvira\public\leantime\vendor\guzzlehttp\guzzle\src\Handler\Proxy.php(28): GuzzleHttp\Handler\CurlHandler->__invoke(Object(GuzzleHttp\Psr7\Request), Array)
#4 C:\laragon\www\dentvira\public\leantime\vendor\guzzlehttp\guzzle\src\Handler\Proxy.php(48): GuzzleHttp\Handler\Proxy::{closure:GuzzleHttp\Handler\Proxy::wrapSync():27}(Object(GuzzleHttp\Psr7\Request), Array)
#5 C:\laragon\www\dentvira\public\leantime\vendor\guzzlehttp\guzzle\src\PrepareBodyMiddleware.php(35): GuzzleHttp\Handler\Proxy::{closure:GuzzleHttp\Handler\Proxy::wrapStreaming():47}(Object(GuzzleHttp\Psr7\Request), Array)
#6 C:\laragon\www\dentvira\public\leantime\vendor\guzzlehttp\guzzle\src\Middleware.php(31): GuzzleHttp\PrepareBodyMiddleware->__invoke(Object(GuzzleHttp\Psr7\Request), Array)
#7 C:\laragon\www\dentvira\public\leantime\vendor\guzzlehttp\guzzle\src\RedirectMiddleware.php(71): GuzzleHttp\Middleware::{closure:{closure:GuzzleHttp\Middleware::cookies():28}:29}(Object(GuzzleHttp\Psr7\Request), Array)
#8 C:\laragon\www\dentvira\public\leantime\vendor\guzzlehttp\guzzle\src\Middleware.php(66): GuzzleHttp\RedirectMiddleware->__invoke(Object(GuzzleHttp\Psr7\Request), Array)
#9 C:\laragon\www\dentvira\public\leantime\vendor\guzzlehttp\guzzle\src\HandlerStack.php(75): GuzzleHttp\Middleware::{closure:{closure:GuzzleHttp\Middleware::httpErrors():60}:61}(Object(GuzzleHttp\Psr7\Request), Array)
#10 C:\laragon\www\dentvira\public\leantime\vendor\guzzlehttp\guzzle\src\Client.php(342): GuzzleHttp\HandlerStack->__invoke(Object(GuzzleHttp\Psr7\Request), Array)
#11 C:\laragon\www\dentvira\public\leantime\vendor\guzzlehttp\guzzle\src\Client.php(173): GuzzleHttp\Client->transfer(Object(GuzzleHttp\Psr7\Request), Array)
#12 C:\laragon\www\dentvira\public\leantime\vendor\guzzlehttp\guzzle\src\Client.php(193): GuzzleHttp\Client->requestAsync('GET', Object(GuzzleHttp\Psr7\Uri), Array)
#13 C:\laragon\www\dentvira\public\leantime\app\Domain\Notifications\Services\News.php(95): GuzzleHttp\Client->request('GET', 'https://leantim...', Array)
#14 C:\laragon\www\dentvira\public\leantime\app\Domain\Notifications\Services\News.php(34): Leantime\Domain\Notifications\Services\News->getFeed()
#15 C:\laragon\www\dentvira\public\leantime\app\Domain\Notifications\Hxcontrollers\News.php(39): Leantime\Domain\Notifications\Services\News->getLatest(1)
#16 C:\laragon\www\dentvira\public\leantime\app\Core\Controller\HtmxController.php(133): Leantime\Domain\Notifications\Hxcontrollers\News->get(Array)
#17 C:\laragon\www\dentvira\public\leantime\app\Core\Controller\Frontcontroller.php(172): Leantime\Core\Controller\HtmxController->callAction('get', Array)
#18 C:\laragon\www\dentvira\public\leantime\app\Core\Controller\Frontcontroller.php(65): Leantime\Core\Controller\Frontcontroller->executeAction('Leantime\\Domain...', 'get')
#19 C:\laragon\www\dentvira\public\leantime\app\Core\Controller\Frontcontroller.php(75): Leantime\Core\Controller\Frontcontroller->dispatch(Object(Leantime\Core\Http\HtmxRequest))
#20 C:\laragon\www\dentvira\public\leantime\app\Core\Http\HttpKernel.php(216): Leantime\Core\Controller\Frontcontroller::dispatch_request(Object(Leantime\Core\Http\HtmxRequest))
#21 C:\laragon\www\dentvira\public\leantime\app\Core\Http\HttpKernel.php(173): Leantime\Core\Http\HttpKernel->findAndDispatchToRouter(Object(Leantime\Core\Http\HtmxRequest))
#22 C:\laragon\www\dentvira\public\leantime\vendor\laravel\framework\src\Illuminate\Pipeline\Pipeline.php(170): Leantime\Core\Http\HttpKernel->{closure:{closure:Leantime\Core\Http\HttpKernel::sendRequestThroughRouter():164}:173}(Object(Leantime\Core\Http\HtmxRequest))
#23 C:\laragon\www\dentvira\public\leantime\vendor\laravel\framework\src\Illuminate\Pipeline\Pipeline.php(127): Illuminate\Pipeline\Pipeline->{closure:Illuminate\Pipeline\Pipeline::prepareDestination():168}(Object(Leantime\Core\Http\HtmxRequest))
#24 C:\laragon\www\dentvira\public\leantime\app\Core\Http\HttpKernel.php(173): Illuminate\Pipeline\Pipeline->then(Object(Closure))
#25 C:\laragon\www\dentvira\public\leantime\vendor\laravel\framework\src\Illuminate\Pipeline\Pipeline.php(170): Leantime\Core\Http\HttpKernel->{closure:Leantime\Core\Http\HttpKernel::sendRequestThroughRouter():164}(Object(Leantime\Core\Http\HtmxRequest))
#26 C:\laragon\www\dentvira\public\leantime\app\Domain\Projects\Middleware\CurrentProject.php(41): Illuminate\Pipeline\Pipeline->{closure:Illuminate\Pipeline\Pipeline::prepareDestination():168}(Object(Leantime\Core\Http\HtmxRequest))
#27 C:\laragon\www\dentvira\public\leantime\vendor\laravel\framework\src\Illuminate\Pipeline\Pipeline.php(209): Leantime\Domain\Projects\Middleware\CurrentProject->handle(Object(Leantime\Core\Http\HtmxRequest), Object(Closure))
#28 C:\laragon\www\dentvira\public\leantime\app\Core\Middleware\Localization.php(46): Illuminate\Pipeline\Pipeline->{closure:{closure:Illuminate\Pipeline\Pipeline::carry():184}:185}(Object(Leantime\Core\Http\HtmxRequest))
#29 C:\laragon\www\dentvira\public\leantime\vendor\laravel\framework\src\Illuminate\Pipeline\Pipeline.php(209): Leantime\Core\Middleware\Localization->handle(Object(Leantime\Core\Http\HtmxRequest), Object(Closure))
#30 C:\laragon\www\dentvira\public\leantime\app\Core\Middleware\SetCacheHeaders.php(49): Illuminate\Pipeline\Pipeline->{closure:{closure:Illuminate\Pipeline\Pipeline::carry():184}:185}(Object(Leantime\Core\Http\HtmxRequest))
#31 C:\laragon\www\dentvira\public\leantime\vendor\laravel\framework\src\Illuminate\Pipeline\Pipeline.php(209): Leantime\Core\Middleware\SetCacheHeaders->handle(Object(Leantime\Core\Http\HtmxRequest), Object(Closure))
#32 C:\laragon\www\dentvira\public\leantime\vendor\laravel\framework\src\Illuminate\Foundation\Http\Middleware\TransformsRequest.php(21): Illuminate\Pipeline\Pipeline->{closure:{closure:Illuminate\Pipeline\Pipeline::carry():184}:185}(Object(Leantime\Core\Http\HtmxRequest))
#33 C:\laragon\www\dentvira\public\leantime\vendor\laravel\framework\src\Illuminate\Foundation\Http\Middleware\ConvertEmptyStringsToNull.php(31): Illuminate\Foundation\Http\Middleware\TransformsRequest->handle(Object(Leantime\Core\Http\HtmxRequest), Object(Closure))
#34 C:\laragon\www\dentvira\public\leantime\vendor\laravel\framework\src\Illuminate\Pipeline\Pipeline.php(209): Illuminate\Foundation\Http\Middleware\ConvertEmptyStringsToNull->handle(Object(Leantime\Core\Http\HtmxRequest), Object(Closure))
#35 C:\laragon\www\dentvira\public\leantime\vendor\laravel\framework\src\Illuminate\Foundation\Http\Middleware\TransformsRequest.php(21): Illuminate\Pipeline\Pipeline->{closure:{closure:Illuminate\Pipeline\Pipeline::carry():184}:185}(Object(Leantime\Core\Http\HtmxRequest))
#36 C:\laragon\www\dentvira\public\leantime\vendor\laravel\framework\src\Illuminate\Foundation\Http\Middleware\TrimStrings.php(51): Illuminate\Foundation\Http\Middleware\TransformsRequest->handle(Object(Leantime\Core\Http\HtmxRequest), Object(Closure))
#37 C:\laragon\www\dentvira\public\leantime\vendor\laravel\framework\src\Illuminate\Pipeline\Pipeline.php(209): Illuminate\Foundation\Http\Middleware\TrimStrings->handle(Object(Leantime\Core\Http\HtmxRequest), Object(Closure))
#38 C:\laragon\www\dentvira\public\leantime\vendor\laravel\framework\src\Illuminate\Http\Middleware\ValidatePostSize.php(27): Illuminate\Pipeline\Pipeline->{closure:{closure:Illuminate\Pipeline\Pipeline::carry():184}:185}(Object(Leantime\Core\Http\HtmxRequest))
#39 C:\laragon\www\dentvira\public\leantime\vendor\laravel\framework\src\Illuminate\Pipeline\Pipeline.php(209): Illuminate\Http\Middleware\ValidatePostSize->handle(Object(Leantime\Core\Http\HtmxRequest), Object(Closure))
#40 C:\laragon\www\dentvira\public\leantime\vendor\laravel\framework\src\Illuminate\Http\Middleware\HandleCors.php(49): Illuminate\Pipeline\Pipeline->{closure:{closure:Illuminate\Pipeline\Pipeline::carry():184}:185}(Object(Leantime\Core\Http\HtmxRequest))
#41 C:\laragon\www\dentvira\public\leantime\vendor\laravel\framework\src\Illuminate\Pipeline\Pipeline.php(209): Illuminate\Http\Middleware\HandleCors->handle(Object(Leantime\Core\Http\HtmxRequest), Object(Closure))
#42 C:\laragon\www\dentvira\public\leantime\app\Core\Middleware\RequestRateLimiter.php(75): Illuminate\Pipeline\Pipeline->{closure:{closure:Illuminate\Pipeline\Pipeline::carry():184}:185}(Object(Leantime\Core\Http\HtmxRequest))
#43 C:\laragon\www\dentvira\public\leantime\vendor\laravel\framework\src\Illuminate\Pipeline\Pipeline.php(209): Leantime\Core\Middleware\RequestRateLimiter->handle(Object(Leantime\Core\Http\HtmxRequest), Object(Closure))
#44 C:\laragon\www\dentvira\public\leantime\app\Core\Middleware\AuthenticateSession.php(34): Illuminate\Pipeline\Pipeline->{closure:{closure:Illuminate\Pipeline\Pipeline::carry():184}:185}(Object(Leantime\Core\Http\HtmxRequest))
#45 C:\laragon\www\dentvira\public\leantime\vendor\laravel\framework\src\Illuminate\Pipeline\Pipeline.php(209): Leantime\Core\Middleware\AuthenticateSession->handle(Object(Leantime\Core\Http\HtmxRequest), Object(Closure))
#46 C:\laragon\www\dentvira\public\leantime\app\Core\Middleware\AuthCheck.php(90): Illuminate\Pipeline\Pipeline->{closure:{closure:Illuminate\Pipeline\Pipeline::carry():184}:185}(Object(Leantime\Core\Http\HtmxRequest))
#47 C:\laragon\www\dentvira\public\leantime\vendor\laravel\framework\src\Illuminate\Pipeline\Pipeline.php(209): Leantime\Core\Middleware\AuthCheck->handle(Object(Leantime\Core\Http\HtmxRequest), Object(Closure))
#48 C:\laragon\www\dentvira\public\leantime\app\Core\Middleware\InitialHeaders.php(24): Illuminate\Pipeline\Pipeline->{closure:{closure:Illuminate\Pipeline\Pipeline::carry():184}:185}(Object(Leantime\Core\Http\HtmxRequest))
#49 C:\laragon\www\dentvira\public\leantime\vendor\laravel\framework\src\Illuminate\Pipeline\Pipeline.php(209): Leantime\Core\Middleware\InitialHeaders->handle(Object(Leantime\Core\Http\HtmxRequest), Object(Closure))
#50 C:\laragon\www\dentvira\public\leantime\app\Core\Middleware\LoadPlugins.php(32): Illuminate\Pipeline\Pipeline->{closure:{closure:Illuminate\Pipeline\Pipeline::carry():184}:185}(Object(Leantime\Core\Http\HtmxRequest))
#51 C:\laragon\www\dentvira\public\leantime\vendor\laravel\framework\src\Illuminate\Pipeline\Pipeline.php(209): Leantime\Core\Middleware\LoadPlugins->handle(Object(Leantime\Core\Http\HtmxRequest), Object(Closure))
#52 C:\laragon\www\dentvira\public\leantime\app\Core\Middleware\Updated.php(28): Illuminate\Pipeline\Pipeline->{closure:{closure:Illuminate\Pipeline\Pipeline::carry():184}:185}(Object(Leantime\Core\Http\HtmxRequest))
#53 C:\laragon\www\dentvira\public\leantime\vendor\laravel\framework\src\Illuminate\Pipeline\Pipeline.php(209): Leantime\Core\Middleware\Updated->handle(Object(Leantime\Core\Http\HtmxRequest), Object(Closure))
#54 C:\laragon\www\dentvira\public\leantime\app\Core\Middleware\Installed.php(30): Illuminate\Pipeline\Pipeline->{closure:{closure:Illuminate\Pipeline\Pipeline::carry():184}:185}(Object(Leantime\Core\Http\HtmxRequest))
#55 C:\laragon\www\dentvira\public\leantime\vendor\laravel\framework\src\Illuminate\Pipeline\Pipeline.php(209): Leantime\Core\Middleware\Installed->handle(Object(Leantime\Core\Http\HtmxRequest), Object(Closure))
#56 C:\laragon\www\dentvira\public\leantime\app\Core\Middleware\StartSession.php(134): Illuminate\Pipeline\Pipeline->{closure:{closure:Illuminate\Pipeline\Pipeline::carry():184}:185}(Object(Leantime\Core\Http\HtmxRequest))
#57 C:\laragon\www\dentvira\public\leantime\app\Core\Middleware\StartSession.php(83): Leantime\Core\Middleware\StartSession->handleOptimisticRequest(Object(Leantime\Core\Http\HtmxRequest), Object(Illuminate\Session\Store), Object(Closure))
#58 C:\laragon\www\dentvira\public\leantime\vendor\laravel\framework\src\Illuminate\Pipeline\Pipeline.php(209): Leantime\Core\Middleware\StartSession->handle(Object(Leantime\Core\Http\HtmxRequest), Object(Closure))
#59 C:\laragon\www\dentvira\public\leantime\app\Core\Middleware\TrustProxies.php(65): Illuminate\Pipeline\Pipeline->{closure:{closure:Illuminate\Pipeline\Pipeline::carry():184}:185}(Object(Leantime\Core\Http\HtmxRequest))
#60 C:\laragon\www\dentvira\public\leantime\vendor\laravel\framework\src\Illuminate\Pipeline\Pipeline.php(209): Leantime\Core\Middleware\TrustProxies->handle(Object(Leantime\Core\Http\HtmxRequest), Object(Closure))
#61 C:\laragon\www\dentvira\public\leantime\vendor\laravel\framework\src\Illuminate\Pipeline\Pipeline.php(127): Illuminate\Pipeline\Pipeline->{closure:{closure:Illuminate\Pipeline\Pipeline::carry():184}:185}(Object(Leantime\Core\Http\HtmxRequest))
#62 C:\laragon\www\dentvira\public\leantime\app\Core\Http\HttpKernel.php(164): Illuminate\Pipeline\Pipeline->then(Object(Closure))
#63 C:\laragon\www\dentvira\public\leantime\app\Core\Http\HttpKernel.php(121): Leantime\Core\Http\HttpKernel->sendRequestThroughRouter(Object(Leantime\Core\Http\HtmxRequest))
#64 C:\laragon\www\dentvira\public\leantime\app\Core\Bootloader.php(79): Leantime\Core\Http\HttpKernel->handle(Object(Leantime\Core\Http\HtmxRequest))
#65 C:\laragon\www\dentvira\public\leantime\app\Core\Bootloader.php(60): Leantime\Core\Bootloader->handleRequest(Object(Leantime\Core\Http\HtmxRequest))
#66 C:\laragon\www\dentvira\public\leantime\public\index.php(20): Leantime\Core\Bootloader->boot(Object(Leantime\Core\Application))
#67 {main}  
[2026-10-02 17:04:38] production.ERROR: Attempt to read property "channel" on string (View: C:\laragon\www\dentvira\public\leantime\app\Domain\Notifications\Templates\partials\latestNews.blade.php) {"exception":"[object] (Illuminate\\View\\ViewException(code: 0): Attempt to read property \"channel\" on string (View: C:\\laragon\\www\\dentvira\\public\\leantime\\app\\Domain\\Notifications\\Templates\\partials\\latestNews.blade.php) at C:\\laragon\\www\\dentvira\\public\\leantime\\storage\\framework\\views\\38f78b84b0c05dee7d2af51848c93c35.php:9)
[stacktrace]
#0 C:\\laragon\\www\\dentvira\\public\\leantime\\vendor\\laravel\\framework\\src\\Illuminate\\View\\Engines\\PhpEngine.php(60): Illuminate\\View\\Engines\\CompilerEngine->handleViewException(Object(ErrorException), 1)
#1 C:\\laragon\\www\\dentvira\\public\\leantime\\vendor\\laravel\\framework\\src\\Illuminate\\View\\Engines\\CompilerEngine.php(75): Illuminate\\View\\Engines\\PhpEngine->evaluatePath('C:\\\\laragon\\\\www\\\\...', Array)
#2 C:\\laragon\\www\\dentvira\\public\\leantime\\vendor\\laravel\\framework\\src\\Illuminate\\View\\View.php(209): Illuminate\\View\\Engines\\CompilerEngine->get('C:\\\\laragon\\\\www\\\\...', Array)
#3 C:\\laragon\\www\\dentvira\\public\\leantime\\vendor\\laravel\\framework\\src\\Illuminate\\View\\View.php(192): Illuminate\\View\\View->getContents()
#4 C:\\laragon\\www\\dentvira\\public\\leantime\\vendor\\laravel\\framework\\src\\Illuminate\\View\\View.php(161): Illuminate\\View\\View->renderContents()
#5 C:\\laragon\\www\\dentvira\\public\\leantime\\vendor\\laravel\\framework\\src\\Illuminate\\View\\View.php(121): Illuminate\\View\\View->render()
#6 C:\\laragon\\www\\dentvira\\public\\leantime\\app\\Core\\UI\\Template.php(440): Illuminate\\View\\View->fragmentIf(false, '')
#7 C:\\laragon\\www\\dentvira\\public\\leantime\\app\\Core\\Controller\\HtmxController.php(96): Leantime\\Core\\UI\\Template->displayFragment('notifications::...', '')
#8 C:\\laragon\\www\\dentvira\\public\\leantime\\app\\Core\\Controller\\Frontcontroller.php(181): Leantime\\Core\\Controller\\HtmxController->getResponse(NULL)
#9 C:\\laragon\\www\\dentvira\\public\\leantime\\app\\Core\\Controller\\Frontcontroller.php(65): Leantime\\Core\\Controller\\Frontcontroller->executeAction('Leantime\\\\Domain...', 'get')
#10 C:\\laragon\\www\\dentvira\\public\\leantime\\app\\Core\\Controller\\Frontcontroller.php(75): Leantime\\Core\\Controller\\Frontcontroller->dispatch(Object(Leantime\\Core\\Http\\HtmxRequest))
#11 C:\\laragon\\www\\dentvira\\public\\leantime\\app\\Core\\Http\\HttpKernel.php(216): Leantime\\Core\\Controller\\Frontcontroller::dispatch_request(Object(Leantime\\Core\\Http\\HtmxRequest))
#12 C:\\laragon\\www\\dentvira\\public\\leantime\\app\\Core\\Http\\HttpKernel.php(173): Leantime\\Core\\Http\\HttpKernel->findAndDispatchToRouter(Object(Leantime\\Core\\Http\\HtmxRequest))
#13 C:\\laragon\\www\\dentvira\\public\\leantime\\vendor\\laravel\\framework\\src\\Illuminate\\Pipeline\\Pipeline.php(170): Leantime\\Core\\Http\\HttpKernel->{closure:{closure:Leantime\\Core\\Http\\HttpKernel::sendRequestThroughRouter():164}:173}(Object(Leantime\\Core\\Http\\HtmxRequest))
#14 C:\\laragon\\www\\dentvira\\public\\leantime\\vendor\\laravel\\framework\\src\\Illuminate\\Pipeline\\Pipeline.php(127): Illuminate\\Pipeline\\Pipeline->{closure:Illuminate\\Pipeline\\Pipeline::prepareDestination():168}(Object(Leantime\\Core\\Http\\HtmxRequest))
#15 C:\\laragon\\www\\dentvira\\public\\leantime\\app\\Core\\Http\\HttpKernel.php(173): Illuminate\\Pipeline\\Pipeline->then(Object(Closure))
#16 C:\\laragon\\www\\dentvira\\public\\leantime\\vendor\\laravel\\framework\\src\\Illuminate\\Pipeline\\Pipeline.php(170): Leantime\\Core\\Http\\HttpKernel->{closure:Leantime\\Core\\Http\\HttpKernel::sendRequestThroughRouter():164}(Object(Leantime\\Core\\Http\\HtmxRequest))
#17 C:\\laragon\\www\\dentvira\\public\\leantime\\app\\Domain\\Projects\\Middleware\\CurrentProject.php(41): Illuminate\\Pipeline\\Pipeline->{closure:Illuminate\\Pipeline\\Pipeline::prepareDestination():168}(Object(Leantime\\Core\\Http\\HtmxRequest))
#18 C:\\laragon\\www\\dentvira\\public\\leantime\\vendor\\laravel\\framework\\src\\Illuminate\\Pipeline\\Pipeline.php(209): Leantime\\Domain\\Projects\\Middleware\\CurrentProject->handle(Object(Leantime\\Core\\Http\\HtmxRequest), Object(Closure))
#19 C:\\laragon\\www\\dentvira\\public\\leantime\\app\\Core\\Middleware\\Localization.php(46): Illuminate\\Pipeline\\Pipeline->{closure:{closure:Illuminate\\Pipeline\\Pipeline::carry():184}:185}(Object(Leantime\\Core\\Http\\HtmxRequest))
#20 C:\\laragon\\www\\dentvira\\public\\leantime\\vendor\\laravel\\framework\\src\\Illuminate\\Pipeline\\Pipeline.php(209): Leantime\\Core\\Middleware\\Localization->handle(Object(Leantime\\Core\\Http\\HtmxRequest), Object(Closure))
#21 C:\\laragon\\www\\dentvira\\public\\leantime\\app\\Core\\Middleware\\SetCacheHeaders.php(49): Illuminate\\Pipeline\\Pipeline->{closure:{closure:Illuminate\\Pipeline\\Pipeline::carry():184}:185}(Object(Leantime\\Core\\Http\\HtmxRequest))
#22 C:\\laragon\\www\\dentvira\\public\\leantime\\vendor\\laravel\\framework\\src\\Illuminate\\Pipeline\\Pipeline.php(209): Leantime\\Core\\Middleware\\SetCacheHeaders->handle(Object(Leantime\\Core\\Http\\HtmxRequest), Object(Closure))
#23 C:\\laragon\\www\\dentvira\\public\\leantime\\vendor\\laravel\\framework\\src\\Illuminate\\Foundation\\Http\\Middleware\\TransformsRequest.php(21): Illuminate\\Pipeline\\Pipeline->{closure:{closure:Illuminate\\Pipeline\\Pipeline::carry():184}:185}(Object(Leantime\\Core\\Http\\HtmxRequest))
#24 C:\\laragon\\www\\dentvira\\public\\leantime\\vendor\\laravel\\framework\\src\\Illuminate\\Foundation\\Http\\Middleware\\ConvertEmptyStringsToNull.php(31): Illuminate\\Foundation\\Http\\Middleware\\TransformsRequest->handle(Object(Leantime\\Core\\Http\\HtmxRequest), Object(Closure))
#25 C:\\laragon\\www\\dentvira\\public\\leantime\\vendor\\laravel\\framework\\src\\Illuminate\\Pipeline\\Pipeline.php(209): Illuminate\\Foundation\\Http\\Middleware\\ConvertEmptyStringsToNull->handle(Object(Leantime\\Core\\Http\\HtmxRequest), Object(Closure))
#26 C:\\laragon\\www\\dentvira\\public\\leantime\\vendor\\laravel\\framework\\src\\Illuminate\\Foundation\\Http\\Middleware\\TransformsRequest.php(21): Illuminate\\Pipeline\\Pipeline->{closure:{closure:Illuminate\\Pipeline\\Pipeline::carry():184}:185}(Object(Leantime\\Core\\Http\\HtmxRequest))
#27 C:\\laragon\\www\\dentvira\\public\\leantime\\vendor\\laravel\\framework\\src\\Illuminate\\Foundation\\Http\\Middleware\\TrimStrings.php(51): Illuminate\\Foundation\\Http\\Middleware\\TransformsRequest->handle(Object(Leantime\\Core\\Http\\HtmxRequest), Object(Closure))
#28 C:\\laragon\\www\\dentvira\\public\\leantime\\vendor\\laravel\\framework\\src\\Illuminate\\Pipeline\\Pipeline.php(209): Illuminate\\Foundation\\Http\\Middleware\\TrimStrings->handle(Object(Leantime\\Core\\Http\\HtmxRequest), Object(Closure))
#29 C:\\laragon\\www\\dentvira\\public\\leantime\\vendor\\laravel\\framework\\src\\Illuminate\\Http\\Middleware\\ValidatePostSize.php(27): Illuminate\\Pipeline\\Pipeline->{closure:{closure:Illuminate\\Pipeline\\Pipeline::carry():184}:185}(Object(Leantime\\Core\\Http\\HtmxRequest))
#30 C:\\laragon\\www\\dentvira\\public\\leantime\\vendor\\laravel\\framework\\src\\Illuminate\\Pipeline\\Pipeline.php(209): Illuminate\\Http\\Middleware\\ValidatePostSize->handle(Object(Leantime\\Core\\Http\\HtmxRequest), Object(Closure))
#31 C:\\laragon\\www\\dentvira\\public\\leantime\\vendor\\laravel\\framework\\src\\Illuminate\\Http\\Middleware\\HandleCors.php(49): Illuminate\\Pipeline\\Pipeline->{closure:{closure:Illuminate\\Pipeline\\Pipeline::carry():184}:185}(Object(Leantime\\Core\\Http\\HtmxRequest))
#32 C:\\laragon\\www\\dentvira\\public\\leantime\\vendor\\laravel\\framework\\src\\Illuminate\\Pipeline\\Pipeline.php(209): Illuminate\\Http\\Middleware\\HandleCors->handle(Object(Leantime\\Core\\Http\\HtmxRequest), Object(Closure))
#33 C:\\laragon\\www\\dentvira\\public\\leantime\\app\\Core\\Middleware\\RequestRateLimiter.php(75): Illuminate\\Pipeline\\Pipeline->{closure:{closure:Illuminate\\Pipeline\\Pipeline::carry():184}:185}(Object(Leantime\\Core\\Http\\HtmxRequest))
#34 C:\\laragon\\www\\dentvira\\public\\leantime\\vendor\\laravel\\framework\\src\\Illuminate\\Pipeline\\Pipeline.php(209): Leantime\\Core\\Middleware\\RequestRateLimiter->handle(Object(Leantime\\Core\\Http\\HtmxRequest), Object(Closure))
#35 C:\\laragon\\www\\dentvira\\public\\leantime\\app\\Core\\Middleware\\AuthenticateSession.php(34): Illuminate\\Pipeline\\Pipeline->{closure:{closure:Illuminate\\Pipeline\\Pipeline::carry():184}:185}(Object(Leantime\\Core\\Http\\HtmxRequest))
#36 C:\\laragon\\www\\dentvira\\public\\leantime\\vendor\\laravel\\framework\\src\\Illuminate\\Pipeline\\Pipeline.php(209): Leantime\\Core\\Middleware\\AuthenticateSession->handle(Object(Leantime\\Core\\Http\\HtmxRequest), Object(Closure))
#37 C:\\laragon\\www\\dentvira\\public\\leantime\\app\\Core\\Middleware\\AuthCheck.php(90): Illuminate\\Pipeline\\Pipeline->{closure:{closure:Illuminate\\Pipeline\\Pipeline::carry():184}:185}(Object(Leantime\\Core\\Http\\HtmxRequest))
#38 C:\\laragon\\www\\dentvira\\public\\leantime\\vendor\\laravel\\framework\\src\\Illuminate\\Pipeline\\Pipeline.php(209): Leantime\\Core\\Middleware\\AuthCheck->handle(Object(Leantime\\Core\\Http\\HtmxRequest), Object(Closure))
#39 C:\\laragon\\www\\dentvira\\public\\leantime\\app\\Core\\Middleware\\InitialHeaders.php(24): Illuminate\\Pipeline\\Pipeline->{closure:{closure:Illuminate\\Pipeline\\Pipeline::carry():184}:185}(Object(Leantime\\Core\\Http\\HtmxRequest))
#40 C:\\laragon\\www\\dentvira\\public\\leantime\\vendor\\laravel\\framework\\src\\Illuminate\\Pipeline\\Pipeline.php(209): Leantime\\Core\\Middleware\\InitialHeaders->handle(Object(Leantime\\Core\\Http\\HtmxRequest), Object(Closure))
#41 C:\\laragon\\www\\dentvira\\public\\leantime\\app\\Core\\Middleware\\LoadPlugins.php(32): Illuminate\\Pipeline\\Pipeline->{closure:{closure:Illuminate\\Pipeline\\Pipeline::carry():184}:185}(Object(Leantime\\Core\\Http\\HtmxRequest))
#42 C:\\laragon\\www\\dentvira\\public\\leantime\\vendor\\laravel\\framework\\src\\Illuminate\\Pipeline\\Pipeline.php(209): Leantime\\Core\\Middleware\\LoadPlugins->handle(Object(Leantime\\Core\\Http\\HtmxRequest), Object(Closure))
#43 C:\\laragon\\www\\dentvira\\public\\leantime\\app\\Core\\Middleware\\Updated.php(28): Illuminate\\Pipeline\\Pipeline->{closure:{closure:Illuminate\\Pipeline\\Pipeline::carry():184}:185}(Object(Leantime\\Core\\Http\\HtmxRequest))
#44 C:\\laragon\\www\\dentvira\\public\\leantime\\vendor\\laravel\\framework\\src\\Illuminate\\Pipeline\\Pipeline.php(209): Leantime\\Core\\Middleware\\Updated->handle(Object(Leantime\\Core\\Http\\HtmxRequest), Object(Closure))
#45 C:\\laragon\\www\\dentvira\\public\\leantime\\app\\Core\\Middleware\\Installed.php(30): Illuminate\\Pipeline\\Pipeline->{closure:{closure:Illuminate\\Pipeline\\Pipeline::carry():184}:185}(Object(Leantime\\Core\\Http\\HtmxRequest))
#46 C:\\laragon\\www\\dentvira\\public\\leantime\\vendor\\laravel\\framework\\src\\Illuminate\\Pipeline\\Pipeline.php(209): Leantime\\Core\\Middleware\\Installed->handle(Object(Leantime\\Core\\Http\\HtmxRequest), Object(Closure))
#47 C:\\laragon\\www\\dentvira\\public\\leantime\\app\\Core\\Middleware\\StartSession.php(134): Illuminate\\Pipeline\\Pipeline->{closure:{closure:Illuminate\\Pipeline\\Pipeline::carry():184}:185}(Object(Leantime\\Core\\Http\\HtmxRequest))
#48 C:\\laragon\\www\\dentvira\\public\\leantime\\app\\Core\\Middleware\\StartSession.php(83): Leantime\\Core\\Middleware\\StartSession->handleOptimisticRequest(Object(Leantime\\Core\\Http\\HtmxRequest), Object(Illuminate\\Session\\Store), Object(Closure))
#49 C:\\laragon\\www\\dentvira\\public\\leantime\\vendor\\laravel\\framework\\src\\Illuminate\\Pipeline\\Pipeline.php(209): Leantime\\Core\\Middleware\\StartSession->handle(Object(Leantime\\Core\\Http\\HtmxRequest), Object(Closure))
#50 C:\\laragon\\www\\dentvira\\public\\leantime\\app\\Core\\Middleware\\TrustProxies.php(65): Illuminate\\Pipeline\\Pipeline->{closure:{closure:Illuminate\\Pipeline\\Pipeline::carry():184}:185}(Object(Leantime\\Core\\Http\\HtmxRequest))
#51 C:\\laragon\\www\\dentvira\\public\\leantime\\vendor\\laravel\\framework\\src\\Illuminate\\Pipeline\\Pipeline.php(209): Leantime\\Core\\Middleware\\TrustProxies->handle(Object(Leantime\\Core\\Http\\HtmxRequest), Object(Closure))
#52 C:\\laragon\\www\\dentvira\\public\\leantime\\vendor\\laravel\\framework\\src\\Illuminate\\Pipeline\\Pipeline.php(127): Illuminate\\Pipeline\\Pipeline->{closure:{closure:Illuminate\\Pipeline\\Pipeline::carry():184}:185}(Object(Leantime\\Core\\Http\\HtmxRequest))
#53 C:\\laragon\\www\\dentvira\\public\\leantime\\app\\Core\\Http\\HttpKernel.php(164): Illuminate\\Pipeline\\Pipeline->then(Object(Closure))
#54 C:\\laragon\\www\\dentvira\\public\\leantime\\app\\Core\\Http\\HttpKernel.php(121): Leantime\\Core\\Http\\HttpKernel->sendRequestThroughRouter(Object(Leantime\\Core\\Http\\HtmxRequest))
#55 C:\\laragon\\www\\dentvira\\public\\leantime\\app\\Core\\Bootloader.php(79): Leantime\\Core\\Http\\HttpKernel->handle(Object(Leantime\\Core\\Http\\HtmxRequest))
#56 C:\\laragon\\www\\dentvira\\public\\leantime\\app\\Core\\Bootloader.php(60): Leantime\\Core\\Bootloader->handleRequest(Object(Leantime\\Core\\Http\\HtmxRequest))
#57 C:\\laragon\\www\\dentvira\\public\\leantime\\public\\index.php(20): Leantime\\Core\\Bootloader->boot(Object(Leantime\\Core\\Application))
#58 {main}

[previous exception] [object] (ErrorException(code: 0): Attempt to read property \"channel\" on string at C:\\laragon\\www\\dentvira\\public\\leantime\\storage\\framework\\views\\38f78b84b0c05dee7d2af51848c93c35.php:9)
[stacktrace]
#0 C:\\laragon\\www\\dentvira\\public\\leantime\\vendor\\laravel\\framework\\src\\Illuminate\\Foundation\\Bootstrap\\HandleExceptions.php(256): Illuminate\\Foundation\\Bootstrap\\HandleExceptions->handleError(2, 'Attempt to read...', 'C:\\\\laragon\\\\www\\\\...', 9)
#1 C:\\laragon\\www\\dentvira\\public\\leantime\\storage\\framework\\views\\38f78b84b0c05dee7d2af51848c93c35.php(9): Illuminate\\Foundation\\Bootstrap\\HandleExceptions->{closure:Illuminate\\Foundation\\Bootstrap\\HandleExceptions::forwardsTo():255}(2, 'Attempt to read...', 'C:\\\\laragon\\\\www\\\\...', 9)
#2 C:\\laragon\\www\\dentvira\\public\\leantime\\vendor\\laravel\\framework\\src\\Illuminate\\Filesystem\\Filesystem.php(123): require('C:\\\\laragon\\\\www\\\\...')
#3 C:\\laragon\\www\\dentvira\\public\\leantime\\vendor\\laravel\\framework\\src\\Illuminate\\Filesystem\\Filesystem.php(124): Illuminate\\Filesystem\\Filesystem::{closure:Illuminate\\Filesystem\\Filesystem::getRequire():120}()
#4 C:\\laragon\\www\\dentvira\\public\\leantime\\vendor\\laravel\\framework\\src\\Illuminate\\View\\Engines\\PhpEngine.php(58): Illuminate\\Filesystem\\Filesystem->getRequire('C:\\\\laragon\\\\www\\\\...', Array)
#5 C:\\laragon\\www\\dentvira\\public\\leantime\\vendor\\laravel\\framework\\src\\Illuminate\\View\\Engines\\CompilerEngine.php(75): Illuminate\\View\\Engines\\PhpEngine->evaluatePath('C:\\\\laragon\\\\www\\\\...', Array)
#6 C:\\laragon\\www\\dentvira\\public\\leantime\\vendor\\laravel\\framework\\src\\Illuminate\\View\\View.php(209): Illuminate\\View\\Engines\\CompilerEngine->get('C:\\\\laragon\\\\www\\\\...', Array)
#7 C:\\laragon\\www\\dentvira\\public\\leantime\\vendor\\laravel\\framework\\src\\Illuminate\\View\\View.php(192): Illuminate\\View\\View->getContents()
#8 C:\\laragon\\www\\dentvira\\public\\leantime\\vendor\\laravel\\framework\\src\\Illuminate\\View\\View.php(161): Illuminate\\View\\View->renderContents()
#9 C:\\laragon\\www\\dentvira\\public\\leantime\\vendor\\laravel\\framework\\src\\Illuminate\\View\\View.php(121): Illuminate\\View\\View->render()
#10 C:\\laragon\\www\\dentvira\\public\\leantime\\app\\Core\\UI\\Template.php(440): Illuminate\\View\\View->fragmentIf(false, '')
#11 C:\\laragon\\www\\dentvira\\public\\leantime\\app\\Core\\Controller\\HtmxController.php(96): Leantime\\Core\\UI\\Template->displayFragment('notifications::...', '')
#12 C:\\laragon\\www\\dentvira\\public\\leantime\\app\\Core\\Controller\\Frontcontroller.php(181): Leantime\\Core\\Controller\\HtmxController->getResponse(NULL)
#13 C:\\laragon\\www\\dentvira\\public\\leantime\\app\\Core\\Controller\\Frontcontroller.php(65): Leantime\\Core\\Controller\\Frontcontroller->executeAction('Leantime\\\\Domain...', 'get')
#14 C:\\laragon\\www\\dentvira\\public\\leantime\\app\\Core\\Controller\\Frontcontroller.php(75): Leantime\\Core\\Controller\\Frontcontroller->dispatch(Object(Leantime\\Core\\Http\\HtmxRequest))
#15 C:\\laragon\\www\\dentvira\\public\\leantime\\app\\Core\\Http\\HttpKernel.php(216): Leantime\\Core\\Controller\\Frontcontroller::dispatch_request(Object(Leantime\\Core\\Http\\HtmxRequest))
#16 C:\\laragon\\www\\dentvira\\public\\leantime\\app\\Core\\Http\\HttpKernel.php(173): Leantime\\Core\\Http\\HttpKernel->findAndDispatchToRouter(Object(Leantime\\Core\\Http\\HtmxRequest))
#17 C:\\laragon\\www\\dentvira\\public\\leantime\\vendor\\laravel\\framework\\src\\Illuminate\\Pipeline\\Pipeline.php(170): Leantime\\Core\\Http\\HttpKernel->{closure:{closure:Leantime\\Core\\Http\\HttpKernel::sendRequestThroughRouter():164}:173}(Object(Leantime\\Core\\Http\\HtmxRequest))
#18 C:\\laragon\\www\\dentvira\\public\\leantime\\vendor\\laravel\\framework\\src\\Illuminate\\Pipeline\\Pipeline.php(127): Illuminate\\Pipeline\\Pipeline->{closure:Illuminate\\Pipeline\\Pipeline::prepareDestination():168}(Object(Leantime\\Core\\Http\\HtmxRequest))
#19 C:\\laragon\\www\\dentvira\\public\\leantime\\app\\Core\\Http\\HttpKernel.php(173): Illuminate\\Pipeline\\Pipeline->then(Object(Closure))
#20 C:\\laragon\\www\\dentvira\\public\\leantime\\vendor\\laravel\\framework\\src\\Illuminate\\Pipeline\\Pipeline.php(170): Leantime\\Core\\Http\\HttpKernel->{closure:Leantime\\Core\\Http\\HttpKernel::sendRequestThroughRouter():164}(Object(Leantime\\Core\\Http\\HtmxRequest))
#21 C:\\laragon\\www\\dentvira\\public\\leantime\\app\\Domain\\Projects\\Middleware\\CurrentProject.php(41): Illuminate\\Pipeline\\Pipeline->{closure:Illuminate\\Pipeline\\Pipeline::prepareDestination():168}(Object(Leantime\\Core\\Http\\HtmxRequest))
#22 C:\\laragon\\www\\dentvira\\public\\leantime\\vendor\\laravel\\framework\\src\\Illuminate\\Pipeline\\Pipeline.php(209): Leantime\\Domain\\Projects\\Middleware\\CurrentProject->handle(Object(Leantime\\Core\\Http\\HtmxRequest), Object(Closure))
#23 C:\\laragon\\www\\dentvira\\public\\leantime\\app\\Core\\Middleware\\Localization.php(46): Illuminate\\Pipeline\\Pipeline->{closure:{closure:Illuminate\\Pipeline\\Pipeline::carry():184}:185}(Object(Leantime\\Core\\Http\\HtmxRequest))
#24 C:\\laragon\\www\\dentvira\\public\\leantime\\vendor\\laravel\\framework\\src\\Illuminate\\Pipeline\\Pipeline.php(209): Leantime\\Core\\Middleware\\Localization->handle(Object(Leantime\\Core\\Http\\HtmxRequest), Object(Closure))
#25 C:\\laragon\\www\\dentvira\\public\\leantime\\app\\Core\\Middleware\\SetCacheHeaders.php(49): Illuminate\\Pipeline\\Pipeline->{closure:{closure:Illuminate\\Pipeline\\Pipeline::carry():184}:185}(Object(Leantime\\Core\\Http\\HtmxRequest))
#26 C:\\laragon\\www\\dentvira\\public\\leantime\\vendor\\laravel\\framework\\src\\Illuminate\\Pipeline\\Pipeline.php(209): Leantime\\Core\\Middleware\\SetCacheHeaders->handle(Object(Leantime\\Core\\Http\\HtmxRequest), Object(Closure))
#27 C:\\laragon\\www\\dentvira\\public\\leantime\\vendor\\laravel\\framework\\src\\Illuminate\\Foundation\\Http\\Middleware\\TransformsRequest.php(21): Illuminate\\Pipeline\\Pipeline->{closure:{closure:Illuminate\\Pipeline\\Pipeline::carry():184}:185}(Object(Leantime\\Core\\Http\\HtmxRequest))
#28 C:\\laragon\\www\\dentvira\\public\\leantime\\vendor\\laravel\\framework\\src\\Illuminate\\Foundation\\Http\\Middleware\\ConvertEmptyStringsToNull.php(31): Illuminate\\Foundation\\Http\\Middleware\\TransformsRequest->handle(Object(Leantime\\Core\\Http\\HtmxRequest), Object(Closure))
#29 C:\\laragon\\www\\dentvira\\public\\leantime\\vendor\\laravel\\framework\\src\\Illuminate\\Pipeline\\Pipeline.php(209): Illuminate\\Foundation\\Http\\Middleware\\ConvertEmptyStringsToNull->handle(Object(Leantime\\Core\\Http\\HtmxRequest), Object(Closure))
#30 C:\\laragon\\www\\dentvira\\public\\leantime\\vendor\\laravel\\framework\\src\\Illuminate\\Foundation\\Http\\Middleware\\TransformsRequest.php(21): Illuminate\\Pipeline\\Pipeline->{closure:{closure:Illuminate\\Pipeline\\Pipeline::carry():184}:185}(Object(Leantime\\Core\\Http\\HtmxRequest))
#31 C:\\laragon\\www\\dentvira\\public\\leantime\\vendor\\laravel\\framework\\src\\Illuminate\\Foundation\\Http\\Middleware\\TrimStrings.php(51): Illuminate\\Foundation\\Http\\Middleware\\TransformsRequest->handle(Object(Leantime\\Core\\Http\\HtmxRequest), Object(Closure))
#32 C:\\laragon\\www\\dentvira\\public\\leantime\\vendor\\laravel\\framework\\src\\Illuminate\\Pipeline\\Pipeline.php(209): Illuminate\\Foundation\\Http\\Middleware\\TrimStrings->handle(Object(Leantime\\Core\\Http\\HtmxRequest), Object(Closure))
#33 C:\\laragon\\www\\dentvira\\public\\leantime\\vendor\\laravel\\framework\\src\\Illuminate\\Http\\Middleware\\ValidatePostSize.php(27): Illuminate\\Pipeline\\Pipeline->{closure:{closure:Illuminate\\Pipeline\\Pipeline::carry():184}:185}(Object(Leantime\\Core\\Http\\HtmxRequest))
#34 C:\\laragon\\www\\dentvira\\public\\leantime\\vendor\\laravel\\framework\\src\\Illuminate\\Pipeline\\Pipeline.php(209): Illuminate\\Http\\Middleware\\ValidatePostSize->handle(Object(Leantime\\Core\\Http\\HtmxRequest), Object(Closure))
#35 C:\\laragon\\www\\dentvira\\public\\leantime\\vendor\\laravel\\framework\\src\\Illuminate\\Http\\Middleware\\HandleCors.php(49): Illuminate\\Pipeline\\Pipeline->{closure:{closure:Illuminate\\Pipeline\\Pipeline::carry():184}:185}(Object(Leantime\\Core\\Http\\HtmxRequest))
#36 C:\\laragon\\www\\dentvira\\public\\leantime\\vendor\\laravel\\framework\\src\\Illuminate\\Pipeline\\Pipeline.php(209): Illuminate\\Http\\Middleware\\HandleCors->handle(Object(Leantime\\Core\\Http\\HtmxRequest), Object(Closure))
#37 C:\\laragon\\www\\dentvira\\public\\leantime\\app\\Core\\Middleware\\RequestRateLimiter.php(75): Illuminate\\Pipeline\\Pipeline->{closure:{closure:Illuminate\\Pipeline\\Pipeline::carry():184}:185}(Object(Leantime\\Core\\Http\\HtmxRequest))
#38 C:\\laragon\\www\\dentvira\\public\\leantime\\vendor\\laravel\\framework\\src\\Illuminate\\Pipeline\\Pipeline.php(209): Leantime\\Core\\Middleware\\RequestRateLimiter->handle(Object(Leantime\\Core\\Http\\HtmxRequest), Object(Closure))
#39 C:\\laragon\\www\\dentvira\\public\\leantime\\app\\Core\\Middleware\\AuthenticateSession.php(34): Illuminate\\Pipeline\\Pipeline->{closure:{closure:Illuminate\\Pipeline\\Pipeline::carry():184}:185}(Object(Leantime\\Core\\Http\\HtmxRequest))
#40 C:\\laragon\\www\\dentvira\\public\\leantime\\vendor\\laravel\\framework\\src\\Illuminate\\Pipeline\\Pipeline.php(209): Leantime\\Core\\Middleware\\AuthenticateSession->handle(Object(Leantime\\Core\\Http\\HtmxRequest), Object(Closure))
#41 C:\\laragon\\www\\dentvira\\public\\leantime\\app\\Core\\Middleware\\AuthCheck.php(90): Illuminate\\Pipeline\\Pipeline->{closure:{closure:Illuminate\\Pipeline\\Pipeline::carry():184}:185}(Object(Leantime\\Core\\Http\\HtmxRequest))
#42 C:\\laragon\\www\\dentvira\\public\\leantime\\vendor\\laravel\\framework\\src\\Illuminate\\Pipeline\\Pipeline.php(209): Leantime\\Core\\Middleware\\AuthCheck->handle(Object(Leantime\\Core\\Http\\HtmxRequest), Object(Closure))
#43 C:\\laragon\\www\\dentvira\\public\\leantime\\app\\Core\\Middleware\\InitialHeaders.php(24): Illuminate\\Pipeline\\Pipeline->{closure:{closure:Illuminate\\Pipeline\\Pipeline::carry():184}:185}(Object(Leantime\\Core\\Http\\HtmxRequest))
#44 C:\\laragon\\www\\dentvira\\public\\leantime\\vendor\\laravel\\framework\\src\\Illuminate\\Pipeline\\Pipeline.php(209): Leantime\\Core\\Middleware\\InitialHeaders->handle(Object(Leantime\\Core\\Http\\HtmxRequest), Object(Closure))
#45 C:\\laragon\\www\\dentvira\\public\\leantime\\app\\Core\\Middleware\\LoadPlugins.php(32): Illuminate\\Pipeline\\Pipeline->{closure:{closure:Illuminate\\Pipeline\\Pipeline::carry():184}:185}(Object(Leantime\\Core\\Http\\HtmxRequest))
#46 C:\\laragon\\www\\dentvira\\public\\leantime\\vendor\\laravel\\framework\\src\\Illuminate\\Pipeline\\Pipeline.php(209): Leantime\\Core\\Middleware\\LoadPlugins->handle(Object(Leantime\\Core\\Http\\HtmxRequest), Object(Closure))
#47 C:\\laragon\\www\\dentvira\\public\\leantime\\app\\Core\\Middleware\\Updated.php(28): Illuminate\\Pipeline\\Pipeline->{closure:{closure:Illuminate\\Pipeline\\Pipeline::carry():184}:185}(Object(Leantime\\Core\\Http\\HtmxRequest))
#48 C:\\laragon\\www\\dentvira\\public\\leantime\\vendor\\laravel\\framework\\src\\Illuminate\\Pipeline\\Pipeline.php(209): Leantime\\Core\\Middleware\\Updated->handle(Object(Leantime\\Core\\Http\\HtmxRequest), Object(Closure))
#49 C:\\laragon\\www\\dentvira\\public\\leantime\\app\\Core\\Middleware\\Installed.php(30): Illuminate\\Pipeline\\Pipeline->{closure:{closure:Illuminate\\Pipeline\\Pipeline::carry():184}:185}(Object(Leantime\\Core\\Http\\HtmxRequest))
#50 C:\\laragon\\www\\dentvira\\public\\leantime\\vendor\\laravel\\framework\\src\\Illuminate\\Pipeline\\Pipeline.php(209): Leantime\\Core\\Middleware\\Installed->handle(Object(Leantime\\Core\\Http\\HtmxRequest), Object(Closure))
#51 C:\\laragon\\www\\dentvira\\public\\leantime\\app\\Core\\Middleware\\StartSession.php(134): Illuminate\\Pipeline\\Pipeline->{closure:{closure:Illuminate\\Pipeline\\Pipeline::carry():184}:185}(Object(Leantime\\Core\\Http\\HtmxRequest))
#52 C:\\laragon\\www\\dentvira\\public\\leantime\\app\\Core\\Middleware\\StartSession.php(83): Leantime\\Core\\Middleware\\StartSession->handleOptimisticRequest(Object(Leantime\\Core\\Http\\HtmxRequest), Object(Illuminate\\Session\\Store), Object(Closure))
#53 C:\\laragon\\www\\dentvira\\public\\leantime\\vendor\\laravel\\framework\\src\\Illuminate\\Pipeline\\Pipeline.php(209): Leantime\\Core\\Middleware\\StartSession->handle(Object(Leantime\\Core\\Http\\HtmxRequest), Object(Closure))
#54 C:\\laragon\\www\\dentvira\\public\\leantime\\app\\Core\\Middleware\\TrustProxies.php(65): Illuminate\\Pipeline\\Pipeline->{closure:{closure:Illuminate\\Pipeline\\Pipeline::carry():184}:185}(Object(Leantime\\Core\\Http\\HtmxRequest))
#55 C:\\laragon\\www\\dentvira\\public\\leantime\\vendor\\laravel\\framework\\src\\Illuminate\\Pipeline\\Pipeline.php(209): Leantime\\Core\\Middleware\\TrustProxies->handle(Object(Leantime\\Core\\Http\\HtmxRequest), Object(Closure))
#56 C:\\laragon\\www\\dentvira\\public\\leantime\\vendor\\laravel\\framework\\src\\Illuminate\\Pipeline\\Pipeline.php(127): Illuminate\\Pipeline\\Pipeline->{closure:{closure:Illuminate\\Pipeline\\Pipeline::carry():184}:185}(Object(Leantime\\Core\\Http\\HtmxRequest))
#57 C:\\laragon\\www\\dentvira\\public\\leantime\\app\\Core\\Http\\HttpKernel.php(164): Illuminate\\Pipeline\\Pipeline->then(Object(Closure))
#58 C:\\laragon\\www\\dentvira\\public\\leantime\\app\\Core\\Http\\HttpKernel.php(121): Leantime\\Core\\Http\\HttpKernel->sendRequestThroughRouter(Object(Leantime\\Core\\Http\\HtmxRequest))
#59 C:\\laragon\\www\\dentvira\\public\\leantime\\app\\Core\\Bootloader.php(79): Leantime\\Core\\Http\\HttpKernel->handle(Object(Leantime\\Core\\Http\\HtmxRequest))
#60 C:\\laragon\\www\\dentvira\\public\\leantime\\app\\Core\\Bootloader.php(60): Leantime\\Core\\Bootloader->handleRequest(Object(Leantime\\Core\\Http\\HtmxRequest))
#61 C:\\laragon\\www\\dentvira\\public\\leantime\\public\\index.php(20): Leantime\\Core\\Bootloader->boot(Object(Leantime\\Core\\Application))
#62 {main}
"} 
[2026-10-02 17:06:10] production.INFO: Cron Schedule Output: 
  2026-10-02 17:06:10 Running [queue:emails] .................................. 9.42ms DONE

  
[2026-10-02 17:07:53] production.INFO: Cron Schedule Output: 
  2026-10-02 17:07:53 Running [queue:emails] .................................. 9.92ms DONE

  
[2026-10-02 17:07:54] production.WARNING: Could not connect to news server.  
[2026-10-02 17:07:54] production.WARNING: GuzzleHttp\Exception\ConnectException: cURL error 28: Connection timed out after 2008 milliseconds (see https://curl.haxx.se/libcurl/c/libcurl-errors.html) for https://leantime.io/category/leantime-updates/feature-updates/feed/ in C:\laragon\www\dentvira\public\leantime\vendor\guzzlehttp\guzzle\src\Handler\CurlFactory.php:360
Stack trace:
#0 C:\laragon\www\dentvira\public\leantime\vendor\guzzlehttp\guzzle\src\Handler\CurlFactory.php(290): GuzzleHttp\Handler\CurlFactory::createRejection(Object(GuzzleHttp\Handler\EasyHandle), Array)
#1 C:\laragon\www\dentvira\public\leantime\vendor\guzzlehttp\guzzle\src\Handler\CurlFactory.php(242): GuzzleHttp\Handler\CurlFactory::finishError(Object(GuzzleHttp\Handler\CurlHandler), Object(GuzzleHttp\Handler\EasyHandle), Object(GuzzleHttp\Handler\CurlFactory))
#2 C:\laragon\www\dentvira\public\leantime\vendor\guzzlehttp\guzzle\src\Handler\CurlHandler.php(47): GuzzleHttp\Handler\CurlFactory::finish(Object(GuzzleHttp\Handler\CurlHandler), Object(GuzzleHttp\Handler\EasyHandle), Object(GuzzleHttp\Handler\CurlFactory))
#3 C:\laragon\www\dentvira\public\leantime\vendor\guzzlehttp\guzzle\src\Handler\Proxy.php(28): GuzzleHttp\Handler\CurlHandler->__invoke(Object(GuzzleHttp\Psr7\Request), Array)
#4 C:\laragon\www\dentvira\public\leantime\vendor\guzzlehttp\guzzle\src\Handler\Proxy.php(48): GuzzleHttp\Handler\Proxy::{closure:GuzzleHttp\Handler\Proxy::wrapSync():27}(Object(GuzzleHttp\Psr7\Request), Array)
#5 C:\laragon\www\dentvira\public\leantime\vendor\guzzlehttp\guzzle\src\PrepareBodyMiddleware.php(35): GuzzleHttp\Handler\Proxy::{closure:GuzzleHttp\Handler\Proxy::wrapStreaming():47}(Object(GuzzleHttp\Psr7\Request), Array)
#6 C:\laragon\www\dentvira\public\leantime\vendor\guzzlehttp\guzzle\src\Middleware.php(31): GuzzleHttp\PrepareBodyMiddleware->__invoke(Object(GuzzleHttp\Psr7\Request), Array)
#7 C:\laragon\www\dentvira\public\leantime\vendor\guzzlehttp\guzzle\src\RedirectMiddleware.php(71): GuzzleHttp\Middleware::{closure:{closure:GuzzleHttp\Middleware::cookies():28}:29}(Object(GuzzleHttp\Psr7\Request), Array)
#8 C:\laragon\www\dentvira\public\leantime\vendor\guzzlehttp\guzzle\src\Middleware.php(66): GuzzleHttp\RedirectMiddleware->__invoke(Object(GuzzleHttp\Psr7\Request), Array)
#9 C:\laragon\www\dentvira\public\leantime\vendor\guzzlehttp\guzzle\src\HandlerStack.php(75): GuzzleHttp\Middleware::{closure:{closure:GuzzleHttp\Middleware::httpErrors():60}:61}(Object(GuzzleHttp\Psr7\Request), Array)
#10 C:\laragon\www\dentvira\public\leantime\vendor\guzzlehttp\guzzle\src\Client.php(342): GuzzleHttp\HandlerStack->__invoke(Object(GuzzleHttp\Psr7\Request), Array)
#11 C:\laragon\www\dentvira\public\leantime\vendor\guzzlehttp\guzzle\src\Client.php(173): GuzzleHttp\Client->transfer(Object(GuzzleHttp\Psr7\Request), Array)
#12 C:\laragon\www\dentvira\public\leantime\vendor\guzzlehttp\guzzle\src\Client.php(193): GuzzleHttp\Client->requestAsync('GET', Object(GuzzleHttp\Psr7\Uri), Array)
#13 C:\laragon\www\dentvira\public\leantime\app\Domain\Notifications\Services\News.php(95): GuzzleHttp\Client->request('GET', 'https://leantim...', Array)
#14 C:\laragon\www\dentvira\public\leantime\app\Domain\Notifications\Services\News.php(58): Leantime\Domain\Notifications\Services\News->getFeed()
#15 C:\laragon\www\dentvira\public\leantime\app\Domain\Notifications\Hxcontrollers\NewsBadge.php(37): Leantime\Domain\Notifications\Services\News->hasNews(1)
#16 C:\laragon\www\dentvira\public\leantime\app\Core\Controller\HtmxController.php(133): Leantime\Domain\Notifications\Hxcontrollers\NewsBadge->get(Array)
#17 C:\laragon\www\dentvira\public\leantime\app\Core\Controller\Frontcontroller.php(172): Leantime\Core\Controller\HtmxController->callAction('get', Array)
#18 C:\laragon\www\dentvira\public\leantime\app\Core\Controller\Frontcontroller.php(65): Leantime\Core\Controller\Frontcontroller->executeAction('Leantime\\Domain...', 'get')
#19 C:\laragon\www\dentvira\public\leantime\app\Core\Controller\Frontcontroller.php(75): Leantime\Core\Controller\Frontcontroller->dispatch(Object(Leantime\Core\Http\HtmxRequest))
#20 C:\laragon\www\dentvira\public\leantime\app\Core\Http\HttpKernel.php(216): Leantime\Core\Controller\Frontcontroller::dispatch_request(Object(Leantime\Core\Http\HtmxRequest))
#21 C:\laragon\www\dentvira\public\leantime\app\Core\Http\HttpKernel.php(173): Leantime\Core\Http\HttpKernel->findAndDispatchToRouter(Object(Leantime\Core\Http\HtmxRequest))
#22 C:\laragon\www\dentvira\public\leantime\vendor\laravel\framework\src\Illuminate\Pipeline\Pipeline.php(170): Leantime\Core\Http\HttpKernel->{closure:{closure:Leantime\Core\Http\HttpKernel::sendRequestThroughRouter():164}:173}(Object(Leantime\Core\Http\HtmxRequest))
#23 C:\laragon\www\dentvira\public\leantime\vendor\laravel\framework\src\Illuminate\Pipeline\Pipeline.php(127): Illuminate\Pipeline\Pipeline->{closure:Illuminate\Pipeline\Pipeline::prepareDestination():168}(Object(Leantime\Core\Http\HtmxRequest))
#24 C:\laragon\www\dentvira\public\leantime\app\Core\Http\HttpKernel.php(173): Illuminate\Pipeline\Pipeline->then(Object(Closure))
#25 C:\laragon\www\dentvira\public\leantime\vendor\laravel\framework\src\Illuminate\Pipeline\Pipeline.php(170): Leantime\Core\Http\HttpKernel->{closure:Leantime\Core\Http\HttpKernel::sendRequestThroughRouter():164}(Object(Leantime\Core\Http\HtmxRequest))
#26 C:\laragon\www\dentvira\public\leantime\app\Domain\Projects\Middleware\CurrentProject.php(41): Illuminate\Pipeline\Pipeline->{closure:Illuminate\Pipeline\Pipeline::prepareDestination():168}(Object(Leantime\Core\Http\HtmxRequest))
#27 C:\laragon\www\dentvira\public\leantime\vendor\laravel\framework\src\Illuminate\Pipeline\Pipeline.php(209): Leantime\Domain\Projects\Middleware\CurrentProject->handle(Object(Leantime\Core\Http\HtmxRequest), Object(Closure))
#28 C:\laragon\www\dentvira\public\leantime\app\Core\Middleware\Localization.php(46): Illuminate\Pipeline\Pipeline->{closure:{closure:Illuminate\Pipeline\Pipeline::carry():184}:185}(Object(Leantime\Core\Http\HtmxRequest))
#29 C:\laragon\www\dentvira\public\leantime\vendor\laravel\framework\src\Illuminate\Pipeline\Pipeline.php(209): Leantime\Core\Middleware\Localization->handle(Object(Leantime\Core\Http\HtmxRequest), Object(Closure))
#30 C:\laragon\www\dentvira\public\leantime\app\Core\Middleware\SetCacheHeaders.php(49): Illuminate\Pipeline\Pipeline->{closure:{closure:Illuminate\Pipeline\Pipeline::carry():184}:185}(Object(Leantime\Core\Http\HtmxRequest))
#31 C:\laragon\www\dentvira\public\leantime\vendor\laravel\framework\src\Illuminate\Pipeline\Pipeline.php(209): Leantime\Core\Middleware\SetCacheHeaders->handle(Object(Leantime\Core\Http\HtmxRequest), Object(Closure))
#32 C:\laragon\www\dentvira\public\leantime\vendor\laravel\framework\src\Illuminate\Foundation\Http\Middleware\TransformsRequest.php(21): Illuminate\Pipeline\Pipeline->{closure:{closure:Illuminate\Pipeline\Pipeline::carry():184}:185}(Object(Leantime\Core\Http\HtmxRequest))
#33 C:\laragon\www\dentvira\public\leantime\vendor\laravel\framework\src\Illuminate\Foundation\Http\Middleware\ConvertEmptyStringsToNull.php(31): Illuminate\Foundation\Http\Middleware\TransformsRequest->handle(Object(Leantime\Core\Http\HtmxRequest), Object(Closure))
#34 C:\laragon\www\dentvira\public\leantime\vendor\laravel\framework\src\Illuminate\Pipeline\Pipeline.php(209): Illuminate\Foundation\Http\Middleware\ConvertEmptyStringsToNull->handle(Object(Leantime\Core\Http\HtmxRequest), Object(Closure))
#35 C:\laragon\www\dentvira\public\leantime\vendor\laravel\framework\src\Illuminate\Foundation\Http\Middleware\TransformsRequest.php(21): Illuminate\Pipeline\Pipeline->{closure:{closure:Illuminate\Pipeline\Pipeline::carry():184}:185}(Object(Leantime\Core\Http\HtmxRequest))
#36 C:\laragon\www\dentvira\public\leantime\vendor\laravel\framework\src\Illuminate\Foundation\Http\Middleware\TrimStrings.php(51): Illuminate\Foundation\Http\Middleware\TransformsRequest->handle(Object(Leantime\Core\Http\HtmxRequest), Object(Closure))
#37 C:\laragon\www\dentvira\public\leantime\vendor\laravel\framework\src\Illuminate\Pipeline\Pipeline.php(209): Illuminate\Foundation\Http\Middleware\TrimStrings->handle(Object(Leantime\Core\Http\HtmxRequest), Object(Closure))
#38 C:\laragon\www\dentvira\public\leantime\vendor\laravel\framework\src\Illuminate\Http\Middleware\ValidatePostSize.php(27): Illuminate\Pipeline\Pipeline->{closure:{closure:Illuminate\Pipeline\Pipeline::carry():184}:185}(Object(Leantime\Core\Http\HtmxRequest))
#39 C:\laragon\www\dentvira\public\leantime\vendor\laravel\framework\src\Illuminate\Pipeline\Pipeline.php(209): Illuminate\Http\Middleware\ValidatePostSize->handle(Object(Leantime\Core\Http\HtmxRequest), Object(Closure))
#40 C:\laragon\www\dentvira\public\leantime\vendor\laravel\framework\src\Illuminate\Http\Middleware\HandleCors.php(49): Illuminate\Pipeline\Pipeline->{closure:{closure:Illuminate\Pipeline\Pipeline::carry():184}:185}(Object(Leantime\Core\Http\HtmxRequest))
#41 C:\laragon\www\dentvira\public\leantime\vendor\laravel\framework\src\Illuminate\Pipeline\Pipeline.php(209): Illuminate\Http\Middleware\HandleCors->handle(Object(Leantime\Core\Http\HtmxRequest), Object(Closure))
#42 C:\laragon\www\dentvira\public\leantime\app\Core\Middleware\RequestRateLimiter.php(75): Illuminate\Pipeline\Pipeline->{closure:{closure:Illuminate\Pipeline\Pipeline::carry():184}:185}(Object(Leantime\Core\Http\HtmxRequest))
#43 C:\laragon\www\dentvira\public\leantime\vendor\laravel\framework\src\Illuminate\Pipeline\Pipeline.php(209): Leantime\Core\Middleware\RequestRateLimiter->handle(Object(Leantime\Core\Http\HtmxRequest), Object(Closure))
#44 C:\laragon\www\dentvira\public\leantime\app\Core\Middleware\AuthenticateSession.php(34): Illuminate\Pipeline\Pipeline->{closure:{closure:Illuminate\Pipeline\Pipeline::carry():184}:185}(Object(Leantime\Core\Http\HtmxRequest))
#45 C:\laragon\www\dentvira\public\leantime\vendor\laravel\framework\src\Illuminate\Pipeline\Pipeline.php(209): Leantime\Core\Middleware\AuthenticateSession->handle(Object(Leantime\Core\Http\HtmxRequest), Object(Closure))
#46 C:\laragon\www\dentvira\public\leantime\app\Core\Middleware\AuthCheck.php(90): Illuminate\Pipeline\Pipeline->{closure:{closure:Illuminate\Pipeline\Pipeline::carry():184}:185}(Object(Leantime\Core\Http\HtmxRequest))
#47 C:\laragon\www\dentvira\public\leantime\vendor\laravel\framework\src\Illuminate\Pipeline\Pipeline.php(209): Leantime\Core\Middleware\AuthCheck->handle(Object(Leantime\Core\Http\HtmxRequest), Object(Closure))
#48 C:\laragon\www\dentvira\public\leantime\app\Core\Middleware\InitialHeaders.php(24): Illuminate\Pipeline\Pipeline->{closure:{closure:Illuminate\Pipeline\Pipeline::carry():184}:185}(Object(Leantime\Core\Http\HtmxRequest))
#49 C:\laragon\www\dentvira\public\leantime\vendor\laravel\framework\src\Illuminate\Pipeline\Pipeline.php(209): Leantime\Core\Middleware\InitialHeaders->handle(Object(Leantime\Core\Http\HtmxRequest), Object(Closure))
#50 C:\laragon\www\dentvira\public\leantime\app\Core\Middleware\LoadPlugins.php(32): Illuminate\Pipeline\Pipeline->{closure:{closure:Illuminate\Pipeline\Pipeline::carry():184}:185}(Object(Leantime\Core\Http\HtmxRequest))
#51 C:\laragon\www\dentvira\public\leantime\vendor\laravel\framework\src\Illuminate\Pipeline\Pipeline.php(209): Leantime\Core\Middleware\LoadPlugins->handle(Object(Leantime\Core\Http\HtmxRequest), Object(Closure))
#52 C:\laragon\www\dentvira\public\leantime\app\Core\Middleware\Updated.php(28): Illuminate\Pipeline\Pipeline->{closure:{closure:Illuminate\Pipeline\Pipeline::carry():184}:185}(Object(Leantime\Core\Http\HtmxRequest))
#53 C:\laragon\www\dentvira\public\leantime\vendor\laravel\framework\src\Illuminate\Pipeline\Pipeline.php(209): Leantime\Core\Middleware\Updated->handle(Object(Leantime\Core\Http\HtmxRequest), Object(Closure))
#54 C:\laragon\www\dentvira\public\leantime\app\Core\Middleware\Installed.php(30): Illuminate\Pipeline\Pipeline->{closure:{closure:Illuminate\Pipeline\Pipeline::carry():184}:185}(Object(Leantime\Core\Http\HtmxRequest))
#55 C:\laragon\www\dentvira\public\leantime\vendor\laravel\framework\src\Illuminate\Pipeline\Pipeline.php(209): Leantime\Core\Middleware\Installed->handle(Object(Leantime\Core\Http\HtmxRequest), Object(Closure))
#56 C:\laragon\www\dentvira\public\leantime\app\Core\Middleware\StartSession.php(134): Illuminate\Pipeline\Pipeline->{closure:{closure:Illuminate\Pipeline\Pipeline::carry():184}:185}(Object(Leantime\Core\Http\HtmxRequest))
#57 C:\laragon\www\dentvira\public\leantime\app\Core\Middleware\StartSession.php(83): Leantime\Core\Middleware\StartSession->handleOptimisticRequest(Object(Leantime\Core\Http\HtmxRequest), Object(Illuminate\Session\Store), Object(Closure))
#58 C:\laragon\www\dentvira\public\leantime\vendor\laravel\framework\src\Illuminate\Pipeline\Pipeline.php(209): Leantime\Core\Middleware\StartSession->handle(Object(Leantime\Core\Http\HtmxRequest), Object(Closure))
#59 C:\laragon\www\dentvira\public\leantime\app\Core\Middleware\TrustProxies.php(65): Illuminate\Pipeline\Pipeline->{closure:{closure:Illuminate\Pipeline\Pipeline::carry():184}:185}(Object(Leantime\Core\Http\HtmxRequest))
#60 C:\laragon\www\dentvira\public\leantime\vendor\laravel\framework\src\Illuminate\Pipeline\Pipeline.php(209): Leantime\Core\Middleware\TrustProxies->handle(Object(Leantime\Core\Http\HtmxRequest), Object(Closure))
#61 C:\laragon\www\dentvira\public\leantime\vendor\laravel\framework\src\Illuminate\Pipeline\Pipeline.php(127): Illuminate\Pipeline\Pipeline->{closure:{closure:Illuminate\Pipeline\Pipeline::carry():184}:185}(Object(Leantime\Core\Http\HtmxRequest))
#62 C:\laragon\www\dentvira\public\leantime\app\Core\Http\HttpKernel.php(164): Illuminate\Pipeline\Pipeline->then(Object(Closure))
#63 C:\laragon\www\dentvira\public\leantime\app\Core\Http\HttpKernel.php(121): Leantime\Core\Http\HttpKernel->sendRequestThroughRouter(Object(Leantime\Core\Http\HtmxRequest))
#64 C:\laragon\www\dentvira\public\leantime\app\Core\Bootloader.php(79): Leantime\Core\Http\HttpKernel->handle(Object(Leantime\Core\Http\HtmxRequest))
#65 C:\laragon\www\dentvira\public\leantime\app\Core\Bootloader.php(60): Leantime\Core\Bootloader->handleRequest(Object(Leantime\Core\Http\HtmxRequest))
#66 C:\laragon\www\dentvira\public\leantime\public\index.php(20): Leantime\Core\Bootloader->boot(Object(Leantime\Core\Application))
#67 {main}  
[2026-10-02 17:08:30] production.INFO: Cron Schedule Output: 
  2026-10-02 17:08:30 Running [queue:emails] .................................. 9.44ms DONE

  
[2026-10-02 17:08:34] production.WARNING: Could not connect to news server.  
[2026-10-02 17:08:34] production.WARNING: GuzzleHttp\Exception\ConnectException: cURL error 28: Resolving timed out after 2009 milliseconds (see https://curl.haxx.se/libcurl/c/libcurl-errors.html) for https://leantime.io/category/leantime-updates/feature-updates/feed/ in C:\laragon\www\dentvira\public\leantime\vendor\guzzlehttp\guzzle\src\Handler\CurlFactory.php:360
Stack trace:
#0 C:\laragon\www\dentvira\public\leantime\vendor\guzzlehttp\guzzle\src\Handler\CurlFactory.php(290): GuzzleHttp\Handler\CurlFactory::createRejection(Object(GuzzleHttp\Handler\EasyHandle), Array)
#1 C:\laragon\www\dentvira\public\leantime\vendor\guzzlehttp\guzzle\src\Handler\CurlFactory.php(242): GuzzleHttp\Handler\CurlFactory::finishError(Object(GuzzleHttp\Handler\CurlHandler), Object(GuzzleHttp\Handler\EasyHandle), Object(GuzzleHttp\Handler\CurlFactory))
#2 C:\laragon\www\dentvira\public\leantime\vendor\guzzlehttp\guzzle\src\Handler\CurlHandler.php(47): GuzzleHttp\Handler\CurlFactory::finish(Object(GuzzleHttp\Handler\CurlHandler), Object(GuzzleHttp\Handler\EasyHandle), Object(GuzzleHttp\Handler\CurlFactory))
#3 C:\laragon\www\dentvira\public\leantime\vendor\guzzlehttp\guzzle\src\Handler\Proxy.php(28): GuzzleHttp\Handler\CurlHandler->__invoke(Object(GuzzleHttp\Psr7\Request), Array)
#4 C:\laragon\www\dentvira\public\leantime\vendor\guzzlehttp\guzzle\src\Handler\Proxy.php(48): GuzzleHttp\Handler\Proxy::{closure:GuzzleHttp\Handler\Proxy::wrapSync():27}(Object(GuzzleHttp\Psr7\Request), Array)
#5 C:\laragon\www\dentvira\public\leantime\vendor\guzzlehttp\guzzle\src\PrepareBodyMiddleware.php(35): GuzzleHttp\Handler\Proxy::{closure:GuzzleHttp\Handler\Proxy::wrapStreaming():47}(Object(GuzzleHttp\Psr7\Request), Array)
#6 C:\laragon\www\dentvira\public\leantime\vendor\guzzlehttp\guzzle\src\Middleware.php(31): GuzzleHttp\PrepareBodyMiddleware->__invoke(Object(GuzzleHttp\Psr7\Request), Array)
#7 C:\laragon\www\dentvira\public\leantime\vendor\guzzlehttp\guzzle\src\RedirectMiddleware.php(71): GuzzleHttp\Middleware::{closure:{closure:GuzzleHttp\Middleware::cookies():28}:29}(Object(GuzzleHttp\Psr7\Request), Array)
#8 C:\laragon\www\dentvira\public\leantime\vendor\guzzlehttp\guzzle\src\Middleware.php(66): GuzzleHttp\RedirectMiddleware->__invoke(Object(GuzzleHttp\Psr7\Request), Array)
#9 C:\laragon\www\dentvira\public\leantime\vendor\guzzlehttp\guzzle\src\HandlerStack.php(75): GuzzleHttp\Middleware::{closure:{closure:GuzzleHttp\Middleware::httpErrors():60}:61}(Object(GuzzleHttp\Psr7\Request), Array)
#10 C:\laragon\www\dentvira\public\leantime\vendor\guzzlehttp\guzzle\src\Client.php(342): GuzzleHttp\HandlerStack->__invoke(Object(GuzzleHttp\Psr7\Request), Array)
#11 C:\laragon\www\dentvira\public\leantime\vendor\guzzlehttp\guzzle\src\Client.php(173): GuzzleHttp\Client->transfer(Object(GuzzleHttp\Psr7\Request), Array)
#12 C:\laragon\www\dentvira\public\leantime\vendor\guzzlehttp\guzzle\src\Client.php(193): GuzzleHttp\Client->requestAsync('GET', Object(GuzzleHttp\Psr7\Uri), Array)
#13 C:\laragon\www\dentvira\public\leantime\app\Domain\Notifications\Services\News.php(95): GuzzleHttp\Client->request('GET', 'https://leantim...', Array)
#14 C:\laragon\www\dentvira\public\leantime\app\Domain\Notifications\Services\News.php(58): Leantime\Domain\Notifications\Services\News->getFeed()
#15 C:\laragon\www\dentvira\public\leantime\app\Domain\Notifications\Hxcontrollers\NewsBadge.php(37): Leantime\Domain\Notifications\Services\News->hasNews(1)
#16 C:\laragon\www\dentvira\public\leantime\app\Core\Controller\HtmxController.php(133): Leantime\Domain\Notifications\Hxcontrollers\NewsBadge->get(Array)
#17 C:\laragon\www\dentvira\public\leantime\app\Core\Controller\Frontcontroller.php(172): Leantime\Core\Controller\HtmxController->callAction('get', Array)
#18 C:\laragon\www\dentvira\public\leantime\app\Core\Controller\Frontcontroller.php(65): Leantime\Core\Controller\Frontcontroller->executeAction('Leantime\\Domain...', 'get')
#19 C:\laragon\www\dentvira\public\leantime\app\Core\Controller\Frontcontroller.php(75): Leantime\Core\Controller\Frontcontroller->dispatch(Object(Leantime\Core\Http\HtmxRequest))
#20 C:\laragon\www\dentvira\public\leantime\app\Core\Http\HttpKernel.php(216): Leantime\Core\Controller\Frontcontroller::dispatch_request(Object(Leantime\Core\Http\HtmxRequest))
#21 C:\laragon\www\dentvira\public\leantime\app\Core\Http\HttpKernel.php(173): Leantime\Core\Http\HttpKernel->findAndDispatchToRouter(Object(Leantime\Core\Http\HtmxRequest))
#22 C:\laragon\www\dentvira\public\leantime\vendor\laravel\framework\src\Illuminate\Pipeline\Pipeline.php(170): Leantime\Core\Http\HttpKernel->{closure:{closure:Leantime\Core\Http\HttpKernel::sendRequestThroughRouter():164}:173}(Object(Leantime\Core\Http\HtmxRequest))
#23 C:\laragon\www\dentvira\public\leantime\vendor\laravel\framework\src\Illuminate\Pipeline\Pipeline.php(127): Illuminate\Pipeline\Pipeline->{closure:Illuminate\Pipeline\Pipeline::prepareDestination():168}(Object(Leantime\Core\Http\HtmxRequest))
#24 C:\laragon\www\dentvira\public\leantime\app\Core\Http\HttpKernel.php(173): Illuminate\Pipeline\Pipeline->then(Object(Closure))
#25 C:\laragon\www\dentvira\public\leantime\vendor\laravel\framework\src\Illuminate\Pipeline\Pipeline.php(170): Leantime\Core\Http\HttpKernel->{closure:Leantime\Core\Http\HttpKernel::sendRequestThroughRouter():164}(Object(Leantime\Core\Http\HtmxRequest))
#26 C:\laragon\www\dentvira\public\leantime\app\Domain\Projects\Middleware\CurrentProject.php(41): Illuminate\Pipeline\Pipeline->{closure:Illuminate\Pipeline\Pipeline::prepareDestination():168}(Object(Leantime\Core\Http\HtmxRequest))
#27 C:\laragon\www\dentvira\public\leantime\vendor\laravel\framework\src\Illuminate\Pipeline\Pipeline.php(209): Leantime\Domain\Projects\Middleware\CurrentProject->handle(Object(Leantime\Core\Http\HtmxRequest), Object(Closure))
#28 C:\laragon\www\dentvira\public\leantime\app\Core\Middleware\Localization.php(46): Illuminate\Pipeline\Pipeline->{closure:{closure:Illuminate\Pipeline\Pipeline::carry():184}:185}(Object(Leantime\Core\Http\HtmxRequest))
#29 C:\laragon\www\dentvira\public\leantime\vendor\laravel\framework\src\Illuminate\Pipeline\Pipeline.php(209): Leantime\Core\Middleware\Localization->handle(Object(Leantime\Core\Http\HtmxRequest), Object(Closure))
#30 C:\laragon\www\dentvira\public\leantime\app\Core\Middleware\SetCacheHeaders.php(49): Illuminate\Pipeline\Pipeline->{closure:{closure:Illuminate\Pipeline\Pipeline::carry():184}:185}(Object(Leantime\Core\Http\HtmxRequest))
#31 C:\laragon\www\dentvira\public\leantime\vendor\laravel\framework\src\Illuminate\Pipeline\Pipeline.php(209): Leantime\Core\Middleware\SetCacheHeaders->handle(Object(Leantime\Core\Http\HtmxRequest), Object(Closure))
#32 C:\laragon\www\dentvira\public\leantime\vendor\laravel\framework\src\Illuminate\Foundation\Http\Middleware\TransformsRequest.php(21): Illuminate\Pipeline\Pipeline->{closure:{closure:Illuminate\Pipeline\Pipeline::carry():184}:185}(Object(Leantime\Core\Http\HtmxRequest))
#33 C:\laragon\www\dentvira\public\leantime\vendor\laravel\framework\src\Illuminate\Foundation\Http\Middleware\ConvertEmptyStringsToNull.php(31): Illuminate\Foundation\Http\Middleware\TransformsRequest->handle(Object(Leantime\Core\Http\HtmxRequest), Object(Closure))
#34 C:\laragon\www\dentvira\public\leantime\vendor\laravel\framework\src\Illuminate\Pipeline\Pipeline.php(209): Illuminate\Foundation\Http\Middleware\ConvertEmptyStringsToNull->handle(Object(Leantime\Core\Http\HtmxRequest), Object(Closure))
#35 C:\laragon\www\dentvira\public\leantime\vendor\laravel\framework\src\Illuminate\Foundation\Http\Middleware\TransformsRequest.php(21): Illuminate\Pipeline\Pipeline->{closure:{closure:Illuminate\Pipeline\Pipeline::carry():184}:185}(Object(Leantime\Core\Http\HtmxRequest))
#36 C:\laragon\www\dentvira\public\leantime\vendor\laravel\framework\src\Illuminate\Foundation\Http\Middleware\TrimStrings.php(51): Illuminate\Foundation\Http\Middleware\TransformsRequest->handle(Object(Leantime\Core\Http\HtmxRequest), Object(Closure))
#37 C:\laragon\www\dentvira\public\leantime\vendor\laravel\framework\src\Illuminate\Pipeline\Pipeline.php(209): Illuminate\Foundation\Http\Middleware\TrimStrings->handle(Object(Leantime\Core\Http\HtmxRequest), Object(Closure))
#38 C:\laragon\www\dentvira\public\leantime\vendor\laravel\framework\src\Illuminate\Http\Middleware\ValidatePostSize.php(27): Illuminate\Pipeline\Pipeline->{closure:{closure:Illuminate\Pipeline\Pipeline::carry():184}:185}(Object(Leantime\Core\Http\HtmxRequest))
#39 C:\laragon\www\dentvira\public\leantime\vendor\laravel\framework\src\Illuminate\Pipeline\Pipeline.php(209): Illuminate\Http\Middleware\ValidatePostSize->handle(Object(Leantime\Core\Http\HtmxRequest), Object(Closure))
#40 C:\laragon\www\dentvira\public\leantime\vendor\laravel\framework\src\Illuminate\Http\Middleware\HandleCors.php(49): Illuminate\Pipeline\Pipeline->{closure:{closure:Illuminate\Pipeline\Pipeline::carry():184}:185}(Object(Leantime\Core\Http\HtmxRequest))
#41 C:\laragon\www\dentvira\public\leantime\vendor\laravel\framework\src\Illuminate\Pipeline\Pipeline.php(209): Illuminate\Http\Middleware\HandleCors->handle(Object(Leantime\Core\Http\HtmxRequest), Object(Closure))
#42 C:\laragon\www\dentvira\public\leantime\app\Core\Middleware\RequestRateLimiter.php(75): Illuminate\Pipeline\Pipeline->{closure:{closure:Illuminate\Pipeline\Pipeline::carry():184}:185}(Object(Leantime\Core\Http\HtmxRequest))
#43 C:\laragon\www\dentvira\public\leantime\vendor\laravel\framework\src\Illuminate\Pipeline\Pipeline.php(209): Leantime\Core\Middleware\RequestRateLimiter->handle(Object(Leantime\Core\Http\HtmxRequest), Object(Closure))
#44 C:\laragon\www\dentvira\public\leantime\app\Core\Middleware\AuthenticateSession.php(34): Illuminate\Pipeline\Pipeline->{closure:{closure:Illuminate\Pipeline\Pipeline::carry():184}:185}(Object(Leantime\Core\Http\HtmxRequest))
#45 C:\laragon\www\dentvira\public\leantime\vendor\laravel\framework\src\Illuminate\Pipeline\Pipeline.php(209): Leantime\Core\Middleware\AuthenticateSession->handle(Object(Leantime\Core\Http\HtmxRequest), Object(Closure))
#46 C:\laragon\www\dentvira\public\leantime\app\Core\Middleware\AuthCheck.php(90): Illuminate\Pipeline\Pipeline->{closure:{closure:Illuminate\Pipeline\Pipeline::carry():184}:185}(Object(Leantime\Core\Http\HtmxRequest))
#47 C:\laragon\www\dentvira\public\leantime\vendor\laravel\framework\src\Illuminate\Pipeline\Pipeline.php(209): Leantime\Core\Middleware\AuthCheck->handle(Object(Leantime\Core\Http\HtmxRequest), Object(Closure))
#48 C:\laragon\www\dentvira\public\leantime\app\Core\Middleware\InitialHeaders.php(24): Illuminate\Pipeline\Pipeline->{closure:{closure:Illuminate\Pipeline\Pipeline::carry():184}:185}(Object(Leantime\Core\Http\HtmxRequest))
#49 C:\laragon\www\dentvira\public\leantime\vendor\laravel\framework\src\Illuminate\Pipeline\Pipeline.php(209): Leantime\Core\Middleware\InitialHeaders->handle(Object(Leantime\Core\Http\HtmxRequest), Object(Closure))
#50 C:\laragon\www\dentvira\public\leantime\app\Core\Middleware\LoadPlugins.php(32): Illuminate\Pipeline\Pipeline->{closure:{closure:Illuminate\Pipeline\Pipeline::carry():184}:185}(Object(Leantime\Core\Http\HtmxRequest))
#51 C:\laragon\www\dentvira\public\leantime\vendor\laravel\framework\src\Illuminate\Pipeline\Pipeline.php(209): Leantime\Core\Middleware\LoadPlugins->handle(Object(Leantime\Core\Http\HtmxRequest), Object(Closure))
#52 C:\laragon\www\dentvira\public\leantime\app\Core\Middleware\Updated.php(28): Illuminate\Pipeline\Pipeline->{closure:{closure:Illuminate\Pipeline\Pipeline::carry():184}:185}(Object(Leantime\Core\Http\HtmxRequest))
#53 C:\laragon\www\dentvira\public\leantime\vendor\laravel\framework\src\Illuminate\Pipeline\Pipeline.php(209): Leantime\Core\Middleware\Updated->handle(Object(Leantime\Core\Http\HtmxRequest), Object(Closure))
#54 C:\laragon\www\dentvira\public\leantime\app\Core\Middleware\Installed.php(30): Illuminate\Pipeline\Pipeline->{closure:{closure:Illuminate\Pipeline\Pipeline::carry():184}:185}(Object(Leantime\Core\Http\HtmxRequest))
#55 C:\laragon\www\dentvira\public\leantime\vendor\laravel\framework\src\Illuminate\Pipeline\Pipeline.php(209): Leantime\Core\Middleware\Installed->handle(Object(Leantime\Core\Http\HtmxRequest), Object(Closure))
#56 C:\laragon\www\dentvira\public\leantime\app\Core\Middleware\StartSession.php(134): Illuminate\Pipeline\Pipeline->{closure:{closure:Illuminate\Pipeline\Pipeline::carry():184}:185}(Object(Leantime\Core\Http\HtmxRequest))
#57 C:\laragon\www\dentvira\public\leantime\app\Core\Middleware\StartSession.php(83): Leantime\Core\Middleware\StartSession->handleOptimisticRequest(Object(Leantime\Core\Http\HtmxRequest), Object(Illuminate\Session\Store), Object(Closure))
#58 C:\laragon\www\dentvira\public\leantime\vendor\laravel\framework\src\Illuminate\Pipeline\Pipeline.php(209): Leantime\Core\Middleware\StartSession->handle(Object(Leantime\Core\Http\HtmxRequest), Object(Closure))
#59 C:\laragon\www\dentvira\public\leantime\app\Core\Middleware\TrustProxies.php(65): Illuminate\Pipeline\Pipeline->{closure:{closure:Illuminate\Pipeline\Pipeline::carry():184}:185}(Object(Leantime\Core\Http\HtmxRequest))
#60 C:\laragon\www\dentvira\public\leantime\vendor\laravel\framework\src\Illuminate\Pipeline\Pipeline.php(209): Leantime\Core\Middleware\TrustProxies->handle(Object(Leantime\Core\Http\HtmxRequest), Object(Closure))
#61 C:\laragon\www\dentvira\public\leantime\vendor\laravel\framework\src\Illuminate\Pipeline\Pipeline.php(127): Illuminate\Pipeline\Pipeline->{closure:{closure:Illuminate\Pipeline\Pipeline::carry():184}:185}(Object(Leantime\Core\Http\HtmxRequest))
#62 C:\laragon\www\dentvira\public\leantime\app\Core\Http\HttpKernel.php(164): Illuminate\Pipeline\Pipeline->then(Object(Closure))
#63 C:\laragon\www\dentvira\public\leantime\app\Core\Http\HttpKernel.php(121): Leantime\Core\Http\HttpKernel->sendRequestThroughRouter(Object(Leantime\Core\Http\HtmxRequest))
#64 C:\laragon\www\dentvira\public\leantime\app\Core\Bootloader.php(79): Leantime\Core\Http\HttpKernel->handle(Object(Leantime\Core\Http\HtmxRequest))
#65 C:\laragon\www\dentvira\public\leantime\app\Core\Bootloader.php(60): Leantime\Core\Bootloader->handleRequest(Object(Leantime\Core\Http\HtmxRequest))
#66 C:\laragon\www\dentvira\public\leantime\public\index.php(20): Leantime\Core\Bootloader->boot(Object(Leantime\Core\Application))
#67 {main}  
[2026-10-02 17:08:34] production.WARNING: Long session operation detected: 3.8080592155457s for session DEZtkItHYGtZy53kkWkU4ASxf3mfWIk6L37KvzP2  
[2026-10-02 17:08:50] production.INFO: Cron Schedule Output: 
  2026-10-02 17:08:50 Running [queue:emails] ................................. 12.59ms DONE

  
[2026-10-02 17:08:51] production.WARNING: Could not connect to news server.  
[2026-10-02 17:08:51] production.WARNING: GuzzleHttp\Exception\ConnectException: cURL error 28: Connection timed out after 2008 milliseconds (see https://curl.haxx.se/libcurl/c/libcurl-errors.html) for https://leantime.io/category/leantime-updates/feature-updates/feed/ in C:\laragon\www\dentvira\public\leantime\vendor\guzzlehttp\guzzle\src\Handler\CurlFactory.php:360
Stack trace:
#0 C:\laragon\www\dentvira\public\leantime\vendor\guzzlehttp\guzzle\src\Handler\CurlFactory.php(290): GuzzleHttp\Handler\CurlFactory::createRejection(Object(GuzzleHttp\Handler\EasyHandle), Array)
#1 C:\laragon\www\dentvira\public\leantime\vendor\guzzlehttp\guzzle\src\Handler\CurlFactory.php(242): GuzzleHttp\Handler\CurlFactory::finishError(Object(GuzzleHttp\Handler\CurlHandler), Object(GuzzleHttp\Handler\EasyHandle), Object(GuzzleHttp\Handler\CurlFactory))
#2 C:\laragon\www\dentvira\public\leantime\vendor\guzzlehttp\guzzle\src\Handler\CurlHandler.php(47): GuzzleHttp\Handler\CurlFactory::finish(Object(GuzzleHttp\Handler\CurlHandler), Object(GuzzleHttp\Handler\EasyHandle), Object(GuzzleHttp\Handler\CurlFactory))
#3 C:\laragon\www\dentvira\public\leantime\vendor\guzzlehttp\guzzle\src\Handler\Proxy.php(28): GuzzleHttp\Handler\CurlHandler->__invoke(Object(GuzzleHttp\Psr7\Request), Array)
#4 C:\laragon\www\dentvira\public\leantime\vendor\guzzlehttp\guzzle\src\Handler\Proxy.php(48): GuzzleHttp\Handler\Proxy::{closure:GuzzleHttp\Handler\Proxy::wrapSync():27}(Object(GuzzleHttp\Psr7\Request), Array)
#5 C:\laragon\www\dentvira\public\leantime\vendor\guzzlehttp\guzzle\src\PrepareBodyMiddleware.php(35): GuzzleHttp\Handler\Proxy::{closure:GuzzleHttp\Handler\Proxy::wrapStreaming():47}(Object(GuzzleHttp\Psr7\Request), Array)
#6 C:\laragon\www\dentvira\public\leantime\vendor\guzzlehttp\guzzle\src\Middleware.php(31): GuzzleHttp\PrepareBodyMiddleware->__invoke(Object(GuzzleHttp\Psr7\Request), Array)
#7 C:\laragon\www\dentvira\public\leantime\vendor\guzzlehttp\guzzle\src\RedirectMiddleware.php(71): GuzzleHttp\Middleware::{closure:{closure:GuzzleHttp\Middleware::cookies():28}:29}(Object(GuzzleHttp\Psr7\Request), Array)
#8 C:\laragon\www\dentvira\public\leantime\vendor\guzzlehttp\guzzle\src\Middleware.php(66): GuzzleHttp\RedirectMiddleware->__invoke(Object(GuzzleHttp\Psr7\Request), Array)
#9 C:\laragon\www\dentvira\public\leantime\vendor\guzzlehttp\guzzle\src\HandlerStack.php(75): GuzzleHttp\Middleware::{closure:{closure:GuzzleHttp\Middleware::httpErrors():60}:61}(Object(GuzzleHttp\Psr7\Request), Array)
#10 C:\laragon\www\dentvira\public\leantime\vendor\guzzlehttp\guzzle\src\Client.php(342): GuzzleHttp\HandlerStack->__invoke(Object(GuzzleHttp\Psr7\Request), Array)
#11 C:\laragon\www\dentvira\public\leantime\vendor\guzzlehttp\guzzle\src\Client.php(173): GuzzleHttp\Client->transfer(Object(GuzzleHttp\Psr7\Request), Array)
#12 C:\laragon\www\dentvira\public\leantime\vendor\guzzlehttp\guzzle\src\Client.php(193): GuzzleHttp\Client->requestAsync('GET', Object(GuzzleHttp\Psr7\Uri), Array)
#13 C:\laragon\www\dentvira\public\leantime\app\Domain\Notifications\Services\News.php(95): GuzzleHttp\Client->request('GET', 'https://leantim...', Array)
#14 C:\laragon\www\dentvira\public\leantime\app\Domain\Notifications\Services\News.php(58): Leantime\Domain\Notifications\Services\News->getFeed()
#15 C:\laragon\www\dentvira\public\leantime\app\Domain\Notifications\Hxcontrollers\NewsBadge.php(37): Leantime\Domain\Notifications\Services\News->hasNews(1)
#16 C:\laragon\www\dentvira\public\leantime\app\Core\Controller\HtmxController.php(133): Leantime\Domain\Notifications\Hxcontrollers\NewsBadge->get(Array)
#17 C:\laragon\www\dentvira\public\leantime\app\Core\Controller\Frontcontroller.php(172): Leantime\Core\Controller\HtmxController->callAction('get', Array)
#18 C:\laragon\www\dentvira\public\leantime\app\Core\Controller\Frontcontroller.php(65): Leantime\Core\Controller\Frontcontroller->executeAction('Leantime\\Domain...', 'get')
#19 C:\laragon\www\dentvira\public\leantime\app\Core\Controller\Frontcontroller.php(75): Leantime\Core\Controller\Frontcontroller->dispatch(Object(Leantime\Core\Http\HtmxRequest))
#20 C:\laragon\www\dentvira\public\leantime\app\Core\Http\HttpKernel.php(216): Leantime\Core\Controller\Frontcontroller::dispatch_request(Object(Leantime\Core\Http\HtmxRequest))
#21 C:\laragon\www\dentvira\public\leantime\app\Core\Http\HttpKernel.php(173): Leantime\Core\Http\HttpKernel->findAndDispatchToRouter(Object(Leantime\Core\Http\HtmxRequest))
#22 C:\laragon\www\dentvira\public\leantime\vendor\laravel\framework\src\Illuminate\Pipeline\Pipeline.php(170): Leantime\Core\Http\HttpKernel->{closure:{closure:Leantime\Core\Http\HttpKernel::sendRequestThroughRouter():164}:173}(Object(Leantime\Core\Http\HtmxRequest))
#23 C:\laragon\www\dentvira\public\leantime\vendor\laravel\framework\src\Illuminate\Pipeline\Pipeline.php(127): Illuminate\Pipeline\Pipeline->{closure:Illuminate\Pipeline\Pipeline::prepareDestination():168}(Object(Leantime\Core\Http\HtmxRequest))
#24 C:\laragon\www\dentvira\public\leantime\app\Core\Http\HttpKernel.php(173): Illuminate\Pipeline\Pipeline->then(Object(Closure))
#25 C:\laragon\www\dentvira\public\leantime\vendor\laravel\framework\src\Illuminate\Pipeline\Pipeline.php(170): Leantime\Core\Http\HttpKernel->{closure:Leantime\Core\Http\HttpKernel::sendRequestThroughRouter():164}(Object(Leantime\Core\Http\HtmxRequest))
#26 C:\laragon\www\dentvira\public\leantime\app\Domain\Projects\Middleware\CurrentProject.php(41): Illuminate\Pipeline\Pipeline->{closure:Illuminate\Pipeline\Pipeline::prepareDestination():168}(Object(Leantime\Core\Http\HtmxRequest))
#27 C:\laragon\www\dentvira\public\leantime\vendor\laravel\framework\src\Illuminate\Pipeline\Pipeline.php(209): Leantime\Domain\Projects\Middleware\CurrentProject->handle(Object(Leantime\Core\Http\HtmxRequest), Object(Closure))
#28 C:\laragon\www\dentvira\public\leantime\app\Core\Middleware\Localization.php(46): Illuminate\Pipeline\Pipeline->{closure:{closure:Illuminate\Pipeline\Pipeline::carry():184}:185}(Object(Leantime\Core\Http\HtmxRequest))
#29 C:\laragon\www\dentvira\public\leantime\vendor\laravel\framework\src\Illuminate\Pipeline\Pipeline.php(209): Leantime\Core\Middleware\Localization->handle(Object(Leantime\Core\Http\HtmxRequest), Object(Closure))
#30 C:\laragon\www\dentvira\public\leantime\app\Core\Middleware\SetCacheHeaders.php(49): Illuminate\Pipeline\Pipeline->{closure:{closure:Illuminate\Pipeline\Pipeline::carry():184}:185}(Object(Leantime\Core\Http\HtmxRequest))
#31 C:\laragon\www\dentvira\public\leantime\vendor\laravel\framework\src\Illuminate\Pipeline\Pipeline.php(209): Leantime\Core\Middleware\SetCacheHeaders->handle(Object(Leantime\Core\Http\HtmxRequest), Object(Closure))
#32 C:\laragon\www\dentvira\public\leantime\vendor\laravel\framework\src\Illuminate\Foundation\Http\Middleware\TransformsRequest.php(21): Illuminate\Pipeline\Pipeline->{closure:{closure:Illuminate\Pipeline\Pipeline::carry():184}:185}(Object(Leantime\Core\Http\HtmxRequest))
#33 C:\laragon\www\dentvira\public\leantime\vendor\laravel\framework\src\Illuminate\Foundation\Http\Middleware\ConvertEmptyStringsToNull.php(31): Illuminate\Foundation\Http\Middleware\TransformsRequest->handle(Object(Leantime\Core\Http\HtmxRequest), Object(Closure))
#34 C:\laragon\www\dentvira\public\leantime\vendor\laravel\framework\src\Illuminate\Pipeline\Pipeline.php(209): Illuminate\Foundation\Http\Middleware\ConvertEmptyStringsToNull->handle(Object(Leantime\Core\Http\HtmxRequest), Object(Closure))
#35 C:\laragon\www\dentvira\public\leantime\vendor\laravel\framework\src\Illuminate\Foundation\Http\Middleware\TransformsRequest.php(21): Illuminate\Pipeline\Pipeline->{closure:{closure:Illuminate\Pipeline\Pipeline::carry():184}:185}(Object(Leantime\Core\Http\HtmxRequest))
#36 C:\laragon\www\dentvira\public\leantime\vendor\laravel\framework\src\Illuminate\Foundation\Http\Middleware\TrimStrings.php(51): Illuminate\Foundation\Http\Middleware\TransformsRequest->handle(Object(Leantime\Core\Http\HtmxRequest), Object(Closure))
#37 C:\laragon\www\dentvira\public\leantime\vendor\laravel\framework\src\Illuminate\Pipeline\Pipeline.php(209): Illuminate\Foundation\Http\Middleware\TrimStrings->handle(Object(Leantime\Core\Http\HtmxRequest), Object(Closure))
#38 C:\laragon\www\dentvira\public\leantime\vendor\laravel\framework\src\Illuminate\Http\Middleware\ValidatePostSize.php(27): Illuminate\Pipeline\Pipeline->{closure:{closure:Illuminate\Pipeline\Pipeline::carry():184}:185}(Object(Leantime\Core\Http\HtmxRequest))
#39 C:\laragon\www\dentvira\public\leantime\vendor\laravel\framework\src\Illuminate\Pipeline\Pipeline.php(209): Illuminate\Http\Middleware\ValidatePostSize->handle(Object(Leantime\Core\Http\HtmxRequest), Object(Closure))
#40 C:\laragon\www\dentvira\public\leantime\vendor\laravel\framework\src\Illuminate\Http\Middleware\HandleCors.php(49): Illuminate\Pipeline\Pipeline->{closure:{closure:Illuminate\Pipeline\Pipeline::carry():184}:185}(Object(Leantime\Core\Http\HtmxRequest))
#41 C:\laragon\www\dentvira\public\leantime\vendor\laravel\framework\src\Illuminate\Pipeline\Pipeline.php(209): Illuminate\Http\Middleware\HandleCors->handle(Object(Leantime\Core\Http\HtmxRequest), Object(Closure))
#42 C:\laragon\www\dentvira\public\leantime\app\Core\Middleware\RequestRateLimiter.php(75): Illuminate\Pipeline\Pipeline->{closure:{closure:Illuminate\Pipeline\Pipeline::carry():184}:185}(Object(Leantime\Core\Http\HtmxRequest))
#43 C:\laragon\www\dentvira\public\leantime\vendor\laravel\framework\src\Illuminate\Pipeline\Pipeline.php(209): Leantime\Core\Middleware\RequestRateLimiter->handle(Object(Leantime\Core\Http\HtmxRequest), Object(Closure))
#44 C:\laragon\www\dentvira\public\leantime\app\Core\Middleware\AuthenticateSession.php(34): Illuminate\Pipeline\Pipeline->{closure:{closure:Illuminate\Pipeline\Pipeline::carry():184}:185}(Object(Leantime\Core\Http\HtmxRequest))
#45 C:\laragon\www\dentvira\public\leantime\vendor\laravel\framework\src\Illuminate\Pipeline\Pipeline.php(209): Leantime\Core\Middleware\AuthenticateSession->handle(Object(Leantime\Core\Http\HtmxRequest), Object(Closure))
#46 C:\laragon\www\dentvira\public\leantime\app\Core\Middleware\AuthCheck.php(90): Illuminate\Pipeline\Pipeline->{closure:{closure:Illuminate\Pipeline\Pipeline::carry():184}:185}(Object(Leantime\Core\Http\HtmxRequest))
#47 C:\laragon\www\dentvira\public\leantime\vendor\laravel\framework\src\Illuminate\Pipeline\Pipeline.php(209): Leantime\Core\Middleware\AuthCheck->handle(Object(Leantime\Core\Http\HtmxRequest), Object(Closure))
#48 C:\laragon\www\dentvira\public\leantime\app\Core\Middleware\InitialHeaders.php(24): Illuminate\Pipeline\Pipeline->{closure:{closure:Illuminate\Pipeline\Pipeline::carry():184}:185}(Object(Leantime\Core\Http\HtmxRequest))
#49 C:\laragon\www\dentvira\public\leantime\vendor\laravel\framework\src\Illuminate\Pipeline\Pipeline.php(209): Leantime\Core\Middleware\InitialHeaders->handle(Object(Leantime\Core\Http\HtmxRequest), Object(Closure))
#50 C:\laragon\www\dentvira\public\leantime\app\Core\Middleware\LoadPlugins.php(32): Illuminate\Pipeline\Pipeline->{closure:{closure:Illuminate\Pipeline\Pipeline::carry():184}:185}(Object(Leantime\Core\Http\HtmxRequest))
#51 C:\laragon\www\dentvira\public\leantime\vendor\laravel\framework\src\Illuminate\Pipeline\Pipeline.php(209): Leantime\Core\Middleware\LoadPlugins->handle(Object(Leantime\Core\Http\HtmxRequest), Object(Closure))
#52 C:\laragon\www\dentvira\public\leantime\app\Core\Middleware\Updated.php(28): Illuminate\Pipeline\Pipeline->{closure:{closure:Illuminate\Pipeline\Pipeline::carry():184}:185}(Object(Leantime\Core\Http\HtmxRequest))
#53 C:\laragon\www\dentvira\public\leantime\vendor\laravel\framework\src\Illuminate\Pipeline\Pipeline.php(209): Leantime\Core\Middleware\Updated->handle(Object(Leantime\Core\Http\HtmxRequest), Object(Closure))
#54 C:\laragon\www\dentvira\public\leantime\app\Core\Middleware\Installed.php(30): Illuminate\Pipeline\Pipeline->{closure:{closure:Illuminate\Pipeline\Pipeline::carry():184}:185}(Object(Leantime\Core\Http\HtmxRequest))
#55 C:\laragon\www\dentvira\public\leantime\vendor\laravel\framework\src\Illuminate\Pipeline\Pipeline.php(209): Leantime\Core\Middleware\Installed->handle(Object(Leantime\Core\Http\HtmxRequest), Object(Closure))
#56 C:\laragon\www\dentvira\public\leantime\app\Core\Middleware\StartSession.php(134): Illuminate\Pipeline\Pipeline->{closure:{closure:Illuminate\Pipeline\Pipeline::carry():184}:185}(Object(Leantime\Core\Http\HtmxRequest))
#57 C:\laragon\www\dentvira\public\leantime\app\Core\Middleware\StartSession.php(83): Leantime\Core\Middleware\StartSession->handleOptimisticRequest(Object(Leantime\Core\Http\HtmxRequest), Object(Illuminate\Session\Store), Object(Closure))
#58 C:\laragon\www\dentvira\public\leantime\vendor\laravel\framework\src\Illuminate\Pipeline\Pipeline.php(209): Leantime\Core\Middleware\StartSession->handle(Object(Leantime\Core\Http\HtmxRequest), Object(Closure))
#59 C:\laragon\www\dentvira\public\leantime\app\Core\Middleware\TrustProxies.php(65): Illuminate\Pipeline\Pipeline->{closure:{closure:Illuminate\Pipeline\Pipeline::carry():184}:185}(Object(Leantime\Core\Http\HtmxRequest))
#60 C:\laragon\www\dentvira\public\leantime\vendor\laravel\framework\src\Illuminate\Pipeline\Pipeline.php(209): Leantime\Core\Middleware\TrustProxies->handle(Object(Leantime\Core\Http\HtmxRequest), Object(Closure))
#61 C:\laragon\www\dentvira\public\leantime\vendor\laravel\framework\src\Illuminate\Pipeline\Pipeline.php(127): Illuminate\Pipeline\Pipeline->{closure:{closure:Illuminate\Pipeline\Pipeline::carry():184}:185}(Object(Leantime\Core\Http\HtmxRequest))
#62 C:\laragon\www\dentvira\public\leantime\app\Core\Http\HttpKernel.php(164): Illuminate\Pipeline\Pipeline->then(Object(Closure))
#63 C:\laragon\www\dentvira\public\leantime\app\Core\Http\HttpKernel.php(121): Leantime\Core\Http\HttpKernel->sendRequestThroughRouter(Object(Leantime\Core\Http\HtmxRequest))
#64 C:\laragon\www\dentvira\public\leantime\app\Core\Bootloader.php(79): Leantime\Core\Http\HttpKernel->handle(Object(Leantime\Core\Http\HtmxRequest))
#65 C:\laragon\www\dentvira\public\leantime\app\Core\Bootloader.php(60): Leantime\Core\Bootloader->handleRequest(Object(Leantime\Core\Http\HtmxRequest))
#66 C:\laragon\www\dentvira\public\leantime\public\index.php(20): Leantime\Core\Bootloader->boot(Object(Leantime\Core\Application))
#67 {main}  
[2026-10-02 17:13:50] production.INFO: Cron Schedule Output: 
  2026-10-02 17:13:50 Running [queue:emails] ................................. 10.65ms DONE

  
[2026-10-02 17:17:29] production.INFO: Cron Schedule Output: 
  2026-10-02 17:17:29 Running [queue:emails] .................................. 9.96ms DONE

  
[2026-10-02 17:17:34] production.INFO: Cron Schedule Output: 
  2026-10-02 17:17:34 Running [queue:emails] .................................. 9.94ms DONE

  
[2026-10-02 17:18:34] production.INFO: Cron Schedule Output: 
  2026-10-02 17:18:34 Running [queue:emails] ................................. 10.73ms DONE

  
[2026-10-02 17:18:38] production.INFO: Cron Schedule Output: 
  2026-10-02 17:18:38 Running [queue:emails] ................................. 11.97ms DONE

  
[2026-10-02 17:23:38] production.INFO: Cron Schedule Output: 
  2026-10-02 17:23:38 Running [queue:emails] ................................. 13.63ms DONE

  
[2026-10-02 17:27:02] production.INFO: Cron Schedule Output: 
  2026-10-02 17:27:02 Running [queue:emails] .................................. 9.56ms DONE

  
[2026-10-02 17:29:24] production.INFO: Cron Schedule Output: 
  2026-10-02 17:29:24 Running [queue:emails] ................................. 13.05ms DONE

  
[2026-10-02 17:30:43] production.INFO: Cron Schedule Output: 
  2026-10-02 17:30:43 Running [queue:emails] ................................. 12.84ms DONE
  2026-10-02 17:30:43 Running [queue:httprequests] ............................ 1.37ms DONE
  2026-10-02 17:30:43 Running [queue:default] ................................. 1.16ms DONE

  
[2026-10-02 17:30:45] production.WARNING: Long session operation detected: 3.463819026947s for session DEZtkItHYGtZy53kkWkU4ASxf3mfWIk6L37KvzP2  
[2026-10-02 17:35:42] production.INFO: Cron Schedule Output: 
  2026-10-02 17:35:42 Running [queue:emails] ................................. 15.31ms DONE
  2026-10-02 17:35:42 Running [queue:httprequests] ............................ 0.94ms DONE
  2026-10-02 17:35:42 Running [queue:default] ................................. 0.74ms DONE

  
[2026-10-02 17:37:21] production.INFO: Cron Schedule Output: 
  2026-10-02 17:37:21 Running [queue:emails] ................................. 12.84ms DONE

  
[2026-10-02 17:37:26] production.INFO: Cron Schedule Output: 
  2026-10-02 17:37:26 Running [queue:emails] .................................. 9.15ms DONE

  
[2026-10-02 17:38:35] production.INFO: Cron Schedule Output: 
  2026-10-02 17:38:35 Running [queue:emails] ................................. 12.76ms DONE

  
[2026-10-02 17:39:42] production.INFO: Cron Schedule Output: 
  2026-10-02 17:39:42 Running [queue:emails] ................................. 17.52ms DONE

  
[2026-10-02 17:39:45] production.WARNING: Long session operation detected: 3.1254708766937s for session DEZtkItHYGtZy53kkWkU4ASxf3mfWIk6L37KvzP2  
[2026-10-02 17:40:54] production.INFO: Cron Schedule Output: 
  2026-10-02 17:40:54 Running [queue:emails] ................................. 12.57ms DONE
  2026-10-02 17:40:54 Running [queue:httprequests] ............................ 0.91ms DONE
  2026-10-02 17:40:54 Running [queue:default] ................................. 0.75ms DONE

  
[2026-10-02 17:41:10] production.INFO: Cron Schedule Output: 
  2026-10-02 17:41:09 Running [queue:emails] ................................. 11.62ms DONE

  
[2026-10-02 17:41:14] production.INFO: Cron Schedule Output: 
  2026-10-02 17:41:14 Running [queue:emails] .................................. 8.89ms DONE

  
[2026-10-02 17:45:12] production.INFO: Cron Schedule Output: 
  2026-10-02 17:45:12 Running [queue:emails] ................................. 12.04ms DONE
  2026-10-02 17:45:12 Running [queue:httprequests] ............................ 1.50ms DONE
  2026-10-02 17:45:12 Running [queue:default] ................................. 0.70ms DONE

  
[2026-10-02 17:45:15] production.WARNING: Long session operation detected: 3.6026530265808s for session DEZtkItHYGtZy53kkWkU4ASxf3mfWIk6L37KvzP2  
[2026-10-02 17:45:32] production.INFO: Cron Schedule Output: 
  2026-10-02 17:45:32 Running [queue:emails] .................................. 8.85ms DONE
  2026-10-02 17:45:32 Running [queue:httprequests] ............................ 0.84ms DONE
  2026-10-02 17:45:32 Running [queue:default] ................................. 0.69ms DONE

  
[2026-10-02 17:45:37] production.INFO: Cron Schedule Output: 
  2026-10-02 17:45:37 Running [queue:emails] ................................. 10.19ms DONE
  2026-10-02 17:45:37 Running [queue:httprequests] ............................ 0.87ms DONE
  2026-10-02 17:45:37 Running [queue:default] ................................. 0.67ms DONE

  
[2026-10-02 17:45:42] production.INFO: Cron Schedule Output: 
  2026-10-02 17:45:42 Running [queue:emails] .................................. 9.68ms DONE
  2026-10-02 17:45:42 Running [queue:httprequests] ............................ 1.48ms DONE
  2026-10-02 17:45:42 Running [queue:default] ................................. 1.02ms DONE

  
[2026-10-02 17:45:56] production.INFO: Cron Schedule Output: 
  2026-10-02 17:45:56 Running [queue:emails] ................................. 12.59ms DONE
  2026-10-02 17:45:56 Running [queue:httprequests] ............................ 1.05ms DONE
  2026-10-02 17:45:56 Running [queue:default] ................................. 0.79ms DONE

  
[2026-10-02 17:45:58] production.WARNING: Long session operation detected: 3.0627110004425s for session DEZtkItHYGtZy53kkWkU4ASxf3mfWIk6L37KvzP2  
[2026-10-02 17:46:00] production.INFO: Cron Schedule Output: 
  2026-10-02 17:46:00 Running [queue:emails] ................................. 13.28ms DONE

  
[2026-10-02 17:46:05] production.WARNING: Long session operation detected: 4.6278269290924s for session DEZtkItHYGtZy53kkWkU4ASxf3mfWIk6L37KvzP2  
[2026-10-02 17:48:00] production.INFO: Cron Schedule Output: 
  2026-10-02 17:48:00 Running [queue:emails] .................................. 9.06ms DONE

  
[2026-10-02 17:48:10] production.INFO: Cron Schedule Output: 
  2026-10-02 17:48:10 Running [queue:emails] ................................. 13.47ms DONE

  
[2026-10-02 17:48:16] production.INFO: Cron Schedule Output: 
  2026-10-02 17:48:16 Running [queue:emails] ................................. 10.25ms DONE

  
[2026-10-02 17:48:18] production.WARNING: Long session operation detected: 3.2117118835449s for session DEZtkItHYGtZy53kkWkU4ASxf3mfWIk6L37KvzP2  
[2026-10-02 17:48:31] production.INFO: Cron Schedule Output: 
  2026-10-02 17:48:31 Running [queue:emails] .................................. 9.36ms DONE

  
[2026-10-02 17:48:34] production.WARNING: Long session operation detected: 3.4115209579468s for session DEZtkItHYGtZy53kkWkU4ASxf3mfWIk6L37KvzP2  
[2026-10-02 17:51:56] production.INFO: Cron Schedule Output: 
  2026-10-02 17:51:56 Running [queue:emails] .................................. 8.97ms DONE

  
[2026-10-02 17:53:15] production.INFO: Cron Schedule Output: 
  2026-10-02 17:53:15 Running [queue:emails] ................................. 13.20ms DONE

  
[2026-10-02 17:56:33] production.INFO: Cron Schedule Output: 
  2026-10-02 17:56:33 Running [queue:emails] ................................. 15.02ms DONE

  
[2026-10-02 17:56:35] production.WARNING: Could not connect to news server.  
[2026-10-02 17:56:35] production.WARNING: GuzzleHttp\Exception\ConnectException: cURL error 28: Connection timed out after 2001 milliseconds (see https://curl.haxx.se/libcurl/c/libcurl-errors.html) for https://leantime.io/category/leantime-updates/feature-updates/feed/ in C:\laragon\www\dentvira\public\leantime\vendor\guzzlehttp\guzzle\src\Handler\CurlFactory.php:360
Stack trace:
#0 C:\laragon\www\dentvira\public\leantime\vendor\guzzlehttp\guzzle\src\Handler\CurlFactory.php(290): GuzzleHttp\Handler\CurlFactory::createRejection(Object(GuzzleHttp\Handler\EasyHandle), Array)
#1 C:\laragon\www\dentvira\public\leantime\vendor\guzzlehttp\guzzle\src\Handler\CurlFactory.php(242): GuzzleHttp\Handler\CurlFactory::finishError(Object(GuzzleHttp\Handler\CurlHandler), Object(GuzzleHttp\Handler\EasyHandle), Object(GuzzleHttp\Handler\CurlFactory))
#2 C:\laragon\www\dentvira\public\leantime\vendor\guzzlehttp\guzzle\src\Handler\CurlHandler.php(47): GuzzleHttp\Handler\CurlFactory::finish(Object(GuzzleHttp\Handler\CurlHandler), Object(GuzzleHttp\Handler\EasyHandle), Object(GuzzleHttp\Handler\CurlFactory))
#3 C:\laragon\www\dentvira\public\leantime\vendor\guzzlehttp\guzzle\src\Handler\Proxy.php(28): GuzzleHttp\Handler\CurlHandler->__invoke(Object(GuzzleHttp\Psr7\Request), Array)
#4 C:\laragon\www\dentvira\public\leantime\vendor\guzzlehttp\guzzle\src\Handler\Proxy.php(48): GuzzleHttp\Handler\Proxy::{closure:GuzzleHttp\Handler\Proxy::wrapSync():27}(Object(GuzzleHttp\Psr7\Request), Array)
#5 C:\laragon\www\dentvira\public\leantime\vendor\guzzlehttp\guzzle\src\PrepareBodyMiddleware.php(35): GuzzleHttp\Handler\Proxy::{closure:GuzzleHttp\Handler\Proxy::wrapStreaming():47}(Object(GuzzleHttp\Psr7\Request), Array)
#6 C:\laragon\www\dentvira\public\leantime\vendor\guzzlehttp\guzzle\src\Middleware.php(31): GuzzleHttp\PrepareBodyMiddleware->__invoke(Object(GuzzleHttp\Psr7\Request), Array)
#7 C:\laragon\www\dentvira\public\leantime\vendor\guzzlehttp\guzzle\src\RedirectMiddleware.php(71): GuzzleHttp\Middleware::{closure:{closure:GuzzleHttp\Middleware::cookies():28}:29}(Object(GuzzleHttp\Psr7\Request), Array)
#8 C:\laragon\www\dentvira\public\leantime\vendor\guzzlehttp\guzzle\src\Middleware.php(66): GuzzleHttp\RedirectMiddleware->__invoke(Object(GuzzleHttp\Psr7\Request), Array)
#9 C:\laragon\www\dentvira\public\leantime\vendor\guzzlehttp\guzzle\src\HandlerStack.php(75): GuzzleHttp\Middleware::{closure:{closure:GuzzleHttp\Middleware::httpErrors():60}:61}(Object(GuzzleHttp\Psr7\Request), Array)
#10 C:\laragon\www\dentvira\public\leantime\vendor\guzzlehttp\guzzle\src\Client.php(342): GuzzleHttp\HandlerStack->__invoke(Object(GuzzleHttp\Psr7\Request), Array)
#11 C:\laragon\www\dentvira\public\leantime\vendor\guzzlehttp\guzzle\src\Client.php(173): GuzzleHttp\Client->transfer(Object(GuzzleHttp\Psr7\Request), Array)
#12 C:\laragon\www\dentvira\public\leantime\vendor\guzzlehttp\guzzle\src\Client.php(193): GuzzleHttp\Client->requestAsync('GET', Object(GuzzleHttp\Psr7\Uri), Array)
#13 C:\laragon\www\dentvira\public\leantime\app\Domain\Notifications\Services\News.php(95): GuzzleHttp\Client->request('GET', 'https://leantim...', Array)
#14 C:\laragon\www\dentvira\public\leantime\app\Domain\Notifications\Services\News.php(58): Leantime\Domain\Notifications\Services\News->getFeed()
#15 C:\laragon\www\dentvira\public\leantime\app\Domain\Notifications\Hxcontrollers\NewsBadge.php(37): Leantime\Domain\Notifications\Services\News->hasNews(1)
#16 C:\laragon\www\dentvira\public\leantime\app\Core\Controller\HtmxController.php(133): Leantime\Domain\Notifications\Hxcontrollers\NewsBadge->get(Array)
#17 C:\laragon\www\dentvira\public\leantime\app\Core\Controller\Frontcontroller.php(172): Leantime\Core\Controller\HtmxController->callAction('get', Array)
#18 C:\laragon\www\dentvira\public\leantime\app\Core\Controller\Frontcontroller.php(65): Leantime\Core\Controller\Frontcontroller->executeAction('Leantime\\Domain...', 'get')
#19 C:\laragon\www\dentvira\public\leantime\app\Core\Controller\Frontcontroller.php(75): Leantime\Core\Controller\Frontcontroller->dispatch(Object(Leantime\Core\Http\HtmxRequest))
#20 C:\laragon\www\dentvira\public\leantime\app\Core\Http\HttpKernel.php(216): Leantime\Core\Controller\Frontcontroller::dispatch_request(Object(Leantime\Core\Http\HtmxRequest))
#21 C:\laragon\www\dentvira\public\leantime\app\Core\Http\HttpKernel.php(173): Leantime\Core\Http\HttpKernel->findAndDispatchToRouter(Object(Leantime\Core\Http\HtmxRequest))
#22 C:\laragon\www\dentvira\public\leantime\vendor\laravel\framework\src\Illuminate\Pipeline\Pipeline.php(170): Leantime\Core\Http\HttpKernel->{closure:{closure:Leantime\Core\Http\HttpKernel::sendRequestThroughRouter():164}:173}(Object(Leantime\Core\Http\HtmxRequest))
#23 C:\laragon\www\dentvira\public\leantime\vendor\laravel\framework\src\Illuminate\Pipeline\Pipeline.php(127): Illuminate\Pipeline\Pipeline->{closure:Illuminate\Pipeline\Pipeline::prepareDestination():168}(Object(Leantime\Core\Http\HtmxRequest))
#24 C:\laragon\www\dentvira\public\leantime\app\Core\Http\HttpKernel.php(173): Illuminate\Pipeline\Pipeline->then(Object(Closure))
#25 C:\laragon\www\dentvira\public\leantime\vendor\laravel\framework\src\Illuminate\Pipeline\Pipeline.php(170): Leantime\Core\Http\HttpKernel->{closure:Leantime\Core\Http\HttpKernel::sendRequestThroughRouter():164}(Object(Leantime\Core\Http\HtmxRequest))
#26 C:\laragon\www\dentvira\public\leantime\app\Domain\Projects\Middleware\CurrentProject.php(41): Illuminate\Pipeline\Pipeline->{closure:Illuminate\Pipeline\Pipeline::prepareDestination():168}(Object(Leantime\Core\Http\HtmxRequest))
#27 C:\laragon\www\dentvira\public\leantime\vendor\laravel\framework\src\Illuminate\Pipeline\Pipeline.php(209): Leantime\Domain\Projects\Middleware\CurrentProject->handle(Object(Leantime\Core\Http\HtmxRequest), Object(Closure))
#28 C:\laragon\www\dentvira\public\leantime\app\Core\Middleware\Localization.php(46): Illuminate\Pipeline\Pipeline->{closure:{closure:Illuminate\Pipeline\Pipeline::carry():184}:185}(Object(Leantime\Core\Http\HtmxRequest))
#29 C:\laragon\www\dentvira\public\leantime\vendor\laravel\framework\src\Illuminate\Pipeline\Pipeline.php(209): Leantime\Core\Middleware\Localization->handle(Object(Leantime\Core\Http\HtmxRequest), Object(Closure))
#30 C:\laragon\www\dentvira\public\leantime\app\Core\Middleware\SetCacheHeaders.php(49): Illuminate\Pipeline\Pipeline->{closure:{closure:Illuminate\Pipeline\Pipeline::carry():184}:185}(Object(Leantime\Core\Http\HtmxRequest))
#31 C:\laragon\www\dentvira\public\leantime\vendor\laravel\framework\src\Illuminate\Pipeline\Pipeline.php(209): Leantime\Core\Middleware\SetCacheHeaders->handle(Object(Leantime\Core\Http\HtmxRequest), Object(Closure))
#32 C:\laragon\www\dentvira\public\leantime\vendor\laravel\framework\src\Illuminate\Foundation\Http\Middleware\TransformsRequest.php(21): Illuminate\Pipeline\Pipeline->{closure:{closure:Illuminate\Pipeline\Pipeline::carry():184}:185}(Object(Leantime\Core\Http\HtmxRequest))
#33 C:\laragon\www\dentvira\public\leantime\vendor\laravel\framework\src\Illuminate\Foundation\Http\Middleware\ConvertEmptyStringsToNull.php(31): Illuminate\Foundation\Http\Middleware\TransformsRequest->handle(Object(Leantime\Core\Http\HtmxRequest), Object(Closure))
#34 C:\laragon\www\dentvira\public\leantime\vendor\laravel\framework\src\Illuminate\Pipeline\Pipeline.php(209): Illuminate\Foundation\Http\Middleware\ConvertEmptyStringsToNull->handle(Object(Leantime\Core\Http\HtmxRequest), Object(Closure))
#35 C:\laragon\www\dentvira\public\leantime\vendor\laravel\framework\src\Illuminate\Foundation\Http\Middleware\TransformsRequest.php(21): Illuminate\Pipeline\Pipeline->{closure:{closure:Illuminate\Pipeline\Pipeline::carry():184}:185}(Object(Leantime\Core\Http\HtmxRequest))
#36 C:\laragon\www\dentvira\public\leantime\vendor\laravel\framework\src\Illuminate\Foundation\Http\Middleware\TrimStrings.php(51): Illuminate\Foundation\Http\Middleware\TransformsRequest->handle(Object(Leantime\Core\Http\HtmxRequest), Object(Closure))
#37 C:\laragon\www\dentvira\public\leantime\vendor\laravel\framework\src\Illuminate\Pipeline\Pipeline.php(209): Illuminate\Foundation\Http\Middleware\TrimStrings->handle(Object(Leantime\Core\Http\HtmxRequest), Object(Closure))
#38 C:\laragon\www\dentvira\public\leantime\vendor\laravel\framework\src\Illuminate\Http\Middleware\ValidatePostSize.php(27): Illuminate\Pipeline\Pipeline->{closure:{closure:Illuminate\Pipeline\Pipeline::carry():184}:185}(Object(Leantime\Core\Http\HtmxRequest))
#39 C:\laragon\www\dentvira\public\leantime\vendor\laravel\framework\src\Illuminate\Pipeline\Pipeline.php(209): Illuminate\Http\Middleware\ValidatePostSize->handle(Object(Leantime\Core\Http\HtmxRequest), Object(Closure))
#40 C:\laragon\www\dentvira\public\leantime\vendor\laravel\framework\src\Illuminate\Http\Middleware\HandleCors.php(49): Illuminate\Pipeline\Pipeline->{closure:{closure:Illuminate\Pipeline\Pipeline::carry():184}:185}(Object(Leantime\Core\Http\HtmxRequest))
#41 C:\laragon\www\dentvira\public\leantime\vendor\laravel\framework\src\Illuminate\Pipeline\Pipeline.php(209): Illuminate\Http\Middleware\HandleCors->handle(Object(Leantime\Core\Http\HtmxRequest), Object(Closure))
#42 C:\laragon\www\dentvira\public\leantime\app\Core\Middleware\RequestRateLimiter.php(75): Illuminate\Pipeline\Pipeline->{closure:{closure:Illuminate\Pipeline\Pipeline::carry():184}:185}(Object(Leantime\Core\Http\HtmxRequest))
#43 C:\laragon\www\dentvira\public\leantime\vendor\laravel\framework\src\Illuminate\Pipeline\Pipeline.php(209): Leantime\Core\Middleware\RequestRateLimiter->handle(Object(Leantime\Core\Http\HtmxRequest), Object(Closure))
#44 C:\laragon\www\dentvira\public\leantime\app\Core\Middleware\AuthenticateSession.php(34): Illuminate\Pipeline\Pipeline->{closure:{closure:Illuminate\Pipeline\Pipeline::carry():184}:185}(Object(Leantime\Core\Http\HtmxRequest))
#45 C:\laragon\www\dentvira\public\leantime\vendor\laravel\framework\src\Illuminate\Pipeline\Pipeline.php(209): Leantime\Core\Middleware\AuthenticateSession->handle(Object(Leantime\Core\Http\HtmxRequest), Object(Closure))
#46 C:\laragon\www\dentvira\public\leantime\app\Core\Middleware\AuthCheck.php(90): Illuminate\Pipeline\Pipeline->{closure:{closure:Illuminate\Pipeline\Pipeline::carry():184}:185}(Object(Leantime\Core\Http\HtmxRequest))
#47 C:\laragon\www\dentvira\public\leantime\vendor\laravel\framework\src\Illuminate\Pipeline\Pipeline.php(209): Leantime\Core\Middleware\AuthCheck->handle(Object(Leantime\Core\Http\HtmxRequest), Object(Closure))
#48 C:\laragon\www\dentvira\public\leantime\app\Core\Middleware\InitialHeaders.php(24): Illuminate\Pipeline\Pipeline->{closure:{closure:Illuminate\Pipeline\Pipeline::carry():184}:185}(Object(Leantime\Core\Http\HtmxRequest))
#49 C:\laragon\www\dentvira\public\leantime\vendor\laravel\framework\src\Illuminate\Pipeline\Pipeline.php(209): Leantime\Core\Middleware\InitialHeaders->handle(Object(Leantime\Core\Http\HtmxRequest), Object(Closure))
#50 C:\laragon\www\dentvira\public\leantime\app\Core\Middleware\LoadPlugins.php(32): Illuminate\Pipeline\Pipeline->{closure:{closure:Illuminate\Pipeline\Pipeline::carry():184}:185}(Object(Leantime\Core\Http\HtmxRequest))
#51 C:\laragon\www\dentvira\public\leantime\vendor\laravel\framework\src\Illuminate\Pipeline\Pipeline.php(209): Leantime\Core\Middleware\LoadPlugins->handle(Object(Leantime\Core\Http\HtmxRequest), Object(Closure))
#52 C:\laragon\www\dentvira\public\leantime\app\Core\Middleware\Updated.php(28): Illuminate\Pipeline\Pipeline->{closure:{closure:Illuminate\Pipeline\Pipeline::carry():184}:185}(Object(Leantime\Core\Http\HtmxRequest))
#53 C:\laragon\www\dentvira\public\leantime\vendor\laravel\framework\src\Illuminate\Pipeline\Pipeline.php(209): Leantime\Core\Middleware\Updated->handle(Object(Leantime\Core\Http\HtmxRequest), Object(Closure))
#54 C:\laragon\www\dentvira\public\leantime\app\Core\Middleware\Installed.php(30): Illuminate\Pipeline\Pipeline->{closure:{closure:Illuminate\Pipeline\Pipeline::carry():184}:185}(Object(Leantime\Core\Http\HtmxRequest))
#55 C:\laragon\www\dentvira\public\leantime\vendor\laravel\framework\src\Illuminate\Pipeline\Pipeline.php(209): Leantime\Core\Middleware\Installed->handle(Object(Leantime\Core\Http\HtmxRequest), Object(Closure))
#56 C:\laragon\www\dentvira\public\leantime\app\Core\Middleware\StartSession.php(134): Illuminate\Pipeline\Pipeline->{closure:{closure:Illuminate\Pipeline\Pipeline::carry():184}:185}(Object(Leantime\Core\Http\HtmxRequest))
#57 C:\laragon\www\dentvira\public\leantime\app\Core\Middleware\StartSession.php(83): Leantime\Core\Middleware\StartSession->handleOptimisticRequest(Object(Leantime\Core\Http\HtmxRequest), Object(Illuminate\Session\Store), Object(Closure))
#58 C:\laragon\www\dentvira\public\leantime\vendor\laravel\framework\src\Illuminate\Pipeline\Pipeline.php(209): Leantime\Core\Middleware\StartSession->handle(Object(Leantime\Core\Http\HtmxRequest), Object(Closure))
#59 C:\laragon\www\dentvira\public\leantime\app\Core\Middleware\TrustProxies.php(65): Illuminate\Pipeline\Pipeline->{closure:{closure:Illuminate\Pipeline\Pipeline::carry():184}:185}(Object(Leantime\Core\Http\HtmxRequest))
#60 C:\laragon\www\dentvira\public\leantime\vendor\laravel\framework\src\Illuminate\Pipeline\Pipeline.php(209): Leantime\Core\Middleware\TrustProxies->handle(Object(Leantime\Core\Http\HtmxRequest), Object(Closure))
#61 C:\laragon\www\dentvira\public\leantime\vendor\laravel\framework\src\Illuminate\Pipeline\Pipeline.php(127): Illuminate\Pipeline\Pipeline->{closure:{closure:Illuminate\Pipeline\Pipeline::carry():184}:185}(Object(Leantime\Core\Http\HtmxRequest))
#62 C:\laragon\www\dentvira\public\leantime\app\Core\Http\HttpKernel.php(164): Illuminate\Pipeline\Pipeline->then(Object(Closure))
#63 C:\laragon\www\dentvira\public\leantime\app\Core\Http\HttpKernel.php(121): Leantime\Core\Http\HttpKernel->sendRequestThroughRouter(Object(Leantime\Core\Http\HtmxRequest))
#64 C:\laragon\www\dentvira\public\leantime\app\Core\Bootloader.php(79): Leantime\Core\Http\HttpKernel->handle(Object(Leantime\Core\Http\HtmxRequest))
#65 C:\laragon\www\dentvira\public\leantime\app\Core\Bootloader.php(60): Leantime\Core\Bootloader->handleRequest(Object(Leantime\Core\Http\HtmxRequest))
#66 C:\laragon\www\dentvira\public\leantime\public\index.php(20): Leantime\Core\Bootloader->boot(Object(Leantime\Core\Application))
#67 {main}  
[2026-10-02 17:56:37] production.INFO: Cron Schedule Output: 
  2026-10-02 17:56:37 Running [queue:emails] ................................. 11.07ms DONE

  
[2026-10-02 17:59:46] production.INFO: Cron Schedule Output: 
  2026-10-02 17:59:46 Running [queue:emails] ................................. 10.77ms DONE

  
[2026-10-02 17:59:48] production.INFO: Cron Schedule Output: 
  2026-10-02 17:59:48 Running [queue:emails] .................................. 9.59ms DONE

  
[2026-10-02 17:59:57] production.INFO: Cron Schedule Output: 
  2026-10-02 17:59:57 Running [queue:emails] ................................. 14.10ms DONE

  
[2026-10-02 17:59:58] production.INFO: Cron Schedule Output: 
  2026-10-02 17:59:58 Running [queue:emails] ................................. 10.78ms DONE

  
[2026-10-02 18:01:03] production.INFO: Cron Schedule Output: 
  2026-10-02 18:01:03 Running [queue:emails] ................................. 10.85ms DONE

  
[2026-10-02 18:01:07] production.INFO: Cron Schedule Output: 
  2026-10-02 18:01:07 Running [queue:emails] ................................. 10.29ms DONE

  
[2026-10-02 18:06:08] production.INFO: Cron Schedule Output: 
  2026-10-02 18:06:08 Running [queue:emails] ................................. 10.62ms DONE

  
[2026-10-02 18:11:08] production.INFO: Cron Schedule Output: 
  2026-10-02 18:11:08 Running [queue:emails] ................................. 10.47ms DONE

  
[2026-10-02 18:11:55] production.INFO: Cron Schedule Output: 
  2026-10-02 18:11:55 Running [queue:emails] ................................. 13.24ms DONE

  
[2026-10-02 18:12:33] production.INFO: Cron Schedule Output: 
  2026-10-02 18:12:33 Running [queue:emails] ................................. 13.81ms DONE

  
[2026-10-02 18:12:42] production.INFO: Cron Schedule Output: 
  2026-10-02 18:12:42 Running [queue:emails] ................................. 18.63ms DONE

  
[2026-10-02 18:12:55] production.INFO: Cron Schedule Output: 
  2026-10-02 18:12:55 Running [queue:emails] ................................. 11.05ms DONE

  
[2026-10-02 18:13:05] production.INFO: Cron Schedule Output: 
  2026-10-02 18:13:05 Running [queue:emails] ................................. 12.81ms DONE

  
[2026-10-02 18:17:12] production.INFO: Cron Schedule Output: 
  2026-10-02 18:17:12 Running [queue:emails] ................................. 11.17ms DONE

  
[2026-10-02 18:17:17] production.INFO: Cron Schedule Output: 
  2026-10-02 18:17:17 Running [queue:emails] ................................. 11.54ms DONE

  
[2026-10-02 18:17:44] production.INFO: Cron Schedule Output: 
  2026-10-02 18:17:44 Running [queue:emails] ................................. 10.34ms DONE

  
[2026-10-02 18:21:56] production.INFO: Cron Schedule Output: 
  2026-10-02 18:21:56 Running [queue:emails] ................................. 13.10ms DONE

  
[2026-10-02 18:21:57] production.INFO: Cron Schedule Output: 
  2026-10-02 18:21:57 Running [queue:emails] ................................. 10.17ms DONE

  
[2026-10-02 18:22:02] production.INFO: Cron Schedule Output: 
  2026-10-02 18:22:02 Running [queue:emails] ................................. 10.73ms DONE

  
[2026-10-02 18:26:15] production.INFO: Cron Schedule Output: 
  2026-10-02 18:26:15 Running [queue:emails] ................................. 21.16ms DONE

  
[2026-10-02 18:26:23] production.INFO: Cron Schedule Output: 
  2026-10-02 18:26:23 Running [queue:emails] ................................. 11.83ms DONE

  
[2026-10-02 18:26:25] production.INFO: Cron Schedule Output: 
  2026-10-02 18:26:25 Running [queue:emails] .................................. 9.61ms DONE

  
[2026-10-02 18:26:36] production.INFO: Cron Schedule Output: 
  2026-10-02 18:26:36 Running [queue:emails] ................................. 11.79ms DONE

  
[2026-10-02 18:26:40] production.INFO: Cron Schedule Output: 
  2026-10-02 18:26:40 Running [queue:emails] ................................. 10.83ms DONE

  
[2026-10-02 18:26:44] production.INFO: Cron Schedule Output: 
  2026-10-02 18:26:44 Running [queue:emails] ................................. 11.86ms DONE

  
[2026-10-02 18:26:58] production.INFO: Cron Schedule Output: 
  2026-10-02 18:26:58 Running [queue:emails] .................................. 9.97ms DONE

  
[2026-10-02 18:27:03] production.INFO: Cron Schedule Output: 
  2026-10-02 18:27:03 Running [queue:emails] .................................. 9.74ms DONE

  
[2026-10-02 18:27:20] production.INFO: Cron Schedule Output: 
  2026-10-02 18:27:20 Running [queue:emails] ................................. 13.13ms DONE

  
[2026-10-02 18:27:36] production.INFO: Cron Schedule Output: 
  2026-10-02 18:27:36 Running [queue:emails] ................................. 11.27ms DONE

  
[2026-10-02 18:27:59] production.INFO: Cron Schedule Output: 
  2026-10-02 18:27:59 Running [queue:emails] ................................. 12.29ms DONE

  
[2026-10-02 18:28:35] production.INFO: Cron Schedule Output: 
  2026-10-02 18:28:35 Running [queue:emails] ................................. 10.15ms DONE

  
[2026-10-02 18:28:41] production.INFO: Cron Schedule Output: 
  2026-10-02 18:28:41 Running [queue:emails] ................................. 20.51ms DONE

  
[2026-10-02 18:29:16] production.INFO: Cron Schedule Output: 
  2026-10-02 18:29:16 Running [queue:emails] .................................. 9.28ms DONE

  
[2026-10-02 18:29:21] production.INFO: Cron Schedule Output: 
  2026-10-02 18:29:21 Running [queue:emails] .................................. 9.53ms DONE

  
[2026-10-02 18:29:24] production.INFO: Cron Schedule Output: 
  2026-10-02 18:29:24 Running [queue:emails] ................................. 10.62ms DONE

  
[2026-10-02 18:29:32] production.INFO: Cron Schedule Output: 
  2026-10-02 18:29:32 Running [queue:emails] ................................. 10.21ms DONE

  
[2026-10-02 18:29:42] production.INFO: Cron Schedule Output: 
  2026-10-02 18:29:42 Running [queue:emails] .................................. 9.27ms DONE

  
[2026-10-02 18:29:44] production.INFO: Cron Schedule Output: 
  2026-10-02 18:29:44 Running [queue:emails] .................................. 9.43ms DONE

  
[2026-10-02 18:29:50] production.INFO: Cron Schedule Output: 
  2026-10-02 18:29:50 Running [queue:emails] ................................. 11.73ms DONE

  
[2026-10-02 18:29:55] production.INFO: Cron Schedule Output: 
  2026-10-02 18:29:55 Running [queue:emails] .................................. 8.74ms DONE

  
[2026-10-02 18:29:59] production.INFO: Cron Schedule Output: 
  2026-10-02 18:29:59 Running [queue:emails] ................................. 10.52ms DONE

  
[2026-10-02 18:30:05] production.INFO: Cron Schedule Output: 
  2026-10-02 18:30:05 Running [queue:emails] ................................. 10.22ms DONE
  2026-10-02 18:30:05 Running [queue:httprequests] ............................ 0.94ms DONE
  2026-10-02 18:30:05 Running [queue:default] ................................. 0.68ms DONE

  
[2026-10-02 18:33:04] production.INFO: Cron Schedule Output: 
  2026-10-02 18:33:04 Running [queue:emails] ................................. 10.72ms DONE

  
[2026-10-02 18:33:12] production.INFO: Cron Schedule Output: 
  2026-10-02 18:33:12 Running [queue:emails] ................................. 10.93ms DONE

  
[2026-10-02 18:33:21] production.INFO: Cron Schedule Output: 
  2026-10-02 18:33:21 Running [queue:emails] ................................. 10.54ms DONE

  
[2026-10-02 18:36:44] production.INFO: Cron Schedule Output: 
  2026-10-02 18:36:44 Running [queue:emails] .................................. 9.28ms DONE

  
[2026-10-02 18:37:09] production.WARNING: Long session operation detected: 3.6830561161041s for session DEZtkItHYGtZy53kkWkU4ASxf3mfWIk6L37KvzP2  
[2026-10-02 18:37:34] production.INFO: Cron Schedule Output: 
  2026-10-02 18:37:34 Running [queue:emails] ................................. 11.66ms DONE

  
[2026-10-02 18:38:05] production.INFO: Cron Schedule Output: 
  2026-10-02 18:38:05 Running [queue:emails] ................................. 10.55ms DONE

  
[2026-10-02 18:38:30] production.INFO: Cron Schedule Output: 
  2026-10-02 18:38:30 Running [queue:emails] ................................. 11.68ms DONE

  
[2026-10-02 18:43:05] production.INFO: Cron Schedule Output: 
  2026-10-02 18:43:05 Running [queue:emails] ................................. 10.23ms DONE

  
[2026-10-02 18:43:31] production.INFO: Cron Schedule Output: 
  2026-10-02 18:43:31 Running [queue:emails] .................................. 8.29ms DONE

  
[2026-10-02 18:48:31] production.INFO: Cron Schedule Output: 
  2026-10-02 18:48:31 Running [queue:emails] ................................. 13.05ms DONE

  
[2026-10-02 18:51:09] production.INFO: Cron Schedule Output: 
  2026-10-02 18:51:09 Running [queue:emails] ................................. 12.42ms DONE

  
[2026-10-02 18:51:18] production.INFO: Cron Schedule Output: 
  2026-10-02 18:51:18 Running [queue:emails] ................................. 22.11ms DONE

  
[2026-10-02 18:51:23] production.INFO: Cron Schedule Output: 
  2026-10-02 18:51:23 Running [queue:emails] ................................. 13.03ms DONE

  
[2026-10-02 18:51:42] production.INFO: Cron Schedule Output: 
  2026-10-02 18:51:42 Running [queue:emails] ................................. 11.09ms DONE

  
[2026-10-02 18:51:52] production.INFO: Cron Schedule Output: 
  2026-10-02 18:51:52 Running [queue:emails] ................................. 10.72ms DONE

  
[2026-10-02 18:52:07] production.INFO: Cron Schedule Output: 
  2026-10-02 18:52:07 Running [queue:emails] .................................. 9.45ms DONE

  
[2026-10-02 18:52:09] production.INFO: Cron Schedule Output: 
  2026-10-02 18:52:09 Running [queue:emails] ................................. 10.60ms DONE

  
[2026-10-02 18:52:15] production.INFO: Cron Schedule Output: 
  2026-10-02 18:52:15 Running [queue:emails] ................................. 10.42ms DONE

  
[2026-10-02 18:52:19] production.INFO: Cron Schedule Output: 
  2026-10-02 18:52:19 Running [queue:emails] ................................. 10.25ms DONE

  
[2026-10-02 18:52:22] production.INFO: Cron Schedule Output: 
  2026-10-02 18:52:22 Running [queue:emails] ................................. 10.52ms DONE

  
[2026-10-02 18:52:26] production.INFO: Cron Schedule Output: 
  2026-10-02 18:52:26 Running [queue:emails] ................................. 10.16ms DONE

  
[2026-10-02 18:52:30] production.INFO: Cron Schedule Output: 
  2026-10-02 18:52:30 Running [queue:emails] ................................. 12.66ms DONE

  
[2026-10-02 18:52:50] production.INFO: Cron Schedule Output: 
  2026-10-02 18:52:50 Running [queue:emails] .................................. 9.55ms DONE

  
[2026-10-02 18:54:35] production.INFO: Cron Schedule Output: 
  2026-10-02 18:54:35 Running [queue:emails] ................................. 12.27ms DONE

  
[2026-10-02 18:54:44] production.INFO: Cron Schedule Output: 
  2026-10-02 18:54:44 Running [queue:emails] ................................. 10.85ms DONE

  
[2026-10-02 18:54:49] production.INFO: Cron Schedule Output: 
  2026-10-02 18:54:49 Running [queue:emails] ................................. 17.61ms DONE

  
[2026-10-02 18:55:00] production.INFO: Cron Schedule Output: 
  2026-10-02 18:55:00 Running [queue:emails] .................................. 9.30ms DONE
  2026-10-02 18:55:00 Running [queue:httprequests] ............................ 0.80ms DONE
  2026-10-02 18:55:00 Running [queue:default] ................................. 1.75ms DONE

  
[2026-10-02 18:56:43] production.INFO: Cron Schedule Output: 
  2026-10-02 18:56:43 Running [queue:emails] ................................. 14.28ms DONE

  
[2026-10-02 18:58:17] production.INFO: Cron Schedule Output: 
  2026-10-02 18:58:17 Running [queue:emails] ................................. 12.65ms DONE

  
[2026-10-02 19:01:24] production.INFO: Cron Schedule Output: 
  2026-10-02 19:01:24 Running [queue:emails] .................................. 9.39ms DONE

  
[2026-10-02 19:06:25] production.INFO: Cron Schedule Output: 
  2026-10-02 19:06:25 Running [queue:emails] ................................. 11.52ms DONE

  
[2026-10-02 19:07:46] production.INFO: Cron Schedule Output: 
  2026-10-02 19:07:46 Running [queue:emails] ................................. 10.78ms DONE

  
[2026-10-02 19:07:58] production.INFO: Cron Schedule Output: 
  2026-10-02 19:07:58 Running [queue:emails] ................................. 15.48ms DONE

  
[2026-10-02 19:08:07] production.INFO: Cron Schedule Output: 
  2026-10-02 19:08:07 Running [queue:emails] ................................. 10.43ms DONE

  
[2026-10-02 19:08:09] production.INFO: Cron Schedule Output: 
  2026-10-02 19:08:09 Running [queue:emails] .................................. 9.35ms DONE

  
[2026-10-02 19:08:12] production.WARNING: Long session operation detected: 3.3785669803619s for session DEZtkItHYGtZy53kkWkU4ASxf3mfWIk6L37KvzP2  
[2026-10-02 19:08:16] production.INFO: Cron Schedule Output: 
  2026-10-02 19:08:16 Running [queue:emails] ................................. 10.69ms DONE

  
[2026-10-02 19:08:26] production.INFO: Cron Schedule Output: 
  2026-10-02 19:08:26 Running [queue:emails] .................................. 9.44ms DONE

  
[2026-10-02 19:08:30] production.INFO: Cron Schedule Output: 
  2026-10-02 19:08:30 Running [queue:emails] ................................. 10.52ms DONE

  
[2026-10-02 19:08:35] production.INFO: Cron Schedule Output: 
  2026-10-02 19:08:35 Running [queue:emails] ................................. 10.07ms DONE

  
[2026-10-02 19:08:38] production.INFO: Cron Schedule Output: 
  2026-10-02 19:08:38 Running [queue:emails] ................................. 10.42ms DONE

  
[2026-10-02 19:08:42] production.INFO: Cron Schedule Output: 
  2026-10-02 19:08:42 Running [queue:emails] .................................. 9.62ms DONE

  
[2026-10-02 19:08:45] production.INFO: Cron Schedule Output: 
  2026-10-02 19:08:45 Running [queue:emails] ................................. 11.61ms DONE

  
[2026-10-02 19:08:48] production.INFO: Cron Schedule Output: 
  2026-10-02 19:08:48 Running [queue:emails] ................................. 10.51ms DONE

  
[2026-10-02 19:08:52] production.INFO: Cron Schedule Output: 
  2026-10-02 19:08:52 Running [queue:emails] .................................. 9.67ms DONE

  
[2026-10-02 19:09:05] production.INFO: Cron Schedule Output: 
  2026-10-02 19:09:05 Running [queue:emails] ................................. 11.50ms DONE

  
[2026-10-02 19:09:17] production.INFO: Cron Schedule Output: 
  2026-10-02 19:09:17 Running [queue:emails] ................................. 10.66ms DONE

  
[2026-10-02 19:09:42] production.INFO: Cron Schedule Output: 
  2026-10-02 19:09:42 Running [queue:emails] .................................. 9.54ms DONE

  
[2026-10-02 19:09:57] production.INFO: Cron Schedule Output: 
  2026-10-02 19:09:57 Running [queue:emails] ................................. 10.60ms DONE

  
[2026-10-02 19:10:06] production.INFO: Cron Schedule Output: 
  2026-10-02 19:10:06 Running [queue:emails] .................................. 8.14ms DONE
  2026-10-02 19:10:06 Running [queue:httprequests] ............................ 0.87ms DONE
  2026-10-02 19:10:06 Running [queue:default] ................................. 0.73ms DONE

  
[2026-10-02 19:10:11] production.INFO: Cron Schedule Output: 
  2026-10-02 19:10:11 Running [queue:emails] ................................. 11.78ms DONE
  2026-10-02 19:10:11 Running [queue:httprequests] ............................ 0.96ms DONE
  2026-10-02 19:10:11 Running [queue:default] ................................. 0.67ms DONE

  
[2026-10-02 19:10:42] production.INFO: Cron Schedule Output: 
  2026-10-02 19:10:42 Running [queue:emails] .................................. 9.10ms DONE
  2026-10-02 19:10:42 Running [queue:httprequests] ............................ 0.83ms DONE
  2026-10-02 19:10:42 Running [queue:default] ................................. 0.72ms DONE

  
[2026-10-02 19:11:24] production.INFO: Cron Schedule Output: 
  2026-10-02 19:11:24 Running [queue:emails] ................................. 11.08ms DONE

  
[2026-10-02 19:11:42] production.INFO: Cron Schedule Output: 
  2026-10-02 19:11:42 Running [queue:emails] ................................. 12.99ms DONE

  
[2026-10-02 19:11:51] production.INFO: Cron Schedule Output: 
  2026-10-02 19:11:51 Running [queue:emails] ................................. 13.14ms DONE

  
[2026-10-02 19:12:04] production.INFO: Cron Schedule Output: 
  2026-10-02 19:12:04 Running [queue:emails] ................................. 11.52ms DONE

  
[2026-10-02 19:12:11] production.INFO: Cron Schedule Output: 
  2026-10-02 19:12:11 Running [queue:emails] ................................. 11.84ms DONE

  
[2026-10-02 19:12:14] production.INFO: Cron Schedule Output: 
  2026-10-02 19:12:14 Running [queue:emails] .................................. 9.43ms DONE

  
[2026-10-02 19:12:43] production.INFO: Cron Schedule Output: 
  2026-10-02 19:12:43 Running [queue:emails] ................................. 11.68ms DONE

  
[2026-10-02 19:12:46] production.INFO: Cron Schedule Output: 
  2026-10-02 19:12:46 Running [queue:emails] ................................. 11.14ms DONE

  
[2026-10-02 19:13:58] production.INFO: Cron Schedule Output: 
  2026-10-02 19:13:58 Running [queue:emails] .................................. 9.72ms DONE

  
[2026-10-02 19:15:07] production.INFO: Cron Schedule Output: 
  2026-10-02 19:15:06 Running [queue:emails] .................................. 8.90ms DONE
  2026-10-02 19:15:06 Running [queue:httprequests] ............................ 0.93ms DONE
  2026-10-02 19:15:07 Running [queue:default] ................................. 0.76ms DONE

  
[2026-10-02 19:16:04] production.INFO: Cron Schedule Output: 
  2026-10-02 19:16:04 Running [queue:emails] ................................. 12.37ms DONE

  
[2026-10-02 19:16:14] production.INFO: Cron Schedule Output: 
  2026-10-02 19:16:14 Running [queue:emails] ................................. 10.16ms DONE

  
[2026-10-02 19:16:24] production.INFO: Cron Schedule Output: 
  2026-10-02 19:16:24 Running [queue:emails] ................................. 10.88ms DONE

  
[2026-10-02 19:16:25] production.WARNING: Could not connect to news server.  
[2026-10-02 19:16:25] production.WARNING: GuzzleHttp\Exception\ConnectException: cURL error 28: Connection timed out after 2012 milliseconds (see https://curl.haxx.se/libcurl/c/libcurl-errors.html) for https://leantime.io/category/leantime-updates/feature-updates/feed/ in C:\laragon\www\dentvira\public\leantime\vendor\guzzlehttp\guzzle\src\Handler\CurlFactory.php:360
Stack trace:
#0 C:\laragon\www\dentvira\public\leantime\vendor\guzzlehttp\guzzle\src\Handler\CurlFactory.php(290): GuzzleHttp\Handler\CurlFactory::createRejection(Object(GuzzleHttp\Handler\EasyHandle), Array)
#1 C:\laragon\www\dentvira\public\leantime\vendor\guzzlehttp\guzzle\src\Handler\CurlFactory.php(242): GuzzleHttp\Handler\CurlFactory::finishError(Object(GuzzleHttp\Handler\CurlHandler), Object(GuzzleHttp\Handler\EasyHandle), Object(GuzzleHttp\Handler\CurlFactory))
#2 C:\laragon\www\dentvira\public\leantime\vendor\guzzlehttp\guzzle\src\Handler\CurlHandler.php(47): GuzzleHttp\Handler\CurlFactory::finish(Object(GuzzleHttp\Handler\CurlHandler), Object(GuzzleHttp\Handler\EasyHandle), Object(GuzzleHttp\Handler\CurlFactory))
#3 C:\laragon\www\dentvira\public\leantime\vendor\guzzlehttp\guzzle\src\Handler\Proxy.php(28): GuzzleHttp\Handler\CurlHandler->__invoke(Object(GuzzleHttp\Psr7\Request), Array)
#4 C:\laragon\www\dentvira\public\leantime\vendor\guzzlehttp\guzzle\src\Handler\Proxy.php(48): GuzzleHttp\Handler\Proxy::{closure:GuzzleHttp\Handler\Proxy::wrapSync():27}(Object(GuzzleHttp\Psr7\Request), Array)
#5 C:\laragon\www\dentvira\public\leantime\vendor\guzzlehttp\guzzle\src\PrepareBodyMiddleware.php(35): GuzzleHttp\Handler\Proxy::{closure:GuzzleHttp\Handler\Proxy::wrapStreaming():47}(Object(GuzzleHttp\Psr7\Request), Array)
#6 C:\laragon\www\dentvira\public\leantime\vendor\guzzlehttp\guzzle\src\Middleware.php(31): GuzzleHttp\PrepareBodyMiddleware->__invoke(Object(GuzzleHttp\Psr7\Request), Array)
#7 C:\laragon\www\dentvira\public\leantime\vendor\guzzlehttp\guzzle\src\RedirectMiddleware.php(71): GuzzleHttp\Middleware::{closure:{closure:GuzzleHttp\Middleware::cookies():28}:29}(Object(GuzzleHttp\Psr7\Request), Array)
#8 C:\laragon\www\dentvira\public\leantime\vendor\guzzlehttp\guzzle\src\Middleware.php(66): GuzzleHttp\RedirectMiddleware->__invoke(Object(GuzzleHttp\Psr7\Request), Array)
#9 C:\laragon\www\dentvira\public\leantime\vendor\guzzlehttp\guzzle\src\HandlerStack.php(75): GuzzleHttp\Middleware::{closure:{closure:GuzzleHttp\Middleware::httpErrors():60}:61}(Object(GuzzleHttp\Psr7\Request), Array)
#10 C:\laragon\www\dentvira\public\leantime\vendor\guzzlehttp\guzzle\src\Client.php(342): GuzzleHttp\HandlerStack->__invoke(Object(GuzzleHttp\Psr7\Request), Array)
#11 C:\laragon\www\dentvira\public\leantime\vendor\guzzlehttp\guzzle\src\Client.php(173): GuzzleHttp\Client->transfer(Object(GuzzleHttp\Psr7\Request), Array)
#12 C:\laragon\www\dentvira\public\leantime\vendor\guzzlehttp\guzzle\src\Client.php(193): GuzzleHttp\Client->requestAsync('GET', Object(GuzzleHttp\Psr7\Uri), Array)
#13 C:\laragon\www\dentvira\public\leantime\app\Domain\Notifications\Services\News.php(95): GuzzleHttp\Client->request('GET', 'https://leantim...', Array)
#14 C:\laragon\www\dentvira\public\leantime\app\Domain\Notifications\Services\News.php(58): Leantime\Domain\Notifications\Services\News->getFeed()
#15 C:\laragon\www\dentvira\public\leantime\app\Domain\Notifications\Hxcontrollers\NewsBadge.php(37): Leantime\Domain\Notifications\Services\News->hasNews(1)
#16 C:\laragon\www\dentvira\public\leantime\app\Core\Controller\HtmxController.php(133): Leantime\Domain\Notifications\Hxcontrollers\NewsBadge->get(Array)
#17 C:\laragon\www\dentvira\public\leantime\app\Core\Controller\Frontcontroller.php(172): Leantime\Core\Controller\HtmxController->callAction('get', Array)
#18 C:\laragon\www\dentvira\public\leantime\app\Core\Controller\Frontcontroller.php(65): Leantime\Core\Controller\Frontcontroller->executeAction('Leantime\\Domain...', 'get')
#19 C:\laragon\www\dentvira\public\leantime\app\Core\Controller\Frontcontroller.php(75): Leantime\Core\Controller\Frontcontroller->dispatch(Object(Leantime\Core\Http\HtmxRequest))
#20 C:\laragon\www\dentvira\public\leantime\app\Core\Http\HttpKernel.php(216): Leantime\Core\Controller\Frontcontroller::dispatch_request(Object(Leantime\Core\Http\HtmxRequest))
#21 C:\laragon\www\dentvira\public\leantime\app\Core\Http\HttpKernel.php(173): Leantime\Core\Http\HttpKernel->findAndDispatchToRouter(Object(Leantime\Core\Http\HtmxRequest))
#22 C:\laragon\www\dentvira\public\leantime\vendor\laravel\framework\src\Illuminate\Pipeline\Pipeline.php(170): Leantime\Core\Http\HttpKernel->{closure:{closure:Leantime\Core\Http\HttpKernel::sendRequestThroughRouter():164}:173}(Object(Leantime\Core\Http\HtmxRequest))
#23 C:\laragon\www\dentvira\public\leantime\vendor\laravel\framework\src\Illuminate\Pipeline\Pipeline.php(127): Illuminate\Pipeline\Pipeline->{closure:Illuminate\Pipeline\Pipeline::prepareDestination():168}(Object(Leantime\Core\Http\HtmxRequest))
#24 C:\laragon\www\dentvira\public\leantime\app\Core\Http\HttpKernel.php(173): Illuminate\Pipeline\Pipeline->then(Object(Closure))
#25 C:\laragon\www\dentvira\public\leantime\vendor\laravel\framework\src\Illuminate\Pipeline\Pipeline.php(170): Leantime\Core\Http\HttpKernel->{closure:Leantime\Core\Http\HttpKernel::sendRequestThroughRouter():164}(Object(Leantime\Core\Http\HtmxRequest))
#26 C:\laragon\www\dentvira\public\leantime\app\Domain\Projects\Middleware\CurrentProject.php(41): Illuminate\Pipeline\Pipeline->{closure:Illuminate\Pipeline\Pipeline::prepareDestination():168}(Object(Leantime\Core\Http\HtmxRequest))
#27 C:\laragon\www\dentvira\public\leantime\vendor\laravel\framework\src\Illuminate\Pipeline\Pipeline.php(209): Leantime\Domain\Projects\Middleware\CurrentProject->handle(Object(Leantime\Core\Http\HtmxRequest), Object(Closure))
#28 C:\laragon\www\dentvira\public\leantime\app\Core\Middleware\Localization.php(46): Illuminate\Pipeline\Pipeline->{closure:{closure:Illuminate\Pipeline\Pipeline::carry():184}:185}(Object(Leantime\Core\Http\HtmxRequest))
#29 C:\laragon\www\dentvira\public\leantime\vendor\laravel\framework\src\Illuminate\Pipeline\Pipeline.php(209): Leantime\Core\Middleware\Localization->handle(Object(Leantime\Core\Http\HtmxRequest), Object(Closure))
#30 C:\laragon\www\dentvira\public\leantime\app\Core\Middleware\SetCacheHeaders.php(49): Illuminate\Pipeline\Pipeline->{closure:{closure:Illuminate\Pipeline\Pipeline::carry():184}:185}(Object(Leantime\Core\Http\HtmxRequest))
#31 C:\laragon\www\dentvira\public\leantime\vendor\laravel\framework\src\Illuminate\Pipeline\Pipeline.php(209): Leantime\Core\Middleware\SetCacheHeaders->handle(Object(Leantime\Core\Http\HtmxRequest), Object(Closure))
#32 C:\laragon\www\dentvira\public\leantime\vendor\laravel\framework\src\Illuminate\Foundation\Http\Middleware\TransformsRequest.php(21): Illuminate\Pipeline\Pipeline->{closure:{closure:Illuminate\Pipeline\Pipeline::carry():184}:185}(Object(Leantime\Core\Http\HtmxRequest))
#33 C:\laragon\www\dentvira\public\leantime\vendor\laravel\framework\src\Illuminate\Foundation\Http\Middleware\ConvertEmptyStringsToNull.php(31): Illuminate\Foundation\Http\Middleware\TransformsRequest->handle(Object(Leantime\Core\Http\HtmxRequest), Object(Closure))
#34 C:\laragon\www\dentvira\public\leantime\vendor\laravel\framework\src\Illuminate\Pipeline\Pipeline.php(209): Illuminate\Foundation\Http\Middleware\ConvertEmptyStringsToNull->handle(Object(Leantime\Core\Http\HtmxRequest), Object(Closure))
#35 C:\laragon\www\dentvira\public\leantime\vendor\laravel\framework\src\Illuminate\Foundation\Http\Middleware\TransformsRequest.php(21): Illuminate\Pipeline\Pipeline->{closure:{closure:Illuminate\Pipeline\Pipeline::carry():184}:185}(Object(Leantime\Core\Http\HtmxRequest))
#36 C:\laragon\www\dentvira\public\leantime\vendor\laravel\framework\src\Illuminate\Foundation\Http\Middleware\TrimStrings.php(51): Illuminate\Foundation\Http\Middleware\TransformsRequest->handle(Object(Leantime\Core\Http\HtmxRequest), Object(Closure))
#37 C:\laragon\www\dentvira\public\leantime\vendor\laravel\framework\src\Illuminate\Pipeline\Pipeline.php(209): Illuminate\Foundation\Http\Middleware\TrimStrings->handle(Object(Leantime\Core\Http\HtmxRequest), Object(Closure))
#38 C:\laragon\www\dentvira\public\leantime\vendor\laravel\framework\src\Illuminate\Http\Middleware\ValidatePostSize.php(27): Illuminate\Pipeline\Pipeline->{closure:{closure:Illuminate\Pipeline\Pipeline::carry():184}:185}(Object(Leantime\Core\Http\HtmxRequest))
#39 C:\laragon\www\dentvira\public\leantime\vendor\laravel\framework\src\Illuminate\Pipeline\Pipeline.php(209): Illuminate\Http\Middleware\ValidatePostSize->handle(Object(Leantime\Core\Http\HtmxRequest), Object(Closure))
#40 C:\laragon\www\dentvira\public\leantime\vendor\laravel\framework\src\Illuminate\Http\Middleware\HandleCors.php(49): Illuminate\Pipeline\Pipeline->{closure:{closure:Illuminate\Pipeline\Pipeline::carry():184}:185}(Object(Leantime\Core\Http\HtmxRequest))
#41 C:\laragon\www\dentvira\public\leantime\vendor\laravel\framework\src\Illuminate\Pipeline\Pipeline.php(209): Illuminate\Http\Middleware\HandleCors->handle(Object(Leantime\Core\Http\HtmxRequest), Object(Closure))
#42 C:\laragon\www\dentvira\public\leantime\app\Core\Middleware\RequestRateLimiter.php(75): Illuminate\Pipeline\Pipeline->{closure:{closure:Illuminate\Pipeline\Pipeline::carry():184}:185}(Object(Leantime\Core\Http\HtmxRequest))
#43 C:\laragon\www\dentvira\public\leantime\vendor\laravel\framework\src\Illuminate\Pipeline\Pipeline.php(209): Leantime\Core\Middleware\RequestRateLimiter->handle(Object(Leantime\Core\Http\HtmxRequest), Object(Closure))
#44 C:\laragon\www\dentvira\public\leantime\app\Core\Middleware\AuthenticateSession.php(34): Illuminate\Pipeline\Pipeline->{closure:{closure:Illuminate\Pipeline\Pipeline::carry():184}:185}(Object(Leantime\Core\Http\HtmxRequest))
#45 C:\laragon\www\dentvira\public\leantime\vendor\laravel\framework\src\Illuminate\Pipeline\Pipeline.php(209): Leantime\Core\Middleware\AuthenticateSession->handle(Object(Leantime\Core\Http\HtmxRequest), Object(Closure))
#46 C:\laragon\www\dentvira\public\leantime\app\Core\Middleware\AuthCheck.php(90): Illuminate\Pipeline\Pipeline->{closure:{closure:Illuminate\Pipeline\Pipeline::carry():184}:185}(Object(Leantime\Core\Http\HtmxRequest))
#47 C:\laragon\www\dentvira\public\leantime\vendor\laravel\framework\src\Illuminate\Pipeline\Pipeline.php(209): Leantime\Core\Middleware\AuthCheck->handle(Object(Leantime\Core\Http\HtmxRequest), Object(Closure))
#48 C:\laragon\www\dentvira\public\leantime\app\Core\Middleware\InitialHeaders.php(24): Illuminate\Pipeline\Pipeline->{closure:{closure:Illuminate\Pipeline\Pipeline::carry():184}:185}(Object(Leantime\Core\Http\HtmxRequest))
#49 C:\laragon\www\dentvira\public\leantime\vendor\laravel\framework\src\Illuminate\Pipeline\Pipeline.php(209): Leantime\Core\Middleware\InitialHeaders->handle(Object(Leantime\Core\Http\HtmxRequest), Object(Closure))
#50 C:\laragon\www\dentvira\public\leantime\app\Core\Middleware\LoadPlugins.php(32): Illuminate\Pipeline\Pipeline->{closure:{closure:Illuminate\Pipeline\Pipeline::carry():184}:185}(Object(Leantime\Core\Http\HtmxRequest))
#51 C:\laragon\www\dentvira\public\leantime\vendor\laravel\framework\src\Illuminate\Pipeline\Pipeline.php(209): Leantime\Core\Middleware\LoadPlugins->handle(Object(Leantime\Core\Http\HtmxRequest), Object(Closure))
#52 C:\laragon\www\dentvira\public\leantime\app\Core\Middleware\Updated.php(28): Illuminate\Pipeline\Pipeline->{closure:{closure:Illuminate\Pipeline\Pipeline::carry():184}:185}(Object(Leantime\Core\Http\HtmxRequest))
#53 C:\laragon\www\dentvira\public\leantime\vendor\laravel\framework\src\Illuminate\Pipeline\Pipeline.php(209): Leantime\Core\Middleware\Updated->handle(Object(Leantime\Core\Http\HtmxRequest), Object(Closure))
#54 C:\laragon\www\dentvira\public\leantime\app\Core\Middleware\Installed.php(30): Illuminate\Pipeline\Pipeline->{closure:{closure:Illuminate\Pipeline\Pipeline::carry():184}:185}(Object(Leantime\Core\Http\HtmxRequest))
#55 C:\laragon\www\dentvira\public\leantime\vendor\laravel\framework\src\Illuminate\Pipeline\Pipeline.php(209): Leantime\Core\Middleware\Installed->handle(Object(Leantime\Core\Http\HtmxRequest), Object(Closure))
#56 C:\laragon\www\dentvira\public\leantime\app\Core\Middleware\StartSession.php(134): Illuminate\Pipeline\Pipeline->{closure:{closure:Illuminate\Pipeline\Pipeline::carry():184}:185}(Object(Leantime\Core\Http\HtmxRequest))
#57 C:\laragon\www\dentvira\public\leantime\app\Core\Middleware\StartSession.php(83): Leantime\Core\Middleware\StartSession->handleOptimisticRequest(Object(Leantime\Core\Http\HtmxRequest), Object(Illuminate\Session\Store), Object(Closure))
#58 C:\laragon\www\dentvira\public\leantime\vendor\laravel\framework\src\Illuminate\Pipeline\Pipeline.php(209): Leantime\Core\Middleware\StartSession->handle(Object(Leantime\Core\Http\HtmxRequest), Object(Closure))
#59 C:\laragon\www\dentvira\public\leantime\app\Core\Middleware\TrustProxies.php(65): Illuminate\Pipeline\Pipeline->{closure:{closure:Illuminate\Pipeline\Pipeline::carry():184}:185}(Object(Leantime\Core\Http\HtmxRequest))
#60 C:\laragon\www\dentvira\public\leantime\vendor\laravel\framework\src\Illuminate\Pipeline\Pipeline.php(209): Leantime\Core\Middleware\TrustProxies->handle(Object(Leantime\Core\Http\HtmxRequest), Object(Closure))
#61 C:\laragon\www\dentvira\public\leantime\vendor\laravel\framework\src\Illuminate\Pipeline\Pipeline.php(127): Illuminate\Pipeline\Pipeline->{closure:{closure:Illuminate\Pipeline\Pipeline::carry():184}:185}(Object(Leantime\Core\Http\HtmxRequest))
#62 C:\laragon\www\dentvira\public\leantime\app\Core\Http\HttpKernel.php(164): Illuminate\Pipeline\Pipeline->then(Object(Closure))
#63 C:\laragon\www\dentvira\public\leantime\app\Core\Http\HttpKernel.php(121): Leantime\Core\Http\HttpKernel->sendRequestThroughRouter(Object(Leantime\Core\Http\HtmxRequest))
#64 C:\laragon\www\dentvira\public\leantime\app\Core\Bootloader.php(79): Leantime\Core\Http\HttpKernel->handle(Object(Leantime\Core\Http\HtmxRequest))
#65 C:\laragon\www\dentvira\public\leantime\app\Core\Bootloader.php(60): Leantime\Core\Bootloader->handleRequest(Object(Leantime\Core\Http\HtmxRequest))
#66 C:\laragon\www\dentvira\public\leantime\public\index.php(20): Leantime\Core\Bootloader->boot(Object(Leantime\Core\Application))
#67 {main}  
[2026-10-02 19:16:46] production.INFO: Cron Schedule Output: 
  2026-10-02 19:16:46 Running [queue:emails] ................................. 10.24ms DONE

  
[2026-10-02 19:19:35] production.INFO: Cron Schedule Output: 
  2026-10-02 19:19:35 Running [queue:emails] ................................. 19.42ms DONE

  
[2026-10-02 19:24:18] production.INFO: Cron Schedule Output: 
  2026-10-02 19:24:18 Running [queue:emails] ................................. 10.11ms DONE

  
[2026-10-02 19:28:51] production.INFO: Cron Schedule Output: 
  2026-10-02 19:28:51 Running [queue:emails] .................................. 9.14ms DONE

  
[2026-10-02 19:28:59] production.INFO: Cron Schedule Output: 
  2026-10-02 19:28:59 Running [queue:emails] .................................. 9.62ms DONE

  
[2026-10-02 19:29:04] production.INFO: Cron Schedule Output: 
  2026-10-02 19:29:04 Running [queue:emails] ................................. 11.53ms DONE

  
[2026-10-02 19:29:07] production.INFO: Cron Schedule Output: 
  2026-10-02 19:29:07 Running [queue:emails] ................................. 10.46ms DONE

  
[2026-10-02 19:29:14] production.INFO: Cron Schedule Output: 
  2026-10-02 19:29:14 Running [queue:emails] ................................. 10.85ms DONE

  
[2026-10-02 19:29:22] production.INFO: Cron Schedule Output: 
  2026-10-02 19:29:22 Running [queue:emails] ................................. 10.45ms DONE

  
[2026-10-02 19:29:32] production.INFO: Cron Schedule Output: 
  2026-10-02 19:29:32 Running [queue:emails] ................................. 10.71ms DONE

  
[2026-10-02 19:29:34] production.INFO: Cron Schedule Output: 
  2026-10-02 19:29:34 Running [queue:emails] ................................. 12.27ms DONE

  
[2026-10-02 19:29:42] production.INFO: Cron Schedule Output: 
  2026-10-02 19:29:42 Running [queue:emails] ................................. 11.83ms DONE

  
[2026-10-02 19:34:43] production.INFO: Cron Schedule Output: 
  2026-10-02 19:34:43 Running [queue:emails] .................................. 9.10ms DONE

  
